sample_id,source_id,category_label,label_quality,file_path,duration_s,full_duration_s,sample_rate_hz,rms,zero_crossing_rate,spectral_centroid_hz,spectral_rolloff_hz,spectral_bandwidth_hz,spectral_flatness,dominant_freq_hz,harmonicity,low_band_ratio,mid_band_ratio,high_band_ratio,envelope_mean,envelope_std,dominant_mod_hz,transient_density,inter_event_interval_s,spectral_flux,roughness,narrowband_index,safe_archetype_tag,pca_x,pca_y,cluster_id
hf_wmms_parquet_5debd9f8c55e,hf_wmms_parquet,marine_mammal_other,exact,/mnt/data/subsim/dataset/hydrophone/raw/hf_wmms_parquet/atlantic_spotted_dolphin/6102500f_5debd9f8c55e.wav,1.166469,1.166469,60600,0.0022112366277724,0.3919249649864897,12500.713027387495,17826.575425091916,5601.789219368877,0.2415957748889923,9439.160156250002,69.29289245605469,6.714992196066305e-05,0.0001992426259675,0.9997333884239196,0.1774438470602035,0.1446544677019119,0.8572883657763695,14.57390221819828,0.0609240924092409,5.275505259305646e-07,0.0002385771468625,0.7584042251110077,,4.990137778300671,0.1995838085393646,5
hf_wmms_parquet_d970eee70ac3,hf_wmms_parquet,marine_mammal_whale,exact,/mnt/data/subsim/dataset/hydrophone/raw/hf_wmms_parquet/melon_headed_whale/9101200c_d970eee70ac3.wav,1.890613,1.890613,81920,0.0412157662212848,0.1284107491057477,3757.653688794053,8056.8,4322.464752417446,0.0342621318995952,120.0,452.0398559570313,0.1017176061868667,0.2516658306121826,0.6466166377067566,0.1293234676122665,0.0702256634831428,3.7025032444682617,14.81001297787305,0.062060546875,0.000109870074084,0.0026657292622312,0.9657378681004049,,0.7206648823061204,0.22350753724799546,5
hf_wmms_parquet_14b0dc977ddc,hf_wmms_parquet,marine_mammal_other,exact,/mnt/data/subsim/dataset/hydrophone/raw/hf_wmms_parquet/pantropical_spotted_dolphin/9300100d_14b0dc977ddc.wav,1.244884,1.244884,60600,0.0185969173908233,0.1755590609631623,4741.564878870074,7030.053710937502,2942.9143879813328,0.0346176922321319,2100.8789062500005,189.3868865966797,8.172208254109137e-06,0.0001682751608313,0.9998236298561096,0.1074895337224006,0.0608755052089691,0.803287380699894,16.065747613997882,0.0588778877887788,1.961583802767564e-05,0.0010547897597426,0.965382307767868,,1.8639420591185154,-0.10590044677634905,5
hf_wmms_parquet_929c3eaf22ae,hf_wmms_parquet,marine_mammal_other,exact,/mnt/data/subsim/dataset/hydrophone/raw/hf_wmms_parquet/ross_seal/66002a05_929c3eaf22ae.wav,1.775937,1.775937,16000,0.0166780967265367,0.1528471880059125,635.1036529498623,1390.5882352941176,1231.1943588874487,0.0445231013000011,30.0,3692.50537109375,0.7369996309280396,0.1603512316942215,0.1026491299271583,0.1377380937337875,0.1155173704028129,3.378497272567306,15.203237726552878,0.0650625,4.452243956620805e-05,0.0026695156104172,0.9554768986999987,,-1.4366421223191792,-0.6133887142359133,3
hf_wmms_parquet_dbb347ea7ac3,hf_wmms_parquet,marine_mammal_other,exact,/mnt/data/subsim/dataset/hydrophone/raw/hf_wmms_parquet/white_beaked_dolphin/7200500g_dbb347ea7ac3.wav,1.400116,1.400116,60600,0.0024804708082228,0.1935742403884685,4575.32121359998,7266.681134259261,4767.221114596446,0.1290100365877151,2278.4179687500005,206.44110107421875,0.0419632047414779,0.0094400653615593,0.9485965371131896,0.2113839089870453,0.1135453432798385,1.4284535693660354,15.712989263026389,0.0568151815181518,4.734476419798739e-07,0.0001908700720119,0.8709899634122849,,1.972794718917298,-0.14553051883988277,5
hf_wmms_parquet_746b9f6a4274,hf_wmms_parquet,marine_mammal_whale,exact,/mnt/data/subsim/dataset/hydrophone/raw/hf_wmms_parquet/short_finned_pacific_pilot_whale/5702100d_746b9f6a4274.wav,0.698167,0.698167,30000,0.0434424690902233,0.2346256684491978,3338.4779355272826,4452.354029605263,1517.8100900091133,0.0506786108016967,3383.7890625,916.6597900390624,4.436065410118317e-06,0.02484623901546,0.9751492738723756,0.2148240953683853,0.1642613559961319,2.86464550011936,15.75555025065648,0.0662333333333333,0.0003633187734521,0.0083632164803817,0.9493213891983032,,0.7941116125137647,1.2819721849836347,5
hf_wmms_parquet_f1610dcc1896,hf_wmms_parquet,marine_mammal_other,exact,/mnt/data/subsim/dataset/hydrophone/raw/hf_wmms_parquet/clymene_dolphin/8300604p_f1610dcc1896.wav,1.323966,1.323966,41600,0.0453502759337425,0.4839676083956714,8525.986792019065,13419.921875,4950.543688209741,0.0974233672022819,12187.5,262.4561462402344,0.0027954233810305,0.0305387489497661,0.9666659235954284,0.09553062915802,0.0816757827997207,0.7553062076728942,15.106124153457886,0.0567307692307692,0.0003166045353282,0.0069813144198683,0.902576632797718,,4.527524060262893,1.0141889767013772,5
hf_wmms_parquet_c850732e390d,hf_wmms_parquet,marine_mammal_whale,exact,/mnt/data/subsim/dataset/hydrophone/raw/hf_wmms_parquet/humpback_whale/92201007_c850732e390d.wav,12.787114,12.787114,14900,0.0294698346406221,0.194345158428989,1177.6446069213562,2455.6299212598424,1300.3031004660943,0.1217629462480545,380.0,19618.392578125,0.0056781340390443,0.9308026432991028,0.0635192170739173,0.1236012354493141,0.1968375891447067,0.5000000000000001,4.53581625797783,0.06248322147651,0.0001168103190138,0.0039637249558541,0.8782370537519455,,-1.9586285223886093,0.02230047350080101,4
hf_wmms_parquet_1ecc6a936495,hf_wmms_parquet,marine_mammal_other,exact,/mnt/data/subsim/dataset/hydrophone/raw/hf_wmms_parquet/grampus_rissos_dolphin/5902900s_1ecc6a936495.wav,0.509363,0.509363,81920,0.0673362836241722,0.1183434788860662,3946.023304788489,6563.076923076923,3089.3487866825108,0.0067815543152391,920.0,2242.18505859375,3.048357575607952e-05,0.120138294994831,0.8798312544822693,0.0872457027435302,0.1051703989505767,1.9632372324873584,15.705897859898869,0.0715087890625,0.0002306335081811,0.0034251000465814,0.9932184456847608,,0.7839856879251462,0.7917352686809033,5
hf_wmms_parquet_9574e023956b,hf_wmms_parquet,marine_mammal_orca,exact,/mnt/data/subsim/dataset/hydrophone/raw/hf_wmms_parquet/killer_whale/64020003_9574e023956b.wav,1.415625,1.415625,20480,0.0453442819416523,0.1938877582698078,1911.20311086128,3188.1481481481483,1411.6417160276771,0.0653987452387809,610.0,878.43017578125,0.0009699877118691,0.2099252939224243,0.7891048192977905,0.3659085035324096,0.2850664854049682,0.706401766004415,12.008830022075056,0.058251953125,0.0003484664484858,0.0076849038854901,0.934601254761219,,-0.9743263702445071,2.2679570113145395,4
hf_wmms_parquet_020e291d52bf,hf_wmms_parquet,marine_mammal_other,exact,/mnt/data/subsim/dataset/hydrophone/raw/hf_wmms_parquet/common_dolphin/7500304q_020e291d52bf.wav,0.220699,0.220699,81600,0.0121418731287121,0.2283984895601954,7324.090734539202,14338.76953125,8113.81010513722,0.0181923583149909,9761.71875,5575.1552734375,0.1872360110282898,0.0315588861703872,0.7812050580978394,0.2915339469909668,0.1854889839887619,4.531067799433616,18.124271197734465,0.0683088235294117,3.0455918022198603e-05,0.0025083376919554,0.981807641685009,,2.515630280121582,2.047547979976945,5
hf_wmms_parquet_0532ae759abe,hf_wmms_parquet,marine_mammal_other,exact,/mnt/data/subsim/dataset/hydrophone/raw/hf_wmms_parquet/grampus_rissos_dolphin/8500900t_0532ae759abe.wav,0.384375,0.384375,81920,0.0682754889130592,0.2907549147267126,11902.404232602184,21321.379310344822,9183.552420713728,0.1924133896827697,24200.0,29.33311080932617,0.025833124294877,0.0990971997380256,0.8750697374343872,0.0936770364642143,0.0905654951930046,2.6016260162601625,15.609756097560975,0.05302734375,0.0002273330755997,0.0033296440525808,0.8075866103172302,,6.091820730191083,1.80841656145894,1
hf_wmms_parquet_2957192fe60e,hf_wmms_parquet,marine_mammal_whale,exact,/mnt/data/subsim/dataset/hydrophone/raw/hf_wmms_parquet/sperm_whale/7702800u_2957192fe60e.wav,0.939844,0.939844,81920,0.1287904232740402,0.1366913015807042,4801.565607068451,7592.432432432432,3790.051082958032,0.0160319805145263,4560.0,2652.666015625,0.1022296547889709,0.0263006705790758,0.8714696764945984,0.1833442002534866,0.1430542171001434,1.0640066500415626,10.640066500415628,0.0778076171875,0.0025082433130592,0.0194753868282791,0.9839680194854736,,0.35086130128213655,4.0939592702963195,2
hf_wmms_parquet_1c5aad235016,hf_wmms_parquet,marine_mammal_other,exact,/mnt/data/subsim/dataset/hydrophone/raw/hf_wmms_parquet/walrus/72014005_1c5aad235016.wav,1.125,1.125,10240,0.0126509070396423,0.0801284833752929,319.6847619034057,541.4285714285714,348.9693959610489,0.01540660392493,420.0,2301.01123046875,0.5178664326667786,0.4402621388435364,0.0418715104460716,0.1802068054676056,0.1132164001464843,3.555555555555556,14.22222222222222,0.06396484375,2.9212829758762385e-05,0.0023091490329438,0.98459339607507,,-2.2577237747519403,-0.3962208349845748,4
hf_wmms_parquet_f69aa6ff04fe,hf_wmms_parquet,marine_mammal_whale,exact,/mnt/data/subsim/dataset/hydrophone/raw/hf_wmms_parquet/melon_headed_whale/91012047_f69aa6ff04fe.wav,0.244336,0.244336,81920,0.0524916313588619,0.1773669747689233,6468.842382060042,13113.333333333334,5855.589736873165,0.0388207994401454,80.0,83.3218002319336,0.0931117236614227,0.1337073296308517,0.7731809020042419,0.2372245788574218,0.1332014054059982,4.092725819344524,16.370903277378098,0.05902099609375,0.0001416275626979,0.0026980979449282,0.9611792005598544,,1.5469579217689484,1.3765580250830447,5
hf_wmms_parquet_072361049d90,hf_wmms_parquet,marine_mammal_other,exact,/mnt/data/subsim/dataset/hydrophone/raw/hf_wmms_parquet/ross_seal/6608500n_072361049d90.wav,2.3142,2.3142,20000,0.0659902319312095,0.1780567378951234,1438.8175011798637,2592.222222222222,1147.7742153568122,0.0585503578186035,730.0,1457.277587890625,0.0069117126986384,0.6890691518783569,0.3040192425251007,0.0507456436753273,0.049004927277565,0.5,15.556131708581798,0.0597,0.0004811339313164,0.0072909871238321,0.9414496421813964,,-0.46053522194260094,-0.2466964825772383,4
hf_wmms_parquet_ca98cc5a3aec,hf_wmms_parquet,marine_mammal_whale,exact,/mnt/data/subsim/dataset/hydrophone/raw/hf_wmms_parquet/fin_finback_whale/6106400d_ca98cc5a3aec.wav,20.0,31.403333,600,0.004613188561052,0.2406867238936578,66.5157192227803,117.8679435483871,44.31361216291361,0.129822552204132,18.75,1097.2276611328125,0.9986395835876464,0.0013600520323961,0.0,0.0923762843012809,0.1443721354007721,0.5,10.4,0.0816666666666666,3.56528653355781e-06,0.0007728464782223,0.8701774477958679,,-1.593445446731792,-1.516560605473968,3
hf_wmms_parquet_efabc6974ea6,hf_wmms_parquet,marine_mammal_other,exact,/mnt/data/subsim/dataset/hydrophone/raw/hf_wmms_parquet/spinner_dolphin/71001014_efabc6974ea6.wav,0.990425,0.990425,80000,0.036900345236063,0.1777668395744197,5409.652199929641,12333.470394736842,5950.422953290826,0.0586452297866344,78.125,2091.087646484375,0.4821965396404266,0.0546422190964221,0.4631612300872803,0.0844469740986824,0.0451159887015819,6.058005401721484,15.145013504303709,0.0705875,0.0001560551754664,0.0042290979789999,0.9413547702133656,,1.4043842514398026,-0.033560386060493844,5
hf_wmms_parquet_b445b3fde312,hf_wmms_parquet,marine_mammal_other,exact,/mnt/data/subsim/dataset/hydrophone/raw/hf_wmms_parquet/spinner_dolphin/7100103g_b445b3fde312.wav,20.0,57.361634,60600,0.024966238066554,0.1250487830435503,3887.745998730144,8890.446294019672,5079.011528122831,0.1000388637185096,29.589843750000004,571.1663208007812,0.5078972578048706,0.060076218098402,0.4320265054702759,0.1088344156742096,0.0682690739631652,0.5000000000000001,15.1,0.0626072607260726,4.008554242318496e-05,0.0016055900097852,0.8999611362814903,,0.879498620268139,-0.46209816549471944,3
hf_wmms_parquet_596418d361b3,hf_wmms_parquet,marine_mammal_other,exact,/mnt/data/subsim/dataset/hydrophone/raw/hf_wmms_parquet/spinner_dolphin/7101001e_596418d361b3.wav,1.430525,1.430525,80000,0.0193763226270675,0.2458209907288471,8516.57015701618,12332.386363636364,5644.697802684265,0.1143450140953064,39.0625,858.4647827148438,0.311882346868515,0.0276533607393503,0.6604642271995544,0.1634470671415329,0.0952309295535087,1.3980881145034163,16.07801331678929,0.05538125,5.525187953026034e-05,0.0028515152534787,0.8856549859046936,,2.392681589105535,0.16338138021044551,5
hf_wmms_parquet_fa28698d0108,hf_wmms_parquet,marine_mammal_whale,exact,/mnt/data/subsim/dataset/hydrophone/raw/hf_wmms_parquet/northern_right_whale/81015005_fa28698d0108.wav,3.200067,3.200067,14900,0.0157773997634649,0.1978607382550335,1055.8346728453178,2232.6984126984125,1402.1911458780662,0.1381252259016037,470.0,1332.6746826171875,0.063021495938301,0.8256404399871826,0.1113379001617431,0.1539313644170761,0.1407056450843811,0.5000000000000001,14.374698517229085,0.0606040268456375,3.937300425604917e-05,0.0024955318901615,0.8618747740983963,,-1.0619431859647102,-0.8884063657135522,4
hf_wmms_parquet_3c61d53837f2,hf_wmms_parquet,marine_mammal_other,exact,/mnt/data/subsim/dataset/hydrophone/raw/hf_wmms_parquet/rough_toothed_dolphin/85014001_3c61d53837f2.wav,1.353113,1.353113,81920,0.0277634598314762,0.0856232971870883,2782.048618291261,4349.906542056075,4135.25589091426,0.0291521977633237,40.0,4694.39453125,0.5686002373695374,0.0231690257787704,0.4082306325435638,0.1824206411838531,0.1105297356843948,1.4780733804252708,16.258807184677977,0.062109375,0.0001672656362643,0.0060246682968773,0.9708478022366762,,-0.36980772101822107,0.5462233358765322,3
hf_wmms_parquet_28e826198daf,hf_wmms_parquet,marine_mammal_whale,exact,/mnt/data/subsim/dataset/hydrophone/raw/hf_wmms_parquet/northern_right_whale/56017008_28e826198daf.wav,1.632941,1.632941,10200,0.0562909916043281,0.059201441008706,227.29949027374212,411.61290322580646,258.56553916915266,0.0069094845093786,150.0,57335.6484375,0.8676862716674805,0.1273020207881927,0.0050116754136979,0.23845836520195,0.1867832690477371,0.612391930835735,9.798270893371756,0.0651960784313725,0.0003541402693372,0.0062912423327021,0.9930905154906212,,-3.224150224975542,1.3235448146066517,4
hf_wmms_parquet_ca3010786616,hf_wmms_parquet,marine_mammal_whale,exact,/mnt/data/subsim/dataset/hydrophone/raw/hf_wmms_parquet/short_finned_pacific_pilot_whale/91005015_ca3010786616.wav,4.422,4.422,40000,0.0083414856344461,0.3044510654176018,6139.676672558167,9800.80409356725,3566.13610238636,0.2154156416654586,3203.125,7.518256187438965,0.0021392167545855,0.00277511915192,0.9950856566429138,0.0418102480471134,0.0289719216525554,4.5,14.92537313432836,0.0609,3.815282980212942e-06,0.0004573865072668,0.7845843583345413,,3.4940875616483065,-1.6254491481414854,7
hf_wmms_parquet_1eca15f487d5,hf_wmms_parquet,marine_mammal_other,exact,/mnt/data/subsim/dataset/hydrophone/raw/hf_wmms_parquet/common_dolphin/75003052_1eca15f487d5.wav,2.149216,2.149216,81600,0.0084672700613737,0.2577448325017819,7921.650028720738,18865.546875,10130.716954993686,0.0252100881189107,39.84375,1822.0125732421875,0.4283992052078247,0.0713593065738678,0.5002414584159851,0.1882266700267791,0.1135081723332405,0.5,15.81972447769364,0.0595343137254901,9.37776258069789e-06,0.0011075308229945,0.9747899118810892,,2.6583524995856016,0.9846147193283303,5
hf_wmms_parquet_e75ed68394e9,hf_wmms_parquet,marine_mammal_whale,exact,/mnt/data/subsim/dataset/hydrophone/raw/hf_wmms_parquet/melon_headed_whale/9101202b_e75ed68394e9.wav,1.809363,1.809363,81920,0.0700962841510772,0.180499520988787,6165.153644400499,11993.566433566431,6353.830973021196,0.0622369982302188,120.0,103.42202758789062,0.0960839018225669,0.1844054758548736,0.7195106148719788,0.0968022346496582,0.0532684363424778,1.65804227414099,16.02774198336291,0.06121826171875,0.0003017951967194,0.00430543787549,0.9377630017697812,,2.057411703713452,0.6392095962099028,5
hf_wmms_parquet_621218daa005,hf_wmms_parquet,marine_mammal_other,exact,/mnt/data/subsim/dataset/hydrophone/raw/hf_wmms_parquet/spinner_dolphin/7100300g_621218daa005.wav,1.890613,1.890613,81920,0.0155035173520445,0.1365139012642208,2890.7424213664217,5244.8,6961.99837673389,0.0343005508184433,40.0,10384.91796875,0.7465516328811646,0.1019470542669296,0.1515012979507446,0.261640340089798,0.1398214697837829,12.16536780325286,14.281083942949012,0.06820068359375,4.226385135552846e-05,0.0027260814686822,0.9656994491815568,,-0.8020777907637687,0.4981708223235682,0
hf_wmms_parquet_51d36b9eea07,hf_wmms_parquet,marine_mammal_other,exact,/mnt/data/subsim/dataset/hydrophone/raw/hf_wmms_parquet/atlantic_spotted_dolphin/6102603v_51d36b9eea07.wav,1.4835,1.4835,80000,0.098759189248085,0.1524953867154256,5280.415602353086,6791.392543859649,3116.2955989781776,0.0089255655184388,39.0625,4312.97216796875,0.0706609264016151,0.0013373158872127,0.928001880645752,0.0941000655293464,0.1160662397742271,0.6740815638692281,6.740815638692282,0.0690125,0.0009566302760504,0.0096864938171744,0.9910744344815612,,0.5086480780560588,2.172969021493091,5
hf_wmms_parquet_7c91b6ee0e84,hf_wmms_parquet,marine_mammal_other,exact,/mnt/data/subsim/dataset/hydrophone/raw/hf_wmms_parquet/white_beaked_dolphin/72005008_7c91b6ee0e84.wav,2.436931,2.436931,60600,0.0027874391525983,0.2456442099988488,6261.6695084736175,11833.661358173078,5473.131802294735,0.1680864244699478,2160.0585937500005,47.54387283325195,0.0354765206575393,0.0075022233650088,0.9570209980010986,0.2040859162807464,0.113490030169487,0.5000000000000001,15.183033356356397,0.0606518151815181,4.7202661335177254e-07,0.0001693405980691,0.8319135755300522,,2.80135724314891,-0.1848249060231763,5
hf_wmms_parquet_0266d69f3ac3,hf_wmms_parquet,marine_mammal_other,exact,/mnt/data/subsim/dataset/hydrophone/raw/hf_wmms_parquet/spinner_dolphin/7100801e_0266d69f3ac3.wav,1.317475,1.317475,80000,0.0276781786233186,0.270757232179284,10786.98019585593,14122.4474009901,5108.1450595830365,0.1309359669685363,11757.8125,237.51763916015625,0.0347184054553508,0.0072326730005443,0.9580489993095398,0.0771920457482338,0.0520017519593238,0.7590276855348298,16.698609081766257,0.0597625,0.000195358734345,0.0070582221827782,0.8690640330314636,,4.387358449922166,0.6701773152508542,5
hf_wmms_parquet_dec61d5a5f77,hf_wmms_parquet,marine_mammal_other,exact,/mnt/data/subsim/dataset/hydrophone/raw/hf_wmms_parquet/atlantic_spotted_dolphin/6102500b_dec61d5a5f77.wav,1.222706,1.222706,60600,0.0024761548265814,0.4173426007152979,13845.967356491165,19159.215448943665,5602.332124496179,0.2803293466567993,13818.457031250002,36.46424865722656,6.036545528331772e-05,0.0001591874897712,0.9997801780700684,0.0883504748344421,0.0854860544204711,3.271431656229756,15.539300367091345,0.0617986798679868,5.671626013281639e-07,0.0002290497326785,0.7196706533432007,,6.112544403714759,-0.44494192788406756,5
hf_wmms_parquet_9445c8926bb2,hf_wmms_parquet,marine_mammal_other,exact,/mnt/data/subsim/dataset/hydrophone/raw/hf_wmms_parquet/clymene_dolphin/8300604s_9445c8926bb2.wav,20.0,20.759455,60600,0.0416476801037788,0.0352607551656395,858.7511082197278,1602.1323266973354,1604.425976447641,0.0160044841468334,29.589843750000004,46301.95703125,0.9694435000419616,0.0073075713589787,0.0232487972825765,0.1074083596467971,0.0769900605082511,0.5000000000000001,13.95,0.0681765676567656,0.0003551638801582,0.0085278190589411,0.9839955158531666,,-1.9912072004238115,0.23021651958858907,3
hf_wmms_parquet_7c1c35914bce,hf_wmms_parquet,marine_mammal_other,exact,/mnt/data/subsim/dataset/hydrophone/raw/hf_wmms_parquet/narwhal/75014016_7c1c35914bce.wav,1.417969,1.417969,81920,0.0912680923938751,0.2391032980655825,7977.770529651578,17286.785714285714,8220.050003712715,0.1096548438072204,40.0,124.16017150878906,0.0693258866667747,0.0836371779441833,0.8470369577407837,0.1509392857551574,0.0963826403021812,1.4104683195592287,14.8099173553719,0.068560791015625,0.000535920204129,0.0058719338825488,0.8903451561927795,,2.958484281031297,1.5252862667378682,5
hf_wmms_parquet_41822e2db13b,hf_wmms_parquet,marine_mammal_whale,exact,/mnt/data/subsim/dataset/hydrophone/raw/hf_wmms_parquet/bowhead_whale/8800600h_41822e2db13b.wav,5.3667,5.3667,10000,0.0288429353386163,0.1539149554652852,626.7812916253029,996.4150943396228,547.9164210893466,0.0674236938357353,600.0,1369.2464599609375,0.0210602991282939,0.8732021450996399,0.1057375818490982,0.1492099910974502,0.1374178230762481,0.5,9.689380811299309,0.0683,0.0001202282510348,0.0041683777888488,0.9325763061642648,,-2.004858752835981,-0.20535479586846547,4
hf_wmms_parquet_19091c1ab3a9,hf_wmms_parquet,marine_mammal_other,exact,/mnt/data/subsim/dataset/hydrophone/raw/hf_wmms_parquet/frasers_dolphin/9101301n_19091c1ab3a9.wav,20.0,28.834851,60600,0.1192434951663017,0.2315868247416045,5023.3940626025205,9645.337781567265,5592.015587887787,0.1100487634539604,59.17968750000001,431.3273315429688,0.3382272124290466,0.1781978458166122,0.4835750162601471,0.1425147056579589,0.0963829085230827,0.5000000000000001,14.5,0.0649504950495049,0.0017119164112955,0.0143564762915886,0.8899512365460396,,0.9962455159388632,2.0919332997710183,5
hf_wmms_parquet_a2f47bb6f9f1,hf_wmms_parquet,marine_mammal_other,exact,/mnt/data/subsim/dataset/hydrophone/raw/hf_wmms_parquet/common_dolphin/7500303y_a2f47bb6f9f1.wav,1.473529,1.473529,81600,0.0148903261870145,0.2998361596486997,10111.92104456936,18110.014816810344,8044.669055729103,0.0789818093180656,10797.65625,238.7309112548828,0.0591869875788688,0.0231669526547193,0.917646050453186,0.0515382960438728,0.0539354011416435,0.6786427145708583,14.93013972055888,0.0704779411764705,3.5563494748203084e-05,0.00238836237025,0.9210181906819344,,4.703375167851167,0.584175409377907,5
hf_wmms_parquet_445214a017ad,hf_wmms_parquet,marine_mammal_whale,exact,/mnt/data/subsim/dataset/hydrophone/raw/hf_wmms_parquet/short_finned_pacific_pilot_whale/9100501t_445214a017ad.wav,0.5432,0.5432,40000,0.0107706217095255,0.3132507939430202,5759.9563527476175,8822.265625,3226.037187168118,0.1287655532360077,1875.0,19.138166427612305,0.0013034663861617,0.0027596319559961,0.995936930179596,0.1928271800279617,0.1068485975265502,1.840942562592047,16.568483063328422,0.06255,9.552662049827632e-06,0.0008869183512862,0.8712344467639923,,2.49607381472291,-0.29656970746809685,5
hf_wmms_parquet_483c3ee902f3,hf_wmms_parquet,marine_mammal_other,exact,/mnt/data/subsim/dataset/hydrophone/raw/hf_wmms_parquet/common_dolphin/7500304l_483c3ee902f3.wav,2.977414,2.977414,81600,0.0552046746015548,0.2365613526729119,8867.842787243195,14378.697695974575,6262.277498238357,0.0163133274763822,8446.875,2776.76806640625,0.0307981483638286,0.0014466714346781,0.967755138874054,0.220689907670021,0.2025738060474395,0.5,10.747580847639703,0.0576838235294117,0.0006538318120874,0.0118437762163204,0.9836866725236176,,2.4190896809354285,3.5087385105459794,5
hf_wmms_parquet_7cbf30603cd9,hf_wmms_parquet,marine_mammal_other,exact,/mnt/data/subsim/dataset/hydrophone/raw/hf_wmms_parquet/harp_seal/6701000b_7cbf30603cd9.wav,0.708984,0.708984,10240,0.0788006708025932,0.095880975340956,405.30557553015376,595.3846153846154,295.11457227872745,0.0116216177120804,570.0,205770.171875,0.0145153310149908,0.9797550439834596,0.005729854106903,0.2044340223073959,0.268954187631607,1.4104683195592287,12.694214876033058,0.07373046875,0.0019931031856685,0.0252929723229932,0.9883783822879196,,-3.9495097495682754,3.8041305934489134,6
hf_wmms_parquet_2407364c3b21,hf_wmms_parquet,marine_mammal_orca,exact,/mnt/data/subsim/dataset/hydrophone/raw/hf_wmms_parquet/false_killer_whale/61023018_2407364c3b21.wav,1.059363,1.059363,81920,0.0301134642213583,0.2726717522066788,10720.803767439247,16697.831325301206,6806.648425921296,0.1265833079814911,17640.0,39.91456604003906,1.2227763363625854e-05,0.0138943316414952,0.9860933423042296,0.0182362981140613,0.0472969412803649,0.943963679522487,9.439636795224873,0.05736083984375,4.712840745924041e-05,0.0015650277600492,0.8734166920185089,,5.031189333221446,0.7835754179080507,5
hf_wmms_parquet_9cf1276d4c2d,hf_wmms_parquet,marine_mammal_whale,exact,/mnt/data/subsim/dataset/hydrophone/raw/hf_wmms_parquet/fin_finback_whale/6107900i_9cf1276d4c2d.wav,20.0,98.973333,600,0.0097163766622543,0.2449370780898408,66.96125530939894,112.77721774193547,45.564311160826186,0.1369369626045227,18.75,1081.040283203125,0.9989012479782104,0.0010988127905875,0.0,0.1170604228973388,0.1752405166625976,0.5,9.05,0.0766666666666666,1.388491455145413e-05,0.0014290218496741,0.8630630373954773,,-1.7693886903693683,-1.133066840813472,3
hf_wmms_parquet_45200d0b1ccc,hf_wmms_parquet,marine_mammal_other,exact,/mnt/data/subsim/dataset/hydrophone/raw/hf_wmms_parquet/white_beaked_dolphin/7200500y_45200d0b1ccc.wav,2.565017,2.565017,60600,0.0022676135413348,0.2040736237366426,5056.546622176947,8151.607421875002,4610.855222587586,0.1454270035028457,59.17968750000001,155.79835510253906,0.0628293603658676,0.0116356061771512,0.9255348443984984,0.2435198128223419,0.129980057477951,0.5000000000000001,14.034997426659803,0.0685313531353135,2.634919269439706e-07,0.0001161978979331,0.8545729964971542,,1.6619426766763867,-0.13437895832755142,5
hf_wmms_parquet_3ec5558f88e5,hf_wmms_parquet,marine_mammal_whale,exact,/mnt/data/subsim/dataset/hydrophone/raw/hf_wmms_parquet/short_finned_pacific_pilot_whale/9100501d_3ec5558f88e5.wav,1.9825,1.9825,40000,0.0100245811045169,0.3030933555278124,6474.312308711996,10386.770148026317,3622.0266828579,0.2508615553379059,4921.875,10.65816879272461,0.0014386333059519,0.0019056185847148,0.996655821800232,0.0280195642262697,0.0211248248815536,0.5044136191677175,15.132408575031526,0.0664,5.953677828074433e-06,0.0005939078915524,0.7491384446620941,,3.874282373919279,-1.7678894748444796,7
hf_wmms_parquet_b9b634c062f7,hf_wmms_parquet,marine_mammal_other,exact,/mnt/data/subsim/dataset/hydrophone/raw/hf_wmms_parquet/pantropical_spotted_dolphin/9004401v_b9b634c062f7.wav,0.992079,0.992079,60600,0.0318182036280632,0.3863171376769407,11889.627557517952,18819.659745065797,6650.025429703082,0.1297138631343841,21097.558593750004,22.260986328125,2.634718839544803e-06,2.97752812912222e-05,0.9999675750732422,0.138611227273941,0.0910866260528564,1.007984031936128,15.119760479041917,0.0638778877887788,0.0001086283737095,0.0034140322620314,0.8702861368656158,,5.674603048898932,1.4905184933049556,1
hf_wmms_parquet_3a11289e2689,hf_wmms_parquet,marine_mammal_whale,exact,/mnt/data/subsim/dataset/hydrophone/raw/hf_wmms_parquet/sperm_whale/94004005_3a11289e2689.wav,0.628317,0.628317,60600,0.0155416820198297,0.1851083388049901,4512.840460924039,8181.591796875002,3984.814199951227,0.0836074501276016,7071.972656250001,340.26300048828125,0.0434422940015792,0.099178746342659,0.8573789596557617,0.0821831747889518,0.0741902962327003,12.73242987708793,14.32398361172392,0.073523102310231,1.805507599783596e-05,0.0011617195599316,0.9163925498723984,,1.8680632200331868,-0.3579546148520321,5
hf_wmms_parquet_c2f829380e7d,hf_wmms_parquet,marine_mammal_other,exact,/mnt/data/subsim/dataset/hydrophone/raw/hf_wmms_parquet/spinner_dolphin/7100801m_c2f829380e7d.wav,1.299375,1.299375,80000,0.0248050447553396,0.2831484670367199,10545.673474431518,12948.828125,4409.216715727166,0.0831915959715843,13945.3125,161.17343139648438,0.0354235619306564,0.0136551922187209,0.9509211778640748,0.1045338436961174,0.0599365010857582,0.7696007696007695,15.392015392015391,0.06,0.0001299814466619,0.0052401214325068,0.9168084040284156,,4.076039428292372,0.942177627425464,5
hf_wmms_parquet_9534a12ab886,hf_wmms_parquet,marine_mammal_other,exact,/mnt/data/subsim/dataset/hydrophone/raw/hf_wmms_parquet/narwhal/6804000q_9534a12ab886.wav,1.19604,1.19604,60600,0.0041909022256731,0.2182839167207053,5641.817068097253,10586.73148777174,4616.177490460758,0.1048254519701004,2308.0078125000005,24.656869888305664,0.0004298325802665,0.0010252245701849,0.9985448718070984,0.2034952789545059,0.1096523627638816,12.541390728476822,14.213576158940398,0.0648432343234323,8.653025247440382e-07,0.0002064716564459,0.8951745480298996,,2.0754776263826122,-0.03702917215691314,5
hf_wmms_parquet_737005959ed6,hf_wmms_parquet,marine_mammal_other,exact,/mnt/data/subsim/dataset/hydrophone/raw/hf_wmms_parquet/rough_toothed_dolphin/8501300h_737005959ed6.wav,1.218738,1.218738,81920,0.0218626074492931,0.0821330555499909,2866.337997335458,5669.583333333333,4296.400170031764,0.0442921370267868,80.0,1055.0897216796875,0.5448512434959412,0.1224674507975578,0.3326814174652099,0.0782838016748428,0.0497531332075595,0.8205210388725848,13.128336621961358,0.0725341796875,8.399508806178346e-05,0.0038419519836668,0.9557078629732132,,-0.11373058878165673,-0.3964882120552405,3
hf_wmms_parquet_5effd4e3a643,hf_wmms_parquet,marine_mammal_other,exact,/mnt/data/subsim/dataset/hydrophone/raw/hf_wmms_parquet/bottlenose_dolphin/51041c01_5effd4e3a643.wav,0.971533,0.971533,30000,0.0894244685769081,0.3634585692228512,5640.468013424624,7320.421006944444,1970.8445900273464,0.0851530507206916,5141.6015625,99.25366973876952,1.2392102917146983e-06,0.0376280322670936,0.962370753288269,0.2240346372127533,0.1752799600362777,6.175804570095382,14.41021066355589,0.0658333333333333,0.0006713546463288,0.0075075050151843,0.9148469492793084,,1.633262280847043,1.8262992849373598,5
hf_wmms_parquet_da84e057517e,hf_wmms_parquet,marine_mammal_whale,exact,/mnt/data/subsim/dataset/hydrophone/raw/hf_wmms_parquet/northern_right_whale/74003001_da84e057517e.wav,1.5,1.5,5120,0.1160183027386665,0.0727959369709597,124.80015013888747,128.9655172413793,224.02364237846365,0.0143644381314516,60.0,3562.155029296875,0.9173027276992798,0.0527838990092277,0.0299132261425256,0.3767063915729522,0.1463502645492553,9.333333333333332,9.333333333333334,0.07109375,0.0008285245858132,0.0071413265514873,0.9856355618685484,,-3.5443114824334594,1.9971668868473156,4
hf_wmms_parquet_312ae5b710bb,hf_wmms_parquet,marine_mammal_whale,exact,/mnt/data/subsim/dataset/hydrophone/raw/hf_wmms_parquet/melon_headed_whale/9101202g_312ae5b710bb.wav,0.391077,0.391077,81920,0.0848785564303398,0.1688413035335247,6295.472292627677,10834.666666666666,4806.047797965556,0.025229625403881,6040.0,126.74678802490234,0.0439544469118118,0.0759741440415382,0.8800714612007141,0.1909969300031662,0.1011285707354545,2.5570434185473045,17.899303929831134,0.054229736328125,0.000387968000723,0.0045708600267829,0.9747703745961188,,2.0411990290837947,1.8200828065507106,5
hf_wmms_parquet_899504df727e,hf_wmms_parquet,marine_mammal_other,exact,/mnt/data/subsim/dataset/hydrophone/raw/hf_wmms_parquet/frasers_dolphin/9101001t_899504df727e.wav,0.946753,0.946753,81920,0.0738425850868225,0.2876722926363835,10431.106809359077,13568.108108108108,4714.663553912408,0.0489790774881839,13360.0,170.61312866210938,0.0146665545180439,0.0271374806761741,0.9581959247589112,0.1365167051553726,0.0754075273871421,3.1687253410350964,13.731143144485417,0.0792663574218749,0.0009053573012351,0.0122606393066878,0.951020922511816,,3.428054178727609,2.4440253519914497,5
hf_wmms_parquet_b9cdea0c5512,hf_wmms_parquet,marine_mammal_whale,exact,/mnt/data/subsim/dataset/hydrophone/raw/hf_wmms_parquet/beluga_white_whale/65030009_b9cdea0c5512.wav,3.3699,3.3699,40000,0.0314129181206226,0.0263437071107978,235.4160478856447,329.92788461538464,759.5174812109095,0.0058795325458049,19.53125,97958.265625,0.8954120874404907,0.0300534088164567,0.074534460902214,0.1813079863786697,0.0902650207281112,3.0,15.13398023680228,0.064925,0.0001530538138467,0.0048723207838952,0.994120467454195,,-2.4294558577223664,0.1337571652914835,3
hf_wmms_parquet_679b9adc8989,hf_wmms_parquet,marine_mammal_other,exact,/mnt/data/subsim/dataset/hydrophone/raw/hf_wmms_parquet/white_sided_dolphin/6107200z_679b9adc8989.wav,2.54,2.54,80000,0.0378687679767608,0.2599323815569958,9405.972754886736,13314.363895939086,5276.253594000317,0.0322159454226493,39.0625,470.4612121582031,0.1656140834093094,0.0264612082391977,0.8079248070716858,0.0642108172178268,0.0484199151396751,1.5,14.566929133858268,0.0669625,0.0001702930603642,0.0044969263447971,0.9677840545773506,,2.7322844086558633,0.4578773479597876,5
hf_wmms_parquet_c0af531e86dc,hf_wmms_parquet,marine_mammal_other,exact,/mnt/data/subsim/dataset/hydrophone/raw/hf_wmms_parquet/narwhal/7501400t_c0af531e86dc.wav,1.417969,1.417969,81920,0.0617479793727397,0.1750617687824447,5480.687197809777,11964.642857142857,6622.460904147303,0.058676354587078,40.0,268.6534118652344,0.1243774443864822,0.2148042470216751,0.6608184576034546,0.1578571200370788,0.1072048917412757,0.7052341597796143,14.8099173553719,0.06826171875,0.0004132504400331,0.0066925338160765,0.941323645412922,,1.4164382967089928,1.2577248541841302,5
hf_wmms_parquet_612ad6002397,hf_wmms_parquet,marine_mammal_whale,exact,/mnt/data/subsim/dataset/hydrophone/raw/hf_wmms_parquet/sperm_whale/9400400c_612ad6002397.wav,1.208911,1.208911,60600,0.0143935577943921,0.1998252774403145,4823.25708817091,9119.589843750002,4329.609461013839,0.0935328528285026,177.53906250000003,38.46697616577149,0.0426383316516876,0.0954656600952148,0.8618960380554199,0.0230687800794839,0.023285100236535,4.135954135954137,15.716625716625718,0.0643564356435643,1.007264381769346e-05,0.0006998022282522,0.9064671471714972,,2.282952707745907,-1.0910548293686588,5
hf_wmms_parquet_6428a9017c7e,hf_wmms_parquet,marine_mammal_orca,exact,/mnt/data/subsim/dataset/hydrophone/raw/hf_wmms_parquet/false_killer_whale/6102101c_6428a9017c7e.wav,0.309375,0.309375,81920,0.0066363783553242,0.2830367359823225,8022.188737346681,20184.34782608696,9608.682140574603,0.0314386077225208,6960.0,14561.6015625,0.0003533500130288,0.1388723999261856,0.8607742190361023,0.2508808374404907,0.1728979051113128,3.2323232323232323,16.161616161616163,0.076385498046875,6.9369489210657775e-06,0.0010452913545013,0.9685613922774792,,3.3268964866044577,1.80002785125572,5
hf_wmms_parquet_713bd4ccf7e6,hf_wmms_parquet,marine_mammal_whale,exact,/mnt/data/subsim/dataset/hydrophone/raw/hf_wmms_parquet/bowhead_whale/8800600o_713bd4ccf7e6.wav,3.8816,3.8816,10000,0.0178356170654296,0.2344969728197861,981.934186689352,1636.9736842105262,794.122005035327,0.1296750009059906,530.0,121.04143524169922,0.0930320993065834,0.6650775074958801,0.2418903261423111,0.1627404689788818,0.1449749618768692,0.5,10.047403132728771,0.066,2.971733920276165e-05,0.0016661794818804,0.8703249990940094,,-1.0922224030088763,-0.7577667918880019,4
hf_wmms_parquet_17c77bc3b607,hf_wmms_parquet,marine_mammal_other,exact,/mnt/data/subsim/dataset/hydrophone/raw/hf_wmms_parquet/pantropical_spotted_dolphin/6400500d_17c77bc3b607.wav,1.599153,1.599153,55500,0.024242328479886,0.2550815756264648,6106.777793831648,9745.01953125,3611.2103992923176,0.0516382455825805,1327.880859375,40.19913482666016,4.307357085053809e-05,0.0295834969729185,0.9703734517097472,0.1489498913288116,0.1111341640353202,0.6253309747276148,15.007943393462757,0.0657477477477477,3.5033437598031014e-05,0.0014451350094382,0.9483617544174194,,2.073987459630127,0.36241269672457277,5
hf_wmms_parquet_2aea899177fa,hf_wmms_parquet,marine_mammal_other,exact,/mnt/data/subsim/dataset/hydrophone/raw/hf_wmms_parquet/clymene_dolphin/8300604j_2aea899177fa.wav,0.569712,0.569712,166600,0.0075383190996944,0.1811764457977305,9352.98513645718,19735.298978365383,14596.11923941702,0.1159579753875732,244.04296875,388.6194458007813,0.070342794060707,0.213914006948471,0.7157431244850159,0.1030946150422096,0.0688101053237915,1.7552731946815012,14.04218555745201,0.071110444177671,5.821701961394865e-06,0.0007722811788185,0.8840420246124268,,4.013804086263498,0.41487613215949987,5
hf_wmms_parquet_287362bf050f,hf_wmms_parquet,marine_mammal_other,exact,/mnt/data/subsim/dataset/hydrophone/raw/hf_wmms_parquet/striped_dolphin/58011004_287362bf050f.wav,0.950759,0.950759,60600,0.0505695268511772,0.2107784431137724,5458.992786924136,7733.171164772728,2628.361131662846,0.0087624546140432,1952.9296875,864.820068359375,7.41154281058698e-06,0.000410358334193,0.9995822310447692,0.0902946516871452,0.0636663660407066,1.051791169119689,14.725076367675646,0.0667161716171617,0.000325869244989,0.0064439844561246,0.9912375453859568,,1.7373208566007097,0.7630721816144628,5
hf_wmms_parquet_0419a56b0736,hf_wmms_parquet,marine_mammal_other,exact,/mnt/data/subsim/dataset/hydrophone/raw/hf_wmms_parquet/ross_seal/66084001_0419a56b0736.wav,4.6257,4.6257,20000,0.0440221242606639,0.1504545307146022,1120.978844495935,1983.2967032967035,1333.4969818356576,0.0999478697776794,270.0,274.9754333496094,0.039903949946165,0.6321502327919006,0.3279458582401275,0.108754277229309,0.0610489211976528,0.5,14.70047776552738,0.06305,0.0001538972719572,0.0034959074451404,0.9000521302223206,,-0.5986663953487711,-0.8077310123982145,4
hf_wmms_parquet_6cf485e3f917,hf_wmms_parquet,marine_mammal_other,exact,/mnt/data/subsim/dataset/hydrophone/raw/hf_wmms_parquet/frasers_dolphin/9101300k_6cf485e3f917.wav,3.781238,3.781238,81920,0.1873821765184402,0.249659411540622,9099.77317657283,12823.654485049834,4181.610661236965,0.0281804334372282,11120.0,412.7648620605469,0.0013651690678671,0.0337757617235183,0.9648590087890624,0.2431586235761642,0.1527223587036132,0.5,15.867819821215848,0.06146240234375,0.0070543186739087,0.0376466898023081,0.9718195665627718,,1.9710248186019685,8.154694221136474,2
hf_wmms_parquet_7a6ccd7373c3,hf_wmms_parquet,marine_mammal_other,exact,/mnt/data/subsim/dataset/hydrophone/raw/hf_wmms_parquet/harp_seal/6700900r_7a6ccd7373c3.wav,2.535938,2.535938,10240,0.0246599018573761,0.1308198867793738,521.7478724508659,889.5918367346939,499.3116048202976,0.0430162474513053,40.0,161.90975952148438,0.3492200970649719,0.4927686750888824,0.1580113023519516,0.1187940835952758,0.0959280654788017,4.5,9.858287122612444,0.065966796875,9.920907177729532e-05,0.0040230927254723,0.9569837525486946,,-1.8359089838774214,-0.48465640072657135,4
hf_wmms_parquet_60c635b002cd,hf_wmms_parquet,marine_mammal_whale,exact,/mnt/data/subsim/dataset/hydrophone/raw/hf_wmms_parquet/minke_whale/64103008_60c635b002cd.wav,0.970313,0.970313,1280,0.0152740459889173,0.1257050765511684,69.655455714318,90.0,53.37624307815796,0.0450517833232879,80.0,475.331787109375,0.986607015132904,0.013393105007708,0.0,0.2387699484825134,0.182883620262146,1.0305958132045088,14.428341384863124,0.06875,7.115113839972764e-05,0.0046583032712285,0.954948216676712,,-2.4989345903932443,0.1097185910722623,3
hf_wmms_parquet_66dcc8d45362,hf_wmms_parquet,marine_mammal_orca,exact,/mnt/data/subsim/dataset/hydrophone/raw/hf_wmms_parquet/killer_whale/97501009_66dcc8d45362.wav,1.697671,1.697671,21900,0.0022664584685117,0.347867018129001,3479.9280937047806,6395.545479910715,2506.348622019568,0.2964656054973602,941.015625,65.52935791015625,0.0433591827750206,0.1477781385183334,0.8088624477386475,0.1161944940686225,0.0894427672028541,1.178084402485274,15.9041394335512,0.0570547945205479,5.637064646180079e-07,0.0002487168735721,0.7035343945026398,,2.51962690323267,-2.07971525422973,7
hf_wmms_parquet_5b8e24a33e84,hf_wmms_parquet,marine_mammal_other,exact,/mnt/data/subsim/dataset/hydrophone/raw/hf_wmms_parquet/striped_dolphin/75003019_5b8e24a33e84.wav,0.897451,0.897451,81600,0.0055557223968207,0.3235378459941828,10899.598366936782,30259.620535714286,13004.344576549376,0.0380477532744407,39.84375,5711.71826171875,0.4709315896034241,0.049977634102106,0.4790906906127929,0.256784975528717,0.1385100185871124,1.1142669871094604,14.485470832422983,0.0647732843137254,2.8133417799836025e-06,0.0005063863128019,0.9619522467255592,,3.9015276055829156,1.7917996563176573,5
hf_wmms_parquet_45ea192ec885,hf_wmms_parquet,marine_mammal_other,exact,/mnt/data/subsim/dataset/hydrophone/raw/hf_wmms_parquet/frasers_dolphin/91010004_45ea192ec885.wav,1.417969,1.417969,81920,0.0571442991495132,0.2371749068087707,8711.291249005704,12858.57142857143,5121.120401602924,0.0642083883285522,40.0,143.19020080566406,0.0435103885829448,0.0549975000321865,0.9014921188354492,0.1378221958875656,0.0873537361621856,0.7052341597796143,15.515151515151516,0.0640625,0.0006096018478274,0.0106677631345481,0.9357916116714478,,2.4670680830945804,1.4759376977758167,5
hf_wmms_parquet_055352a3da27,hf_wmms_parquet,marine_mammal_other,exact,/mnt/data/subsim/dataset/hydrophone/raw/hf_wmms_parquet/bottlenose_dolphin/89514003_055352a3da27.wav,1.5,1.5,81920,0.2580447196960449,0.1797133765737026,8117.156342116026,12167.058823529413,4875.207188988321,0.0601241216063499,3640.0,307.82879638671875,0.0052208839915692,0.0010928132105618,0.9936862587928772,0.3639909923076629,0.2573588490486145,0.6666666666666666,10.666666666666666,0.0624755859375,0.0118460170924663,0.0459068378007272,0.93987587839365,,0.08745524805901671,11.74681952619876,2
hf_wmms_parquet_af0ec93ec5cf,hf_wmms_parquet,marine_mammal_whale,exact,/mnt/data/subsim/dataset/hydrophone/raw/hf_wmms_parquet/southern_right_whale/7900200k_af0ec93ec5cf.wav,1.417969,1.417969,5120,0.0502690859138965,0.1953437112549938,445.3400451451146,737.7777777777778,315.9231715361387,0.0144624216482043,410.0,183.9244842529297,0.1661748886108398,0.7578621506690979,0.075963020324707,0.1395238935947418,0.1334542483091354,0.7052341597796143,9.168044077134986,0.07412109375,0.0005186591297388,0.0103176558773492,0.9855375783517956,,-2.28522938699412,0.683029504216667,4
hf_wmms_parquet_e87a6bb96e78,hf_wmms_parquet,marine_mammal_other,exact,/mnt/data/subsim/dataset/hydrophone/raw/hf_wmms_parquet/frasers_dolphin/9101000k_e87a6bb96e78.wav,0.821875,0.821875,81920,0.0227821972221136,0.2659260029408706,9444.259545896395,15205.625,6222.609663275789,0.1111664772033691,15840.0,40.570220947265625,0.0233723036944866,0.1018808484077453,0.8747468590736389,0.1146771684288978,0.0675068274140358,1.2167300380228137,14.600760456273765,0.06749267578125,3.683616159833037e-05,0.0016168836235408,0.8888335227966309,,4.2110016661065135,0.7267740505359626,5
hf_wmms_parquet_671d6f8db51c,hf_wmms_parquet,marine_mammal_whale,exact,/mnt/data/subsim/dataset/hydrophone/raw/hf_wmms_parquet/beluga_white_whale/6503300k_671d6f8db51c.wav,2.835938,2.835938,10240,0.0735428184270858,0.1295499156307035,540.9166286624749,917.6363636363636,457.5383252445697,0.0192380100488662,670.0,1539.1060791015625,0.1793300956487655,0.7710153460502625,0.0496547296643257,0.217907965183258,0.1500222980976104,0.5,13.046831955922864,0.06640625,0.0007219561957754,0.0098168143566783,0.9807619899511336,,-2.52154922769702,1.2719626210355806,4
hf_wmms_parquet_c77feda80ff1,hf_wmms_parquet,marine_mammal_whale,exact,/mnt/data/subsim/dataset/hydrophone/raw/hf_wmms_parquet/sperm_whale/85004005_c77feda80ff1.wav,2.559375,2.559375,81920,0.0301816295832395,0.1181419706862918,3084.145982125214,6536.945812807881,4246.797395374797,0.0387630648910999,320.0,651.7993774414062,0.0090683000162243,0.312096893787384,0.6788347959518433,0.0346984751522541,0.0323573090136051,1.5,14.456654456654457,0.062127685546875,7.46277000871487e-05,0.0024726199716571,0.9612369351089,,0.9857382222806959,-0.4640273974405682,5
hf_wmms_parquet_ce1c33621695,hf_wmms_parquet,marine_mammal_whale,exact,/mnt/data/subsim/dataset/hydrophone/raw/hf_wmms_parquet/southern_right_whale/7900200u_ce1c33621695.wav,2.524414,2.524414,5120,0.0146569162607193,0.1007428040854224,243.08748329422136,291.6326530612245,210.2716357158203,0.011739857494831,370.0,487.14794921875,0.1837037354707718,0.7755962610244751,0.0407000891864299,0.1080843731760978,0.1141398325562477,0.5,4.75357833655706,0.069921875,3.903559263562784e-05,0.0026632882346186,0.9882601425051688,,-2.642242583825964,-0.30171278999157924,4
hf_wmms_parquet_dfd0eff39056,hf_wmms_parquet,marine_mammal_other,exact,/mnt/data/subsim/dataset/hydrophone/raw/hf_wmms_parquet/rough_toothed_dolphin/8501400l_dfd0eff39056.wav,1.621863,1.621863,81920,0.0120852459222078,0.0556893618942963,1626.0055211098115,2145.0,4708.382791566259,0.0474196150898933,80.0,4226.16259765625,0.6735730767250061,0.1746799647808075,0.1517469733953476,0.0945376232266426,0.0501727163791656,15.414374205008166,16.030949173208494,0.05770263671875,2.6304782295483164e-05,0.0021766029804134,0.9525803849101068,,-0.8092048617959359,-0.9592872176232645,0
hf_wmms_parquet_d8123dcb3fdc,hf_wmms_parquet,marine_mammal_other,exact,/mnt/data/subsim/dataset/hydrophone/raw/hf_wmms_parquet/white_beaked_dolphin/70014014_d8123dcb3fdc.wav,1.8921,1.8921,80000,0.029988769441843,0.275040134243263,9005.677914114589,15599.582619863011,5636.127678944498,0.0152626074850559,12656.25,4348.8115234375,8.234247616201174e-06,0.0003377546963747,0.9996540546417236,0.2217452079057693,0.1256505846977234,0.5285132921092965,15.3268854711696,0.0630749999999999,0.0001214191215694,0.0040488197356982,0.984737392514944,,3.4773700430115833,2.1008367902285627,5
hf_wmms_parquet_7cf54d87dda4,hf_wmms_parquet,marine_mammal_other,exact,/mnt/data/subsim/dataset/hydrophone/raw/hf_wmms_parquet/spinner_dolphin/7100300b_7cf54d87dda4.wav,1.890613,1.890613,81920,0.0247981902211904,0.158886349255543,4322.705260780691,9433.066666666668,7771.775015688439,0.0664058774709701,40.0,9130.765625,0.793129563331604,0.0425202324986457,0.1643503904342651,0.170125663280487,0.1391137540340423,0.5289290349240374,14.81001297787305,0.06422119140625,8.168215572368354e-05,0.0032938756817257,0.9335941225290298,,0.36511501801958857,0.546906557603661,3
hf_wmms_parquet_b9418e1c69af,hf_wmms_parquet,marine_mammal_other,exact,/mnt/data/subsim/dataset/hydrophone/raw/hf_wmms_parquet/walrus/72019007_b9418e1c69af.wav,0.601172,0.601172,20480,0.0139794433489441,0.0367151328080578,263.6693429469192,252.72727272727272,427.611486412412,0.0083583295345306,330.0,83829.859375,0.1308900117874145,0.8648322224617004,0.0042777271009981,0.2205253541469574,0.202619269490242,3.3268356075373617,16.63417803768681,0.0625,5.395988773670979e-05,0.0038599453773619,0.9916416704654694,,-3.0782800119165494,0.5180803636685934,4
hf_wmms_parquet_7066bf28d41c,hf_wmms_parquet,marine_mammal_other,exact,/mnt/data/subsim/dataset/hydrophone/raw/hf_wmms_parquet/common_dolphin/75003041_7066bf28d41c.wav,2.308529,2.308529,81600,0.0600269772112369,0.2051333775713337,7953.268721110556,10295.887706043955,4286.9512097681,0.0385671220719814,8646.09375,1424.3363037109375,0.0166517104953527,0.0018620159244164,0.9814862608909608,0.205236330628395,0.1654131710529327,0.5,15.594343228436744,0.0629901960784313,0.0009693372412584,0.0161483600586981,0.9614328779280186,,2.128865616133189,3.12198423817506,5
hf_wmms_parquet_98d454b8a000,hf_wmms_parquet,marine_mammal_other,exact,/mnt/data/subsim/dataset/hydrophone/raw/hf_wmms_parquet/clymene_dolphin/8303501w_98d454b8a000.wav,3.787755,3.787755,166600,0.0223847571760416,0.1900722459309171,17935.77562009381,31762.754541412603,14410.315294095197,0.1664339452981948,1220.21484375,11.618468284606934,0.0002277925668749,0.0475006960332393,0.9522714614868164,0.0199845992028713,0.033142689615488,0.5,12.672413793103448,0.0827911164465786,2.9339022148633376e-05,0.0013106696631368,0.8335660547018051,,6.459532533261726,0.7498984381573394,5
hf_wmms_parquet_cbcf424d2fb7,hf_wmms_parquet,marine_mammal_other,exact,/mnt/data/subsim/dataset/hydrophone/raw/hf_wmms_parquet/rough_toothed_dolphin/85013019_cbcf424d2fb7.wav,0.809363,0.809363,81920,0.0278596896678209,0.1297095110253084,5458.987905445527,12043.809523809525,7529.00180558951,0.1164242550730705,80.0,528.6520385742188,0.5191285014152527,0.0796395912766456,0.4012318849563598,0.0909777283668518,0.0614403933286666,2.4710797399816,16.062018309880397,0.064276123046875,0.0001197376550408,0.0042978818667464,0.8835757449269295,,1.597823913755144,-0.17798782513433895,5
hf_wmms_parquet_097bc10ae672,hf_wmms_parquet,marine_mammal_whale,exact,/mnt/data/subsim/dataset/hydrophone/raw/hf_wmms_parquet/melon_headed_whale/9101204f_097bc10ae672.wav,17.646733,17.646733,60600,0.0186410415917634,0.1385994458528265,2771.8496749788687,6369.731618528285,3855.739689401059,0.070999801158905,59.17968750000001,719.5529174804688,0.3022889196872711,0.2892475426197052,0.4084635972976684,0.1243783831596374,0.0731907784938812,1.5000000000000004,14.506934781632928,0.0654785478547854,3.41893573931884e-05,0.0018340905052462,0.929000198841095,,0.19521137237731567,-0.5103080688047833,3
hf_wmms_parquet_0d56f7f53302,hf_wmms_parquet,marine_mammal_other,exact,/mnt/data/subsim/dataset/hydrophone/raw/hf_wmms_parquet/narwhal/6800200f_0d56f7f53302.wav,1.417969,1.417969,81920,0.0319539681077003,0.4328205304797734,15251.342962367053,25165.0,9743.886355992883,0.0757235363125801,31480.0,126.5861358642578,0.1536026895046234,0.0339720025658607,0.812425434589386,0.1819995790719986,0.0997916385531425,4.9366391184573,14.8099173553719,0.07122802734375,4.80465023429133e-05,0.0015036161449329,0.92427646368742,,6.831044603340377,2.647225714867264,1
hf_wmms_parquet_844a462914c4,hf_wmms_parquet,marine_mammal_other,exact,/mnt/data/subsim/dataset/hydrophone/raw/hf_wmms_parquet/spinner_dolphin/7100100c_844a462914c4.wav,1.2638,1.2638,80000,0.0362409949302673,0.1482646410096634,4567.648083061143,9886.436855670105,5442.19298885618,0.0677834972739219,39.0625,3393.313232421875,0.561642587184906,0.0377729535102844,0.4005843698978424,0.1412557512521743,0.0893711075186729,1.582528881152081,13.451495489792688,0.079375,0.0002133123780367,0.005885941554346,0.932216502726078,,0.5163054170167204,0.3981614817200756,3
hf_wmms_parquet_71931048cf16,hf_wmms_parquet,marine_mammal_other,exact,/mnt/data/subsim/dataset/hydrophone/raw/hf_wmms_parquet/harp_seal/6700900j_71931048cf16.wav,0.7875,0.7875,10240,0.0235600676387548,0.1217908966885774,465.5327265533721,717.8571428571429,480.4666695458636,0.0268083754926919,40.0,894.1998901367188,0.3975371420383453,0.5360425114631653,0.0664203613996505,0.2088826447725296,0.1370935142040252,1.2698412698412698,13.968253968253968,0.0634277343749999,7.605184509884566e-05,0.0032279977401472,0.973191624507308,,-2.1873539631545214,-0.04732898860613505,4
hf_wmms_parquet_e7b395f908eb,hf_wmms_parquet,marine_mammal_whale,exact,/mnt/data/subsim/dataset/hydrophone/raw/hf_wmms_parquet/northern_right_whale/81015002_e7b395f908eb.wav,2.61255,2.61255,14900,0.0126350177451968,0.1960643271849149,1027.6750077690722,2300.0,1389.3510116106413,0.1475660055875778,210.0,638.4454345703125,0.1409118771553039,0.6754038333892822,0.1836842745542526,0.1605390906333923,0.136864349246025,0.5000000000000001,14.16240655586097,0.0693959731543624,2.5262992494390343e-05,0.0019994425810754,0.8524339944124222,,-0.9555565426859226,-1.0343474725931012,4
hf_wmms_parquet_ad33962d39c3,hf_wmms_parquet,marine_mammal_whale,exact,/mnt/data/subsim/dataset/hydrophone/raw/hf_wmms_parquet/humpback_whale/9220100t_ad33962d39c3.wav,5.975839,5.975839,14900,0.008706634864211,0.2565841934433225,1615.0768148190234,3064.406779661017,1393.8739965563775,0.1437917351722717,1330.0,3634.33447265625,0.0387837290763855,0.1316228806972503,0.8295934200286865,0.0719368383288383,0.1251061558723449,0.5000000000000001,7.028301886792453,0.0808053691275167,2.1188136088312604e-05,0.0024335620381846,0.8562082648277283,,0.5473127122887891,-0.872034082270437,3
hf_wmms_parquet_9e02395b9519,hf_wmms_parquet,marine_mammal_whale,exact,/mnt/data/subsim/dataset/hydrophone/raw/hf_wmms_parquet/beluga_white_whale/62022016_9e02395b9519.wav,1.7008,1.7008,80000,0.0395534709095954,0.0293099520075259,864.2257308978831,1686.2476145038167,1747.531731584288,0.005089305806905,39.0625,103851.546875,0.5274782180786133,0.2481374144554138,0.22438445687294,0.0721721351146698,0.0617306232452392,1.1759172154280335,11.17121354656632,0.085525,0.0001848130341386,0.004672485875042,0.994910694193095,,-1.9227214902156757,-0.06885029557934415,3
hf_wmms_parquet_78228f4637a7,hf_wmms_parquet,marine_mammal_other,exact,/mnt/data/subsim/dataset/hydrophone/raw/hf_wmms_parquet/clymene_dolphin/83006009_78228f4637a7.wav,1.417969,1.417969,81920,0.0079712513834238,0.2572250105458897,9277.718872001862,12978.214285714286,6171.625898772427,0.0621581748127937,40.0,830.524169921875,0.2158796936273574,0.006990710273385,0.777129590511322,0.0762151777744293,0.0497103556990623,0.7052341597796143,16.22038567493113,0.0622924804687499,1.3365090126171708e-05,0.001676661477806,0.9378418251872064,,3.040082726408417,-0.18125892957326173,5
hf_wmms_parquet_0b1093e27263,hf_wmms_parquet,marine_mammal_other,exact,/mnt/data/subsim/dataset/hydrophone/raw/hf_wmms_parquet/frasers_dolphin/9101001d_0b1093e27263.wav,3.781238,3.781238,81920,0.0363450460135936,0.2433900012267641,8746.716215380071,13766.910299003324,5372.38591082116,0.0850813761353492,40.0,71.99341583251953,0.03327526897192,0.0608259178698062,0.9058988094329834,0.0704213976860046,0.0447197295725345,1.0,14.016574175407332,0.069903564453125,9.551359835313632e-05,0.0026279674626023,0.9149186238646508,,2.9720540519630703,0.029017783890345972,5
hf_wmms_parquet_05385047c552,hf_wmms_parquet,marine_mammal_whale,exact,/mnt/data/subsim/dataset/hydrophone/raw/hf_wmms_parquet/fin_finback_whale/6107900c_05385047c552.wav,20.0,38.71,600,0.0164535082876682,0.2500208350695891,65.82799786069248,110.33266129032258,45.08649614507956,0.1373166292905807,18.75,6496.44775390625,0.9996461272239684,0.0003537641314323,0.0,0.1007092893123626,0.1811403781175613,0.5,9.95,0.0766666666666666,3.098874003626406e-05,0.0018834123089485,0.8626833707094193,,-1.7164669586955423,-1.0740243731911205,3
hf_wmms_parquet_aa13c6946f5e,hf_wmms_parquet,marine_mammal_other,exact,/mnt/data/subsim/dataset/hydrophone/raw/hf_wmms_parquet/rough_toothed_dolphin/8501300i_aa13c6946f5e.wav,1.038281,1.038281,81920,0.0272298939526081,0.0859796602198577,2152.225587093144,3318.048780487805,2633.506384674401,0.007588280364871,80.0,13738.87890625,0.4794777035713196,0.0788644775748252,0.4416577219963074,0.2232434153556823,0.1221949607133865,0.963130173062453,14.446952595936796,0.0579833984375,0.000122030127386,0.0044814764094932,0.992411719635129,,-0.8969562454820293,0.7059439549556208,4
hf_wmms_parquet_e91054524d10,hf_wmms_parquet,marine_mammal_whale,exact,/mnt/data/subsim/dataset/hydrophone/raw/hf_wmms_parquet/humpback_whale/6301901a_e91054524d10.wav,20.0,122.914765,14900,0.0376008078455925,0.0331444065248541,211.63366700455907,272.03007518796994,184.24944734806087,0.0017220550216734,320.0,166177.921875,0.2733470797538757,0.7079183459281921,0.0187344904989004,0.1848548799753189,0.1750675737857818,0.5000000000000001,5.25,0.072248322147651,0.0002621603780426,0.0069722006801608,0.9982779449783266,,-3.7529430452374695,1.2572944325356934,6
hf_wmms_parquet_89b796427d4b,hf_wmms_parquet,marine_mammal_other,exact,/mnt/data/subsim/dataset/hydrophone/raw/hf_wmms_parquet/white_sided_dolphin/6107200t_89b796427d4b.wav,1.80375,1.80375,80000,0.0258479788899421,0.2260930429178303,7645.100159448048,11525.404676258991,5545.929436538885,0.0464765951037406,39.0625,844.4898071289062,0.2585683465003967,0.0555170737206935,0.6859145760536194,0.0455259010195732,0.0265777762979269,0.5544005544005544,16.077616077616078,0.0566312499999999,0.0001141789762186,0.0044173270451986,0.9535234048962592,,2.4991244758744835,-0.07177521089177476,5
hf_wmms_parquet_92d2cf265c43,hf_wmms_parquet,marine_mammal_other,exact,/mnt/data/subsim/dataset/hydrophone/raw/hf_wmms_parquet/grampus_rissos_dolphin/8500900p_92d2cf265c43.wav,0.335156,0.335156,81920,0.0900202691555023,0.3655071935895101,13684.062768834932,21689.6,8215.876145630033,0.1664778292179107,21160.0,61.85717010498047,0.0131699154153466,0.0496114119887352,0.9372187256813048,0.1379620730876922,0.1112957447767257,2.9836829836829835,11.934731934731936,0.0536865234375,0.0004977487842552,0.0055292967785942,0.8335221707820892,,5.83381762980293,2.6281039947952616,1
hf_wmms_parquet_672926c39d15,hf_wmms_parquet,marine_mammal_whale,exact,/mnt/data/subsim/dataset/hydrophone/raw/hf_wmms_parquet/long_finned_pilot_whale/7702801f_672926c39d15.wav,1.296094,1.296094,81920,0.1152027323842048,0.1023216388038615,3969.727910650097,5779.607843137255,2959.719847426962,0.008671005256474,4520.0,16805.951171875,0.1033528000116348,0.015994468703866,0.880652666091919,0.2279495000839233,0.1532696187496185,0.7715491259795056,13.116335141651597,0.06190185546875,0.001879358664155,0.0163134903595078,0.991328994743526,,0.08960376668189816,3.7134423651246564,2
hf_wmms_parquet_d928625c00c2,hf_wmms_parquet,marine_mammal_other,exact,/mnt/data/subsim/dataset/hydrophone/raw/hf_wmms_parquet/frasers_dolphin/9101000y_d928625c00c2.wav,3.781238,3.781238,81920,0.0466054305434227,0.2353934361662975,8367.100168152841,13566.777408637874,5583.861145441731,0.066995233297348,40.0,393.2546997070313,0.1590623259544372,0.0378690883517265,0.8030686974525452,0.0774885267019271,0.0488249659538269,0.5,15.074428830155057,0.06300048828125,0.0002587334893178,0.0055515738465542,0.933004766702652,,2.7112342431567917,0.4958357335503466,5
hf_wmms_parquet_d61e9e698fd2,hf_wmms_parquet,marine_mammal_other,exact,/mnt/data/subsim/dataset/hydrophone/raw/hf_wmms_parquet/frasers_dolphin/91010020_d61e9e698fd2.wav,0.547083,0.547083,81920,0.0476115942001342,0.3006069260978222,11408.06329422672,13872.380952380952,4996.357656287759,0.0700286552309989,12960.0,107.41519927978516,0.008640288375318,0.036174539476633,0.9551852941513062,0.1145737096667289,0.0593539252877235,1.8278778142222816,14.623022513778254,0.06689453125,0.000402744859457,0.0084589660609898,0.929971344769001,,4.04033074474878,1.5861947626695074,5
hf_wmms_parquet_170da795a46d,hf_wmms_parquet,marine_mammal_other,exact,/mnt/data/subsim/dataset/hydrophone/raw/hf_wmms_parquet/harp_seal/6700900l_170da795a46d.wav,5.015625,5.015625,10240,0.0270757395774126,0.1237173620981716,473.4881587274744,781.7171717171717,474.84060393728254,0.0294938329607248,30.0,723.1006469726562,0.3646632730960846,0.5493876338005066,0.0859490483999252,0.1230159029364585,0.086387313902378,2.5,11.36448598130841,0.068310546875,0.0001184234279207,0.0043737836810635,0.9705061670392752,,-1.9622305230853558,-0.46500423309976247,4
hf_wmms_parquet_91165cca9237,hf_wmms_parquet,marine_mammal_other,exact,/mnt/data/subsim/dataset/hydrophone/raw/hf_wmms_parquet/walrus/7200200c_91165cca9237.wav,4.55205,4.55205,20000,0.0104543855413794,0.1210786467486818,927.8000828890364,1277.7777777777778,1444.4737256880708,0.0847850739955902,20.0,164.0686492919922,0.1292014271020889,0.156416967511177,0.7143816351890564,0.0246004164218902,0.0568460524082183,0.5,3.295218637756615,0.07685,7.144410119508393e-06,0.0006833888123359,0.9152149260044098,,-0.3604420991720571,-1.100440774291655,3
hf_wmms_parquet_d19c5b5a83f8,hf_wmms_parquet,marine_mammal_other,exact,/mnt/data/subsim/dataset/hydrophone/raw/hf_wmms_parquet/clymene_dolphin/8300604e_d19c5b5a83f8.wav,1.484229,1.484229,81920,0.0078236060217022,0.253472821929976,9181.437369944442,12967.863247863248,6236.04979067715,0.0649550929665565,40.0,825.7982177734375,0.2168651521205902,0.0071553764864802,0.7759795188903809,0.0741321295499801,0.0497836545109748,0.6737506990821462,16.17001677797151,0.06259765625,1.2842372598242946e-05,0.0016414901978675,0.9350449070334436,,3.032742017555621,-0.20501081859746137,5
hf_wmms_parquet_c53efe341d88,hf_wmms_parquet,marine_mammal_other,exact,/mnt/data/subsim/dataset/hydrophone/raw/hf_wmms_parquet/rough_toothed_dolphin/8501400n_c53efe341d88.wav,1.599988,1.599988,81920,0.0235698986798524,0.0805752651255054,1907.0722552283437,3342.5396825396824,3877.769409220669,0.028176337480545,80.0,6684.67578125,0.5576614141464233,0.1748076230287552,0.267531007528305,0.2427075356245041,0.1351144909858703,0.625004768407962,16.250123978607014,0.06219482421875,9.474534454056992e-05,0.0040197603656878,0.971823662519455,,-1.061155812824897,0.5533639403120684,4
hf_wmms_parquet_cd308ef76edf,hf_wmms_parquet,marine_mammal_whale,exact,/mnt/data/subsim/dataset/hydrophone/raw/hf_wmms_parquet/sperm_whale/72009006_cd308ef76edf.wav,2.685938,2.685938,40960,0.0389887057244777,0.0585647411716584,807.5573158168907,1349.0566037735848,1706.4517077996315,0.0258356370031833,60.0,2436.094970703125,0.6876431107521057,0.0709898099303245,0.2413671463727951,0.0646096989512443,0.0449932925403118,15.0,13.77545084351367,0.06484375,0.0002296777529409,0.0058908791319745,0.9741643629968166,,-1.372371153925542,-0.5671899586598801,0
hf_wmms_parquet_5d70e62293f5,hf_wmms_parquet,marine_mammal_whale,exact,/mnt/data/subsim/dataset/hydrophone/raw/hf_wmms_parquet/humpback_whale/55113004_5d70e62293f5.wav,9.559329,9.559329,14900,0.0944918468594551,0.1243812880442032,701.6735937833562,1259.421052631579,619.9001002782691,0.0026610239874571,60.0,74941.015625,0.4978698790073395,0.2753157615661621,0.2268143147230148,0.1954511553049087,0.1474149525165558,0.5000000000000001,12.971621944198716,0.068993288590604,0.0014672043034806,0.0155273111091525,0.9973389760125428,,-2.34639315389631,2.3327852902831374,4
hf_wmms_parquet_416172709e14,hf_wmms_parquet,marine_mammal_whale,exact,/mnt/data/subsim/dataset/hydrophone/raw/hf_wmms_parquet/sperm_whale/85005002_416172709e14.wav,1.673437,1.673437,81920,0.0282482393085956,0.1150583206285059,2933.146156266926,6329.69696969697,4216.190471201672,0.0375921875238418,320.0,1234.513427734375,0.0151884574443101,0.502410888671875,0.4824006259441376,0.0645999535918235,0.0388785153627395,13.14659197012138,14.939309056956116,0.06451416015625,7.203054701676592e-05,0.0025499128008412,0.962407812476158,,0.25017659018767435,-0.6177929077235896,0
hf_wmms_parquet_b836aa836688,hf_wmms_parquet,marine_mammal_whale,exact,/mnt/data/subsim/dataset/hydrophone/raw/hf_wmms_parquet/short_finned_pacific_pilot_whale/81037007_b836aa836688.wav,1.420313,1.420313,40960,0.0437663830816745,0.2574645466265578,5423.011256056726,9561.09090909091,4044.997825140791,0.1574252843856811,2480.0,336.7693176269531,0.1384536921977996,0.0128387622535228,0.8487074971199036,0.090131290256977,0.0797987133264541,0.704070407040704,14.785478547854783,0.06793212890625,0.0002334603195777,0.0053342383613631,0.8425747156143188,,2.3816666543310125,-0.13840021453520593,5
hf_wmms_parquet_6e7d1e4b5a7c,hf_wmms_parquet,marine_mammal_whale,exact,/mnt/data/subsim/dataset/hydrophone/raw/hf_wmms_parquet/long_finned_pilot_whale/7703400p_6e7d1e4b5a7c.wav,0.721875,0.721875,81920,0.0792467519640922,0.0871734167582649,2476.420901131713,3616.428571428572,3678.47165662644,0.0311277396976947,40.0,4022.72509765625,0.3793129920959472,0.0825427025556564,0.5381442308425903,0.2952231168746948,0.1583867818117141,1.3852813852813852,15.238095238095235,0.060205078125,0.0009062278550118,0.0114355204792621,0.9688722603023052,,-0.9064698930399684,2.3009158351735457,4
hf_wmms_parquet_333d121a9725,hf_wmms_parquet,marine_mammal_other,exact,/mnt/data/subsim/dataset/hydrophone/raw/hf_wmms_parquet/clymene_dolphin/8303503p_333d121a9725.wav,1.351879,1.351879,166600,0.0138327246531844,0.1825310138441182,13312.837013204473,23229.60686639908,13371.193905643846,0.1287398785352707,1057.51953125,35.455902099609375,0.0006299432134255,0.1257992684841156,0.8735707998275757,0.0232599675655365,0.0260572526603937,0.7397113083477265,14.054514858606804,0.0687184873949579,1.4654438018624203e-05,0.0010594035799151,0.8712601214647293,,5.235572709690429,0.2825291811753507,5
hf_wmms_parquet_0cc387295e24,hf_wmms_parquet,marine_mammal_other,exact,/mnt/data/subsim/dataset/hydrophone/raw/hf_wmms_parquet/ross_seal/66034001_0cc387295e24.wav,4.904867,4.904867,30000,0.0111472345888614,0.1240748921132216,1441.6761967645316,2197.265625,1574.2962668649864,0.0537922121584415,600.5859375,1991.89013671875,0.0490575321018695,0.6143638491630554,0.3365786671638489,0.1735222488641739,0.1129269674420356,0.5,15.087056392970249,0.0627,2.30742953135632e-05,0.0020699569142062,0.9462077878415583,,-0.9598034038412105,-0.3964001254892389,4
hf_wmms_parquet_4c402d44c81f,hf_wmms_parquet,marine_mammal_whale,exact,/mnt/data/subsim/dataset/hydrophone/raw/hf_wmms_parquet/humpback_whale/6301901v_4c402d44c81f.wav,11.193221,11.193221,14900,0.042371466755867,0.0421158666011104,259.1054816408404,348.06306306306305,198.48692360430252,0.0015495693078264,340.0,346769.375,0.1096808686852455,0.8725214004516602,0.017797777429223,0.1583260595798492,0.1471418589353561,0.5000000000000001,8.308600003597576,0.0714093959731543,0.0002886138390749,0.0068115140014168,0.9984504306921737,,-3.784657024977239,1.2602058133469936,6
hf_wmms_parquet_3ca85015468e,hf_wmms_parquet,marine_mammal_other,exact,/mnt/data/subsim/dataset/hydrophone/raw/hf_wmms_parquet/common_dolphin/75003047_3ca85015468e.wav,0.982353,0.982353,81600,0.0321940258145332,0.3069773824523759,10841.543701701192,21478.368506493505,8837.27112812215,0.1029499992728233,10638.28125,1635.2598876953125,0.0110816042870283,0.012573909945786,0.9763445258140564,0.069353200495243,0.1123115569353103,2.035928143712575,14.251497005988025,0.0622303921568627,0.0002649175876285,0.0082287809901913,0.8970500007271767,,4.948283061281573,1.7319615618382127,5
hf_wmms_parquet_f4593fbc155c,hf_wmms_parquet,marine_mammal_whale,exact,/mnt/data/subsim/dataset/hydrophone/raw/hf_wmms_parquet/sperm_whale/90039006_f4593fbc155c.wav,20.0,89.189431,160000,0.196881890296936,0.455325142289107,43323.75117231345,64722.68625960307,22178.84901129076,0.0383670441806316,40000.0,5908.2177734375,0.0469954013824462,0.0394422262907028,0.9135623574256896,0.15544094145298,0.1032144352793693,0.5,14.8,0.0637,0.0058411979116499,0.0296685383445405,0.9616329558193684,,13.785436854320583,12.146826357692705,1
hf_wmms_parquet_d93702e3ece5,hf_wmms_parquet,marine_mammal_other,exact,/mnt/data/subsim/dataset/hydrophone/raw/hf_wmms_parquet/spinner_dolphin/71003009_d93702e3ece5.wav,0.9453,0.9453,81920,0.0247769597917795,0.1215036545365324,2995.6061353293767,5515.675675675676,6977.290107063219,0.0268034990876913,40.0,14386.9716796875,0.7967532873153687,0.0764915123581886,0.1267551630735397,0.2124716937541961,0.1142968833446502,11.63651390126422,14.81010860160901,0.06407470703125,0.000120952288853,0.0048816436667202,0.9731965009123088,,-0.6614636262395666,0.5365916307193944,0
hf_wmms_parquet_d3b141633358,hf_wmms_parquet,marine_mammal_other,exact,/mnt/data/subsim/dataset/hydrophone/raw/hf_wmms_parquet/white_sided_dolphin/6107202t_d3b141633358.wav,3.078975,3.078975,80000,0.084081545472145,0.3001863452380469,10974.39204764222,14508.041317991632,4822.995779315142,0.0359568260610103,11718.75,125.53990936279295,0.0358424223959445,0.023257665336132,0.9408999085426332,0.093929037451744,0.0717635527253151,2.0,12.666552992473145,0.0736749999999999,0.0012973279226571,0.0154294014858645,0.9640431739389896,,3.4841758128328166,2.8603053682126895,5
hf_wmms_parquet_9ff36c17350e,hf_wmms_parquet,marine_mammal_other,exact,/mnt/data/subsim/dataset/hydrophone/raw/hf_wmms_parquet/atlantic_spotted_dolphin/6102602u_9ff36c17350e.wav,1.692,1.692,80000,0.0934156402945518,0.1480138003383594,5051.4597997036735,7145.157442748092,3227.341742459799,0.0078236004337668,7500.0,8232.244140625,0.0551403686404228,0.0019309369381517,0.9429287910461426,0.1650582253932953,0.1768676191568374,0.5910165484633569,7.683215130023641,0.0633625,0.001139969099313,0.0122031931238317,0.9921763995662332,,0.6739616930625487,3.3072823357473466,5
hf_wmms_parquet_c21c0243fd4e,hf_wmms_parquet,marine_mammal_whale,exact,/mnt/data/subsim/dataset/hydrophone/raw/hf_wmms_parquet/short_finned_pacific_pilot_whale/8103700l_c21c0243fd4e.wav,1.420313,1.420313,40960,0.0464897528290748,0.2321787709497206,4522.359707035524,6958.909090909091,2931.1155731231597,0.116463765501976,3440.0,4043.42431640625,0.0515423826873302,0.0036935626994818,0.944763958454132,0.1048978939652443,0.102087877690792,0.704070407040704,14.785478547854783,0.06029052734375,0.000455784756923,0.0098039832259172,0.883536234498024,,1.8923431908038766,0.6523652818647011,5
hf_wmms_parquet_bd0b42c5e055,hf_wmms_parquet,marine_mammal_whale,exact,/mnt/data/subsim/dataset/hydrophone/raw/hf_wmms_parquet/bowhead_whale/8800600n_bd0b42c5e055.wav,5.5674,5.5674,10000,0.048993743956089,0.1825480933306989,719.7946631882814,1292.1818181818182,720.1038587635622,0.1058869585394859,220.0,9068.2626953125,0.0567221492528915,0.9286370277404784,0.0146408258005976,0.083690732717514,0.1645806729793548,0.5,9.340086934655314,0.072,0.0005217393045313,0.0106491005257391,0.8941130414605141,,-2.0642440033717158,0.2325471245679795,4
hf_wmms_parquet_81e63b1c03fa,hf_wmms_parquet,marine_mammal_orca,exact,/mnt/data/subsim/dataset/hydrophone/raw/hf_wmms_parquet/false_killer_whale/6102300j_81e63b1c03fa.wav,1.093738,1.093738,81920,0.0364167504012584,0.1744346972030625,6430.110823942429,10731.162790697674,4844.773446140466,0.0728380531072616,3600.0,6197.10205078125,1.823200727812946e-05,0.003477438353002,0.9965041279792786,0.0613145381212234,0.0719828456640243,0.914295918481233,12.800142858737264,0.070068359375,0.0001881314383354,0.0051660688078235,0.9271619468927385,,2.4313525849557274,0.522125314786856,5
hf_wmms_parquet_1f247bdd5d19,hf_wmms_parquet,marine_mammal_whale,exact,/mnt/data/subsim/dataset/hydrophone/raw/hf_wmms_parquet/humpback_whale/55113003_1f247bdd5d19.wav,9.144832,9.144832,14900,0.0839625597000122,0.1150986738296014,638.0156461903858,1252.8176795580112,633.4228574772933,0.0024700784124433,60.0,42076.74609375,0.3331339955329895,0.3956281542778015,0.2712378203868866,0.1666064262390136,0.1282460987567901,0.5000000000000001,10.82578637584582,0.0744630872483221,0.0014119854895398,0.0168168466345932,0.9975299215875566,,-2.2744099980496326,2.0966263636787286,4
hf_wmms_parquet_9c1188ee0afa,hf_wmms_parquet,marine_mammal_orca,exact,/mnt/data/subsim/dataset/hydrophone/raw/hf_wmms_parquet/false_killer_whale/61023008_9c1188ee0afa.wav,0.984363,0.984363,81920,0.0245984867215156,0.1621319973213621,6355.761171619959,10561.558441558442,5164.660538286531,0.0683800801634788,3680.0,380.2431640625,2.055610821116716e-05,0.0114035196602344,0.9885759353637696,0.0278318189084529,0.0306760463863611,1.0158856136608836,12.190627363930604,0.07037353515625,8.318624168168753e-05,0.0033817625701968,0.9316199198365211,,2.6346231181189226,-0.04116079248117363,5
hf_wmms_parquet_6315add456e5,hf_wmms_parquet,marine_mammal_other,exact,/mnt/data/subsim/dataset/hydrophone/raw/hf_wmms_parquet/ross_seal/6608500c_6315add456e5.wav,4.25285,4.25285,20000,0.0628802105784416,0.1653969149736644,1315.2058954926329,2501.5476190476197,1099.0822542428348,0.0455003157258033,650.0,577.5264282226562,0.0060910359025001,0.5456085205078125,0.4483004510402679,0.2119499146938324,0.1206064820289611,0.5,15.048732026758527,0.06705,0.0002446245925966,0.0038903271846968,0.9544996842741966,,-0.9437796867451173,0.45527421242116484,4
hf_wmms_parquet_24d1ae8cd058,hf_wmms_parquet,marine_mammal_other,exact,/mnt/data/subsim/dataset/hydrophone/raw/hf_wmms_parquet/atlantic_spotted_dolphin/6102500o_24d1ae8cd058.wav,1.330165,1.330165,60600,0.0031711852643638,0.3773121441065912,12435.704486943036,16214.465807629873,4829.946465435521,0.2099595963954925,11687.988281250002,132.7891387939453,3.332652704557404e-05,9.782004781300202e-05,0.9998685717582704,0.083038218319416,0.0696117207407951,0.7517864231838032,15.035728463676064,0.0666831683168316,1.5510009916397394e-06,0.0004890918889476,0.7900404036045074,,5.237019088915032,-0.3606901063623511,5
hf_wmms_parquet_a170f2525415,hf_wmms_parquet,marine_mammal_other,exact,/mnt/data/subsim/dataset/hydrophone/raw/hf_wmms_parquet/leopard_seal/6608400t_a170f2525415.wav,6.794,6.794,5000,0.0483264103531837,0.1188730901704495,248.88898931718515,346.86567164179104,167.2539858892343,0.019123924896121,330.0,1571.9080810546875,0.3797743320465088,0.6153514385223389,0.0048741428181529,0.2237760424613952,0.1231530010700225,0.5,13.688548719458346,0.0681,0.0002953033836092,0.006110600424178,0.980876075103879,,-2.5303939993305664,0.3976400524629043,4
hf_wmms_parquet_51a3d1c621f5,hf_wmms_parquet,marine_mammal_other,exact,/mnt/data/subsim/dataset/hydrophone/raw/hf_wmms_parquet/spinner_dolphin/7100800l_51a3d1c621f5.wav,1.099838,1.099838,80000,0.0246794689446687,0.2599277157729638,10028.477147959238,12620.90773809524,4790.297934975992,0.1043219938874244,11367.1875,308.0417785644531,0.0440284200012683,0.0101490775123238,0.9458224177360536,0.0776306390762329,0.0468187071382999,0.909225226453908,16.366054076170343,0.05885,0.0001558257790748,0.0063139842845828,0.8956780061125755,,4.028118886798412,0.6047382300592176,5
hf_wmms_parquet_59085d7015df,hf_wmms_parquet,marine_mammal_whale,exact,/mnt/data/subsim/dataset/hydrophone/raw/hf_wmms_parquet/northern_right_whale/81014029_59085d7015df.wav,3.887114,3.887114,14900,0.0164209771901369,0.1550494673411951,776.3124814934242,1665.657894736842,1204.3199863697928,0.1239240765571594,130.0,1012.5133056640624,0.754357635974884,0.1659636348485946,0.0796786919236183,0.1537217795848846,0.1372571289539337,0.5000000000000001,14.406574812666184,0.064228187919463,4.519628782873042e-05,0.0027523506855076,0.8760759234428406,,-1.2864101711282332,-0.8262111628781861,3
hf_wmms_parquet_5637ce3b9d0b,hf_wmms_parquet,marine_mammal_other,exact,/mnt/data/subsim/dataset/hydrophone/raw/hf_wmms_parquet/common_dolphin/58014036_5637ce3b9d0b.wav,1.766515,1.766515,43900,0.0454012863337993,0.0854427523243368,696.548026352393,843.5177364864865,1889.68557077891,0.0072174677625298,171.484375,4813.07470703125,0.6977956891059875,0.231990173459053,0.0702141523361206,0.2885229587554931,0.1520628631114959,2.2643455834945194,14.718246292714378,0.0707972665148063,0.0002063021529465,0.0045439715391602,0.99278253223747,,-2.413917554777864,0.8281048778532898,4
hf_wmms_parquet_3bf8d5a2cac8,hf_wmms_parquet,marine_mammal_whale,exact,/mnt/data/subsim/dataset/hydrophone/raw/hf_wmms_parquet/beluga_white_whale/62018001_3bf8d5a2cac8.wav,1.8635,1.8635,40000,0.0280664321035146,0.0217604207193549,328.5079376115346,536.4216549295775,641.0296784047002,0.00296570523642,19.53125,74958.015625,0.6089245080947876,0.3049415349960327,0.0861339345574379,0.0717059224843978,0.0493638701736927,1.0732492621411325,14.488865038905288,0.0628374999999999,0.0001232807262567,0.0043924616352268,0.99703429476358,,-2.015669230066401,-0.4844037216303609,3
hf_wmms_parquet_0e36eceeaa1e,hf_wmms_parquet,marine_mammal_orca,exact,/mnt/data/subsim/dataset/hydrophone/raw/hf_wmms_parquet/killer_whale/9761900t_0e36eceeaa1e.wav,3.059087,3.059087,21900,0.0061847050674259,0.2712970011792276,2569.543628222654,4711.928558349609,2304.684042256172,0.2208425402641296,1293.896484375,56.3632698059082,0.0333074815571308,0.0535014681518077,0.9131909608840942,0.0801046788692474,0.0840823426842689,0.5,9.153058482849213,0.0705022831050228,3.691156507557025e-06,0.0005968201339787,0.7791574597358704,,1.6848456984665086,-1.538097308617003,7
hf_wmms_parquet_6e49136c5b16,hf_wmms_parquet,marine_mammal_whale,exact,/mnt/data/subsim/dataset/hydrophone/raw/hf_wmms_parquet/sperm_whale/9357000r_6e49136c5b16.wav,8.215074,8.215074,81600,0.0376320220530033,0.1384174512082512,4419.87843420888,7463.228608346095,4493.775054296149,0.0023394394665956,2868.75,142774.34375,2.3605705791851506e-05,6.394351657945663e-05,0.9999125003814696,0.0606814436614513,0.0589793398976326,2.0,15.337659431640189,0.0621200980392156,0.0001236540119862,0.0032858721173358,0.9976605605334044,,1.5761208231894634,0.6922984413625567,5
hf_wmms_parquet_447a6b9d5510,hf_wmms_parquet,marine_mammal_other,exact,/mnt/data/subsim/dataset/hydrophone/raw/hf_wmms_parquet/atlantic_spotted_dolphin/6102603i_447a6b9d5510.wav,1.3113,1.3113,80000,0.1012105643749237,0.1634938943595512,5882.166245268271,8851.717202970298,3543.4533383265075,0.0108104916289448,39.0625,13150.134765625,0.1127875074744224,0.0040633543394505,0.8831491470336914,0.1137461587786674,0.1172697320580482,0.7626019980172347,6.863417982155114,0.063475,0.0008931640768423,0.0088248107532027,0.9891895083710552,,0.700013884399742,2.3016203358990217,5
hf_wmms_parquet_c592b784a3fa,hf_wmms_parquet,marine_mammal_whale,exact,/mnt/data/subsim/dataset/hydrophone/raw/hf_wmms_parquet/sperm_whale/84016002_c592b784a3fa.wav,20.0,43.962325,40000,0.0473057590425014,0.0703488379360474,1028.2046559449975,1814.4781650641023,2418.846239344768,0.0636114776134491,19.53125,6566.9384765625,0.8428224921226501,0.0311423949897289,0.1260350346565246,0.0742327645421028,0.0402256995439529,1.0,14.85,0.0632875,0.0003039865987375,0.0064259955845544,0.9363885223865508,,-1.0166718879296568,-0.48186149520791716,3
hf_wmms_parquet_9e7d8842d7d7,hf_wmms_parquet,marine_mammal_other,exact,/mnt/data/subsim/dataset/hydrophone/raw/hf_wmms_parquet/atlantic_spotted_dolphin/61025007_9e7d8842d7d7.wav,1.763986,1.763986,43900,0.0633752718567848,0.0899300085229473,1444.7948087313744,2659.745829814189,3114.4336042114296,0.0260073337703943,21.435546875,43375.41015625,0.8740889430046082,0.0119389193132519,0.1139721050858497,0.2669310867786407,0.1993691325187683,1.133795632691538,13.038649775952685,0.0704328018223234,0.0002789279387798,0.0044012109234929,0.9739926662296056,,-2.159650138551796,1.4436576057315864,4
hf_wmms_parquet_871608270f6e,hf_wmms_parquet,marine_mammal_whale,exact,/mnt/data/subsim/dataset/hydrophone/raw/hf_wmms_parquet/humpback_whale/55113001_871608270f6e.wav,20.0,38.383356,14900,0.0630978792905807,0.1052620981949603,566.5756483587816,1098.1453634085212,588.1550948960104,0.0028042290359735,60.0,67075.03125,0.4233956634998321,0.4191117584705353,0.1574925482273101,0.165010318160057,0.1178552657365799,0.5000000000000001,14.3,0.0654362416107382,0.0006556689040735,0.0103912985893493,0.9971957709640265,,-2.1796517195183682,1.0776169707298964,4
hf_wmms_parquet_eb88ea339ab5,hf_wmms_parquet,marine_mammal_orca,exact,/mnt/data/subsim/dataset/hydrophone/raw/hf_wmms_parquet/false_killer_whale/95003008_eb88ea339ab5.wav,2.248,2.248,80000,0.011349968612194,0.2709089796985081,9585.426583778264,12722.47665229885,4917.544302264073,0.0608158372342586,6289.0625,315.3515319824219,0.000280035106698,0.0002935887605417,0.9994264841079712,0.043424516916275,0.0474538840353488,1.5,15.124555160142346,0.0625375,1.7672085959929973e-05,0.0015570162845548,0.9391841627657412,,3.746658614734573,0.0515239693564506,5
hf_wmms_parquet_8492a0e47660,hf_wmms_parquet,marine_mammal_other,exact,/mnt/data/subsim/dataset/hydrophone/raw/hf_wmms_parquet/spinner_dolphin/71001037_8492a0e47660.wav,1.1867,1.1867,80000,0.0336912423372268,0.1807447200716279,5913.250233904908,10719.436813186812,5366.04059989788,0.0668707340955734,39.0625,1271.6458740234375,0.273660272359848,0.0882831662893295,0.6380565166473389,0.1259894371032714,0.0694869011640548,1.685345917249515,17.69613213111991,0.054275,0.0001440486666979,0.0042755522414941,0.9331292659044266,,1.7880916921827201,0.24244071191730843,5
hf_wmms_parquet_ec3ef11fe13c,hf_wmms_parquet,marine_mammal_whale,exact,/mnt/data/subsim/dataset/hydrophone/raw/hf_wmms_parquet/melon_headed_whale/9101204m_ec3ef11fe13c.wav,6.940842,6.940842,60600,0.0264005232602357,0.088040341025263,1636.9849151470496,2863.7759779951107,2506.71120881715,0.0275405384600162,59.17968750000001,3340.37939453125,0.3134441971778869,0.3279928267002105,0.3585630059242248,0.0973835289478302,0.0602771565318107,0.5000000000000001,14.407474769088122,0.0667161716171617,7.198123057605699e-05,0.0027265077234945,0.9724594615399836,,-0.6458994050451677,-0.46880682559856657,3
hf_wmms_parquet_57bb6fc2fc6a,hf_wmms_parquet,marine_mammal_other,exact,/mnt/data/subsim/dataset/hydrophone/raw/hf_wmms_parquet/white_beaked_dolphin/72005005_57bb6fc2fc6a.wav,2.506469,2.506469,60600,0.0034013665281236,0.2550644870334648,6203.2385791995175,10586.72273596939,5055.735176544027,0.0978995189070701,2189.6484375000005,88.28081512451172,0.020883547142148,0.0049385926686227,0.9741777777671814,0.1864813715219497,0.1060991287231445,0.5000000000000001,14.362836752429358,0.0718151815181518,1.129923134612909e-06,0.0003321968170551,0.9021004810929298,,2.440521980648519,0.0386856207436512,5
hf_wmms_parquet_b12c2d98a425,hf_wmms_parquet,marine_mammal_other,exact,/mnt/data/subsim/dataset/hydrophone/raw/hf_wmms_parquet/narwhal/75014012_b12c2d98a425.wav,1.417969,1.417969,81920,0.0593320652842521,0.1473669711343933,4327.848073677613,10570.0,6874.638461539239,0.059963408857584,40.0,516.7440185546875,0.2578064799308777,0.4065778851509094,0.3356155455112457,0.2417636215686798,0.1228541284799575,0.7052341597796143,15.515151515151516,0.06053466796875,0.0003524803614709,0.0059408072140473,0.940036591142416,,0.3635955404393052,1.331356561657475,4
hf_wmms_parquet_f9ef8cbc0b4f,hf_wmms_parquet,marine_mammal_whale,exact,/mnt/data/subsim/dataset/hydrophone/raw/hf_wmms_parquet/minke_whale/64104003_f9ef8cbc0b4f.wav,0.708594,0.708594,1280,0.0196784306317567,0.3189845474613687,207.96897706766973,401.5384615384616,168.27859752089338,0.218263640999794,20.0,11.78478717803955,0.6331680417060852,0.3668319582939148,0.0,0.2990622520446777,0.1629531532526016,5.644983461962513,11.289966923925029,0.07109375,5.8938752772519365e-05,0.0029950941654061,0.781736359000206,,-1.6309401829947445,-1.092593489768133,4
hf_wmms_parquet_f8cb8bd3e8c5,hf_wmms_parquet,marine_mammal_other,exact,/mnt/data/subsim/dataset/hydrophone/raw/hf_wmms_parquet/rough_toothed_dolphin/8501300y_f8cb8bd3e8c5.wav,0.958594,0.958594,81920,0.0202843695878982,0.0608325798769849,1130.8624873150582,1756.8,2807.3666241378505,0.0151699604466557,80.0,7044.287109375,0.7184499502182007,0.1289250403642654,0.1526250392198562,0.0751085132360458,0.0417472198605537,4.172779136104319,14.604726976365118,0.07838134765625,7.62896379455924e-05,0.0037610061092234,0.9848300395533442,,-1.2276679643925574,-0.7683886952743804,3
hf_wmms_parquet_a1c7c00b7fed,hf_wmms_parquet,marine_mammal_other,exact,/mnt/data/subsim/dataset/hydrophone/raw/hf_wmms_parquet/common_dolphin/7500303r_a1c7c00b7fed.wav,2.910221,2.910221,81600,0.0941149368882179,0.2828110985248849,10442.927931933324,16836.582880434784,5601.090014595271,0.0145645979791879,7251.5625,1256.189697265625,0.0028638860676437,0.001039617229253,0.9960964918136596,0.2045332938432693,0.1873208582401275,0.5,9.621263801510905,0.0760539215686274,0.0020138635300099,0.0213979161711651,0.985435402020812,,2.4518574190272866,4.798036793868171,5
hf_wmms_parquet_27569b03e1be,hf_wmms_parquet,marine_mammal_other,exact,/mnt/data/subsim/dataset/hydrophone/raw/hf_wmms_parquet/narwhal/7501400u_27569b03e1be.wav,1.417969,1.417969,81920,0.0876030996441841,0.1682693549359068,5270.008415214075,12726.42857142857,7193.762628531591,0.0547901093959808,840.0,921.0083618164062,0.0589776374399662,0.4034299850463867,0.537592351436615,0.1594615131616592,0.1217951774597168,0.7052341597796143,16.22038567493113,0.056787109375,0.0006037726998329,0.0068921385462198,0.9452098906040192,,1.3084787516892042,1.7529793063688566,5
hf_wmms_parquet_e2c260c17a2a,hf_wmms_parquet,marine_mammal_orca,exact,/mnt/data/subsim/dataset/hydrophone/raw/hf_wmms_parquet/killer_whale/9750400c_e2c260c17a2a.wav,3.284749,3.284749,21900,0.0138894161209464,0.2671717522763606,2851.024439544968,4319.497282608696,1639.7436276064675,0.1623872220516204,2224.21875,850.7839965820312,0.0103981783613562,0.0108765866607427,0.9787251949310304,0.0703193917870521,0.0957295298576355,0.5,8.219806494661922,0.0821232876712328,3.1479965400649235e-05,0.0022664714718215,0.8376127779483795,,1.3960141531829506,-0.9610339873083256,3
hf_wmms_parquet_2e5e405980ce,hf_wmms_parquet,marine_mammal_other,exact,/mnt/data/subsim/dataset/hydrophone/raw/hf_wmms_parquet/clymene_dolphin/8300600b_2e5e405980ce.wav,1.417969,1.417969,81920,0.0071021895855665,0.2244940125173254,8665.101739577223,12694.285714285714,6098.200360047502,0.0654412284493446,40.0,997.705078125,0.2666022181510925,0.0112698497250676,0.7221278548240662,0.1091210320591926,0.0627994015812873,1.4104683195592287,14.104683195592289,0.0743896484375,9.189609045279212e-06,0.0012939121003839,0.9345587715506554,,2.4077549546883885,-0.1007986440485386,5
hf_wmms_parquet_223746d520cf,hf_wmms_parquet,marine_mammal_whale,exact,/mnt/data/subsim/dataset/hydrophone/raw/hf_wmms_parquet/fin_finback_whale/61039001_223746d520cf.wav,20.0,72.31,600,0.0075016850605607,0.3279439953329444,91.40200596755903,143.5735887096774,50.50267207876156,0.1907533556222915,18.75,51.75682830810547,0.983159601688385,0.0168403144925832,0.0,0.1427798271179199,0.1160982549190521,0.5,10.4,0.0816666666666666,7.620153610332636e-06,0.0010157922583792,0.8092466443777084,,-1.1171070758592727,-1.9430695666814775,3
hf_wmms_parquet_92fa05f83145,hf_wmms_parquet,marine_mammal_whale,exact,/mnt/data/subsim/dataset/hydrophone/raw/hf_wmms_parquet/bowhead_whale/8800601b_92fa05f83145.wav,4.3098,4.3098,10000,0.03133450075984,0.2056059586514142,800.8985470238996,1469.529411764706,786.7132165174976,0.1313674598932266,230.0,917.1931762695312,0.0646784678101539,0.857552170753479,0.077769435942173,0.1112405508756637,0.144685223698616,0.5,9.049143811777808,0.0615,0.0001128418007283,0.0036011998911235,0.8686325401067734,,-1.5288730413355838,-0.6553055274121473,4
hf_wmms_parquet_1b5e406eefbd,hf_wmms_parquet,marine_mammal_other,exact,/mnt/data/subsim/dataset/hydrophone/raw/hf_wmms_parquet/clymene_dolphin/8303503o_1b5e406eefbd.wav,0.585437,0.585437,81920,0.0508563295006752,0.0939155094040618,3341.118362882989,6790.222222222223,7366.339819296434,0.0748210176825523,40.0,5759.77099609375,0.7834627032279968,0.0515879467129707,0.1649493724107742,0.1965064257383346,0.1126210540533065,5.124377072082403,13.665005525553076,0.07740478515625,0.0003184078086633,0.0062609278291079,0.9251789823174476,,-0.43298322907381076,0.7553238500096514,3
hf_wmms_parquet_4b0cc0f7002f,hf_wmms_parquet,marine_mammal_other,exact,/mnt/data/subsim/dataset/hydrophone/raw/hf_wmms_parquet/pantropical_spotted_dolphin/9004401s_4b0cc0f7002f.wav,1.051815,1.051815,60600,0.0335454680025577,0.3516371452329029,10563.175597311618,17340.61859631148,6267.901829801453,0.1444560885429382,11895.117187500002,42.97779083251953,3.5576135815063026e-06,2.3229760699905452e-05,0.9999732971191406,0.10584257543087,0.0733731687068939,0.9507373705679324,15.211797929086917,0.0663036303630363,9.163258073385804e-05,0.0027315934517336,0.8555439114570618,,4.887915813333609,0.6351635799977229,5
hf_wmms_parquet_bb5937ff1393,hf_wmms_parquet,marine_mammal_other,exact,/mnt/data/subsim/dataset/hydrophone/raw/hf_wmms_parquet/pantropical_spotted_dolphin/90028009_bb5937ff1393.wav,0.708984,0.708984,81920,0.0159412417560815,0.2987826925394721,14433.9119938925,28909.81818181818,11007.819194412585,0.2802584171295166,31480.0,57.306739807128906,9.924579899234232e-06,3.749644383788109e-05,0.9999526739120485,0.0717425122857093,0.0552061274647712,1.4104683195592287,18.336088154269973,0.05455322265625,1.1008740329998544e-05,0.0006905823584983,0.7197415828704834,,8.518966369665785,1.0254578159653343,1
hf_wmms_parquet_489a14e9afcc,hf_wmms_parquet,marine_mammal_whale,exact,/mnt/data/subsim/dataset/hydrophone/raw/hf_wmms_parquet/short_finned_pacific_pilot_whale/5702100i_489a14e9afcc.wav,1.041867,1.041867,30000,0.0904181152582168,0.2432250839865621,3443.0821859397383,5090.584590517241,1690.6115670043137,0.0418152958154678,3017.578125,6906.29443359375,2.726868387981085e-06,0.0068413410335779,0.9931558966636658,0.0929291918873786,0.126464769244194,0.9598157153826464,13.43742001535705,0.0602,0.0024089936632663,0.0266428210360283,0.9581847041845322,,0.9241606945264071,3.259081101207981,2
hf_wmms_parquet_a380d276ce6d,hf_wmms_parquet,marine_mammal_whale,exact,/mnt/data/subsim/dataset/hydrophone/raw/hf_wmms_parquet/fin_finback_whale/6000900m_a380d276ce6d.wav,5.998333,5.998333,600,0.0070083057507872,0.2323513062812673,59.32381085637977,103.4659090909091,43.54236793540424,0.0424693264067173,18.75,3361.4580078125,0.999557077884674,0.0004429265973158,0.0,0.1466180384159088,0.1605352759361267,0.5,9.669352597943874,0.08,8.07902051747078e-06,0.0011527779756769,0.9575306735932828,,-2.121535385526839,-0.6477336218029894,3
hf_wmms_parquet_534b669a443d,hf_wmms_parquet,marine_mammal_other,exact,/mnt/data/subsim/dataset/hydrophone/raw/hf_wmms_parquet/ross_seal/6608500d_534b669a443d.wav,3.05515,3.05515,20000,0.0657844841480255,0.1657556217472423,1316.8269463572526,2447.0,1126.5676831025617,0.0490034595131874,450.0,701.4305419921875,0.0057701310142874,0.5424601435661316,0.4517696797847748,0.1855662763118744,0.1060171872377395,0.5,14.074595355383533,0.0681249999999999,0.0002480050025042,0.0037699619555029,0.9509965404868126,,-0.884329943834349,0.30326000241976186,4
hf_wmms_parquet_198dc8d42774,hf_wmms_parquet,marine_mammal_whale,exact,/mnt/data/subsim/dataset/hydrophone/raw/hf_wmms_parquet/bowhead_whale/88006013_198dc8d42774.wav,3.6912,3.6912,10000,0.023626159876585,0.2207742949256319,963.6082265216832,1595.4166666666667,718.3262259459464,0.0959691330790519,650.0,568.1329345703125,0.0351905971765518,0.7465969920158386,0.2182123959064483,0.167241096496582,0.1558780521154403,0.5,9.211096662332034,0.0643,0.0001277652772841,0.0054077885676805,0.904030866920948,,-1.4478128297335324,-0.10670951629990455,4
hf_wmms_parquet_a5c2ebed2a55,hf_wmms_parquet,marine_mammal_other,exact,/mnt/data/subsim/dataset/hydrophone/raw/hf_wmms_parquet/spinner_dolphin/7100300a_a5c2ebed2a55.wav,0.9453,0.9453,81920,0.0254345219582319,0.1493194555644515,4100.6178786767405,8725.945945945947,7229.7256563092,0.0356154926121234,40.0,6008.99609375,0.6910229325294495,0.081005610525608,0.227971464395523,0.2214187383651733,0.1096098721027374,11.63651390126422,15.867973501723938,0.065521240234375,0.0001132391043938,0.0044521813531772,0.9643845073878764,,0.049034430693262625,0.5808433529299118,0
hf_wmms_parquet_2e6a0a671fdf,hf_wmms_parquet,marine_mammal_other,exact,/mnt/data/subsim/dataset/hydrophone/raw/hf_wmms_parquet/pantropical_spotted_dolphin/94008011_2e6a0a671fdf.wav,0.6938,0.6938,80000,0.0515237599611282,0.1084445885807974,5068.345078790985,9718.455188679243,5323.550481362116,0.0823760107159614,39.0625,2932.053466796875,0.7541077733039856,0.0075533892959356,0.2383390367031097,0.1113831400871276,0.0805076882243156,4.324012683770539,14.413375612568464,0.077575,0.000254757120274,0.0049444590313529,0.9176239892840384,,0.2532101425927227,0.20024418391452306,3
hf_wmms_parquet_7a71a378b5df,hf_wmms_parquet,marine_mammal_other,exact,/mnt/data/subsim/dataset/hydrophone/raw/hf_wmms_parquet/striped_dolphin/5801100z_7a71a378b5df.wav,0.769835,0.769835,60600,0.0544502288103103,0.2891256350346187,7319.916562594665,11285.162908380684,3969.0275621973474,0.0129347704350948,14499.023437500002,135.6624755859375,8.11475001682993e-06,0.0038351942785084,0.9961568117141724,0.1338427513837814,0.0790628492832183,1.2989796793277888,15.587756151933464,0.0632013201320132,0.0003499545273371,0.0064270533839228,0.9870652295649052,,3.2781522866384796,1.7557113505479425,5
hf_wmms_parquet_6d5c2d3ccd49,hf_wmms_parquet,marine_mammal_whale,exact,/mnt/data/subsim/dataset/hydrophone/raw/hf_wmms_parquet/humpback_whale/6301901u_6d5c2d3ccd49.wav,14.027651,14.027651,14900,0.04370579123497,0.0337350665754433,211.12066765383892,258.35125448028674,178.84319519022804,0.0016788749489933,310.0,247068.6875,0.2977793514728546,0.6900162100791931,0.0122044924646615,0.2023425251245498,0.1841949671506881,0.5000000000000001,6.701050657378524,0.0665771812080536,0.0003205664688721,0.0073346451306961,0.9983211250510068,,-3.8889032084170796,1.5906968131203558,6
hf_wmms_parquet_1c2463862390,hf_wmms_parquet,marine_mammal_orca,exact,/mnt/data/subsim/dataset/hydrophone/raw/hf_wmms_parquet/false_killer_whale/6102300v_1c2463862390.wav,0.639844,0.639844,81920,0.0142438085749745,0.1378422207383382,4748.138267658673,7904.8,4467.252523764735,0.0570473000407218,3720.0,19199.38671875,4.0869763324735686e-05,0.0225776582956314,0.9773814082145692,0.256626158952713,0.1622789204120636,1.5628815628815629,15.628815628815628,0.06204833984375,2.0135223167017106e-05,0.0014136123115961,0.942952699959278,,1.3047945093035385,1.0584079865246203,5
hf_wmms_parquet_fb1b135f6280,hf_wmms_parquet,marine_mammal_whale,exact,/mnt/data/subsim/dataset/hydrophone/raw/hf_wmms_parquet/beluga_white_whale/6503300d_fb1b135f6280.wav,1.314844,1.314844,81920,0.0280504133552312,0.108874673895888,3212.1959663949674,6332.307692307692,3971.152867782642,0.0258922353386878,120.0,1714.5318603515625,0.3945555686950683,0.0742516741156578,0.5311927199363708,0.1769754290580749,0.107352003455162,0.7605466428995841,12.929292929292927,0.0535400390625,6.268760625971481e-05,0.002234819339865,0.974107764661312,,0.05023291196515435,0.5012867445354963,4
hf_wmms_parquet_cfa5b45477cc,hf_wmms_parquet,marine_mammal_other,exact,/mnt/data/subsim/dataset/hydrophone/raw/hf_wmms_parquet/bearded_seal/71012008_cfa5b45477cc.wav,0.836719,0.836719,5120,0.0270723532885313,0.1454587905673593,301.9255584680354,468.6666666666667,251.6860152406591,0.0367923565208911,330.0,3738.139892578125,0.1633972227573394,0.8278959393501282,0.0087067829445004,0.2467841953039169,0.1922222077846527,1.1951447245564892,10.756302521008404,0.067578125,0.0001402566413162,0.0051808071435911,0.9632076434791088,,-2.8126048757835194,0.5350343494405599,4
hf_wmms_parquet_4cab33875e38,hf_wmms_parquet,marine_mammal_other,exact,/mnt/data/subsim/dataset/hydrophone/raw/hf_wmms_parquet/narwhal/7501400n_4cab33875e38.wav,1.417969,1.417969,81920,0.0715121179819107,0.1664442703535671,4866.554564810857,11272.142857142857,6775.99248364837,0.0663145035505294,40.0,401.80859375,0.1470654606819152,0.1359335929155349,0.7170009613037109,0.1714315265417099,0.10353484749794,2.8209366391184574,14.104683195592289,0.069580078125,0.0004588281735777,0.0064160898393113,0.9336854964494704,,1.3352903528208753,1.303010119946016,5
hf_wmms_parquet_26993e818e22,hf_wmms_parquet,marine_mammal_other,exact,/mnt/data/subsim/dataset/hydrophone/raw/hf_wmms_parquet/harp_seal/67010005_26993e818e22.wav,0.708984,0.708984,10240,0.0161934122443199,0.1314230610276897,402.7174826137261,615.3846153846154,618.0734634605744,0.061696920543909,50.0,469.6555480957031,0.4719409048557281,0.4651780426502228,0.0628810822963714,0.3002723157405853,0.1610716879367828,1.4104683195592287,15.515151515151516,0.058251953125,3.896704947692342e-05,0.0024063519711965,0.9383030794560908,,-2.184520019317302,0.007894390496046724,4
hf_wmms_parquet_575cee244dde,hf_wmms_parquet,marine_mammal_other,exact,/mnt/data/subsim/dataset/hydrophone/raw/hf_wmms_parquet/grampus_rissos_dolphin/5903002q_575cee244dde.wav,0.707812,0.707812,81920,0.0263828858733177,0.1962816687649828,6581.803385544875,10605.818181818182,4212.136916494696,0.0154875172302126,12280.0,9418.1259765625,5.831701128045097e-05,0.0687985271215438,0.931143045425415,0.0522166080772876,0.0438904352486133,4.2384105960264895,15.540838852097131,0.061053466796875,5.496889934875071e-05,0.0020835059367883,0.9845124827697872,,2.9781169384826462,0.5447293669752336,5
hf_wmms_parquet_78fdcb80bc7b,hf_wmms_parquet,marine_mammal_orca,exact,/mnt/data/subsim/dataset/hydrophone/raw/hf_wmms_parquet/false_killer_whale/6102101f_78fdcb80bc7b.wav,0.644531,0.644531,81920,0.0277711413800716,0.1491884315990833,5941.856253270654,7663.2,4429.07006221773,0.0431943796575069,4800.0,573.2125854492188,3.208013731637038e-05,0.0185823291540145,0.9813854694366456,0.1834565699100494,0.100862517952919,1.5515151515151515,15.515151515151516,0.06085205078125,0.0002443667326588,0.0087993046200605,0.9568056203424932,,1.802763896964411,1.3067972115389674,5
hf_wmms_parquet_aad1d625922d,hf_wmms_parquet,marine_mammal_other,exact,/mnt/data/subsim/dataset/hydrophone/raw/hf_wmms_parquet/atlantic_spotted_dolphin/61025008_aad1d625922d.wav,3.527995,3.527995,43900,0.0352376848459243,0.1424346905306112,1854.8302090244592,3612.0325520833335,4039.7182298663056,0.0298298969864845,21.435546875,4297.33935546875,0.7946662902832031,0.0211346540600061,0.1841992288827896,0.0684034377336502,0.0373848602175712,1.0,14.455800980119966,0.0653416856492027,0.0001727103081066,0.0049012955549402,0.9701701030135156,,-0.3215134568842783,-0.4423408093699941,3
hf_wmms_parquet_81535a1559cc,hf_wmms_parquet,marine_mammal_whale,exact,/mnt/data/subsim/dataset/hydrophone/raw/hf_wmms_parquet/short_finned_pacific_pilot_whale/57021009_81535a1559cc.wav,1.4212,1.4212,30000,0.1288977712392807,0.187944177319104,2494.761371705222,3357.0556640625,1253.6842960016147,0.0260305814445018,1083.984375,4768.52880859375,8.023003829293884e-06,0.0068214773200452,0.993170440196991,0.1721459627151489,0.1746890395879745,0.7036307345904869,11.25809175344779,0.0538666666666666,0.0042472635395824,0.0329506359862893,0.973969418555498,,-0.29572705565209795,5.262515142307277,2
hf_wmms_parquet_ceb053995cc0,hf_wmms_parquet,marine_mammal_other,exact,/mnt/data/subsim/dataset/hydrophone/raw/hf_wmms_parquet/narwhal/6804000d_ceb053995cc0.wav,5.861386,5.861386,60600,0.0040746456943452,0.2209465679802026,5629.625925913496,10599.510869565218,4660.459747237131,0.1095685288310051,2160.0585937500005,22.298748016357425,0.0004306155315134,0.0011949172476306,0.9983744025230408,0.1606046259403228,0.0853472873568534,1.5000000000000004,14.842905405405403,0.0658745874587458,8.112494924716884e-07,0.0001990969407225,0.8904314711689949,,2.4873298483628257,-0.23838754883585475,5
hf_wmms_parquet_70e6196ac6c7,hf_wmms_parquet,marine_mammal_orca,exact,/mnt/data/subsim/dataset/hydrophone/raw/hf_wmms_parquet/killer_whale/92304008_70e6196ac6c7.wav,2.094612,2.094612,21900,0.0177988968789577,0.1745111290357742,1562.8911266033515,2342.3430686773254,940.9664219890332,0.008645492605865,2127.978515625,24296.150390625,0.0060074036009609,0.1724956333637237,0.8214969635009766,0.2154195308685302,0.1873222589492797,1.5,10.02572375305197,0.0774657534246575,7.416947482852265e-05,0.0041670826753336,0.991354507394135,,-0.7234742301665557,0.9710918463571329,4
hf_wmms_parquet_fba5c95883a6,hf_wmms_parquet,marine_mammal_whale,exact,/mnt/data/subsim/dataset/hydrophone/raw/hf_wmms_parquet/long_finned_pilot_whale/77028015_fba5c95883a6.wav,1.364062,1.364062,81920,0.1347584277391433,0.1016439508515074,3951.9347319854455,5717.777777777777,3101.159290306068,0.0208857860416173,4360.0,30186.31640625,0.0480634979903698,0.0115257194265723,0.9404107332229614,0.2516449987888336,0.1900909692049026,0.7331042382588774,11.72966781214204,0.08992919921875,0.0021985154598951,0.0163144932510979,0.9791142139583826,,-0.3184213437213655,4.163828044002231,2
hf_wmms_parquet_4656c70bee8c,hf_wmms_parquet,marine_mammal_whale,exact,/mnt/data/subsim/dataset/hydrophone/raw/hf_wmms_parquet/bowhead_whale/7202100q_4656c70bee8c.wav,2.835938,2.835938,10240,0.2257088273763656,0.0761045490547195,344.73824968445643,374.54545454545456,249.00395981454105,0.0146731939166784,260.0,70393.765625,0.0005177945713512,0.9976097345352172,0.0018725036643445,0.28084796667099,0.2580817639827728,0.5,8.81542699724518,0.058447265625,0.006828736513853,0.0302546275801434,0.9853268060833216,,-4.463329871072115,7.346341402363758,2
hf_wmms_parquet_7d6765bd6267,hf_wmms_parquet,marine_mammal_other,exact,/mnt/data/subsim/dataset/hydrophone/raw/hf_wmms_parquet/pantropical_spotted_dolphin/64005018_7d6765bd6267.wav,2.502775,2.502775,55500,0.0236865822225809,0.2901017256646724,7358.945673188523,10362.364811683768,3233.9417941671327,0.046530183404684,5853.515625,109.47116088867188,2.8898526579723693e-05,0.0064527755603194,0.9935182929039,0.1189210936427116,0.1063678115606308,0.5,15.183148073489605,0.0625585585585585,8.251245890278369e-05,0.0034835105429705,0.953469816595316,,2.724322466174118,0.6682830198855796,5
hf_wmms_parquet_da00173ffb7e,hf_wmms_parquet,marine_mammal_other,exact,/mnt/data/subsim/dataset/hydrophone/raw/hf_wmms_parquet/frasers_dolphin/9101301g_da00173ffb7e.wav,0.935486,0.935486,81920,0.2028379589319229,0.2823028942766918,10116.389154398565,13419.72602739726,4709.50161671331,0.0389993600547313,10840.0,449.5224609375,0.0068883993662893,0.0592399798333644,0.933871567249298,0.3185292482376098,0.1606581509113311,1.06896326743655,13.896522476675148,0.073785400390625,0.0094559546560049,0.046618269606686,0.9610006399452686,,1.63867611468609,9.972553238042572,2
hf_wmms_parquet_69e67b41d0de,hf_wmms_parquet,marine_mammal_whale,exact,/mnt/data/subsim/dataset/hydrophone/raw/hf_wmms_parquet/short_finned_pacific_pilot_whale/8103700f_69e67b41d0de.wav,1.420313,1.420313,40960,0.0342036075890064,0.2126514825956166,3825.426997760095,6453.818181818182,3228.1481579086408,0.0970802754163742,20.0,872.1463623046875,0.3601343333721161,0.0094318334013223,0.6304337382316589,0.1369851976633072,0.0918932408094406,0.704070407040704,15.489548954895488,0.060888671875,0.0002384017570875,0.0069700763716285,0.9029197245836258,,0.9575156315724066,0.09315764719775065,5
hf_wmms_parquet_25437d74dcfc,hf_wmms_parquet,marine_mammal_whale,exact,/mnt/data/subsim/dataset/hydrophone/raw/hf_wmms_parquet/humpback_whale/6304300n_25437d74dcfc.wav,17.200268,17.200268,14900,0.0682545751333236,0.0244144168750951,132.0898243498007,161.9533527696793,213.54608400131687,0.0016126177506521,60.0,495576.53125,0.6194322109222412,0.368244856595993,0.0123227769508957,0.1605855822563171,0.1168466657400131,0.5000000000000001,9.534734903466468,0.0669127516778523,0.0006311698816716,0.0092472904626471,0.998387382249348,,-3.943689676516082,1.861556787881402,6
hf_wmms_parquet_a7a1990c641f,hf_wmms_parquet,marine_mammal_orca,exact,/mnt/data/subsim/dataset/hydrophone/raw/hf_wmms_parquet/false_killer_whale/6102300f_a7a1990c641f.wav,1.171863,1.171863,81920,0.0531672984361648,0.1878476634929894,8129.121091182842,11086.521739130434,3800.534508590124,0.0640291720628738,3560.0,1965.649658203125,9.559064892528111e-06,0.0025519223418086,0.9974384903907776,0.0499092936515808,0.0564566291868686,0.8533422223148158,9.386764445462974,0.079193115234375,0.0002852900652214,0.0053658935775842,0.9359708279371262,,2.3103841688301743,0.7168653885048512,5
hf_wmms_parquet_743158c605a6,hf_wmms_parquet,marine_mammal_whale,exact,/mnt/data/subsim/dataset/hydrophone/raw/hf_wmms_parquet/humpback_whale/63019007_743158c605a6.wav,3.0,3.0,5120,0.100589781999588,0.2039195260108079,470.4308274132533,739.1525423728814,345.81992019794734,0.0567499548196792,270.0,403.5937805175781,0.038938820362091,0.8839066028594971,0.0771545991301536,0.2686241865158081,0.1810970455408096,0.5,13.0,0.06357421875,0.0014768453547731,0.0146818625649717,0.9432500451803209,,-2.5070940769224737,2.1457654953410263,4
hf_wmms_parquet_c97cd08de848,hf_wmms_parquet,marine_mammal_whale,exact,/mnt/data/subsim/dataset/hydrophone/raw/hf_wmms_parquet/southern_right_whale/7900200y_c97cd08de848.wav,1.822266,1.822266,5120,0.0272806994616985,0.0965805552577982,243.1892253718059,337.7142857142857,181.95891012850228,0.0122769447043538,530.0,3278.175537109375,0.4059681892395019,0.5800033807754517,0.0140284327790141,0.1464384049177169,0.1528820544481277,0.5487674169346195,7.682743837084673,0.05859375,0.0001403155183652,0.0051433988544574,0.9877230552956462,,-2.695531153956853,0.35163474360184815,4
hf_wmms_parquet_e18475e8829d,hf_wmms_parquet,marine_mammal_whale,exact,/mnt/data/subsim/dataset/hydrophone/raw/hf_wmms_parquet/sperm_whale/85005004_e18475e8829d.wav,1.410937,1.410937,81920,0.037044983357191,0.1150255660434493,2906.515008144714,6313.873873873874,4168.120490942054,0.0365234054625034,320.0,1808.7445068359373,0.0050080115906894,0.4453769624233246,0.5496150255203247,0.035807866603136,0.0370536744594574,4.252491694352159,15.592469545957918,0.06390380859375,0.0001312661770498,0.0035434265358041,0.9634765945374966,,0.6035785073835224,-0.41871815844708316,5
hf_wmms_parquet_1f58f24b18c3,hf_wmms_parquet,marine_mammal_other,exact,/mnt/data/subsim/dataset/hydrophone/raw/hf_wmms_parquet/pantropical_spotted_dolphin/9400800v_1f58f24b18c3.wav,0.4218,0.4218,80000,0.0292531512677669,0.1527131553211036,7226.15687159556,13598.790322580646,6199.687553012643,0.0930079519748687,39.0625,606.5946044921875,0.425441712141037,0.0077426061034202,0.5668157339096069,0.0971476063132286,0.0703296735882759,4.74158368895211,16.595542911332384,0.07031875,4.839397661271505e-05,0.0016543166979888,0.9069920480251312,,1.94256313101639,-0.13345673206423686,5
hf_wmms_parquet_7bb21d6ae784,hf_wmms_parquet,marine_mammal_other,exact,/mnt/data/subsim/dataset/hydrophone/raw/hf_wmms_parquet/white_beaked_dolphin/5903700j_7bb21d6ae784.wav,2.69868,2.69868,60600,0.0825727805495262,0.0312647136157124,428.6683115049468,589.7368225870254,1379.624647682465,0.0024957871064543,29.589843750000004,740695.8125,0.9880493879318236,0.0021244201343506,0.0098261917009949,0.1511868238449096,0.1539004892110824,0.5000000000000001,14.82206188088541,0.0662211221122112,0.001606119913049,0.0194509607444581,0.9975042128935456,,-4.100309437427986,3.565219176367738,6
hf_wmms_parquet_012a5a5ae4d0,hf_wmms_parquet,marine_mammal_whale,exact,/mnt/data/subsim/dataset/hydrophone/raw/hf_wmms_parquet/northern_right_whale/59003001_012a5a5ae4d0.wav,2.1824,2.1824,10000,0.0701647773385047,0.0679100032076249,293.22972781813723,356.6666666666667,222.96971621700465,0.0034195219632238,190.0,6935.00244140625,0.364564299583435,0.6135642528533936,0.0218714196234941,0.266277402639389,0.1435237824916839,1.0,8.70601173020528,0.07035,0.0005831577000208,0.0083112598961029,0.9965804780367762,,-3.2544490556496566,1.404459825375708,4
hf_wmms_parquet_46b38bc432f8,hf_wmms_parquet,marine_mammal_other,exact,/mnt/data/subsim/dataset/hydrophone/raw/hf_wmms_parquet/harp_seal/6700900p_46b38bc432f8.wav,1.354688,1.354688,10240,0.0216284319758415,0.1510345324778314,605.3751748112777,1113.076923076923,655.0992154461408,0.0589037574827671,20.0,131.63487243652344,0.2175347357988357,0.4596222937107086,0.3228430449962616,0.1078820303082466,0.0923721194267273,2.2145328719723185,8.858131487889272,0.06669921875,5.934125147177838e-05,0.0027436686827467,0.9410962425172328,,-1.3189814394290753,-0.6355348864189637,4
hf_wmms_parquet_d0f52315fe54,hf_wmms_parquet,marine_mammal_whale,exact,/mnt/data/subsim/dataset/hydrophone/raw/hf_wmms_parquet/minke_whale/64104005_d0f52315fe54.wav,1.335938,1.335938,1280,0.0983732864260673,0.0906963136337039,52.36783875213159,71.2,41.40459218802204,0.0269261319190263,30.0,11085.5546875,0.9984843730926514,0.0015156139852479,0.0,0.0646593049168586,0.1403840184211731,0.7485380116959064,1.4970760233918128,0.05234375,0.0037437053397297,0.0380561174247779,0.9730738680809736,,-3.258805938241771,4.261129498804811,2
hf_wmms_parquet_e11e874f355c,hf_wmms_parquet,marine_mammal_other,exact,/mnt/data/subsim/dataset/hydrophone/raw/hf_wmms_parquet/bearded_seal/7801800b_e11e874f355c.wav,2.751562,2.751562,10240,0.1472915410995483,0.0763797692990239,315.2289620618783,477.77777777777777,383.2059344136546,0.0111344503238797,150.0,6915.14306640625,0.7203183174133301,0.2125633955001831,0.0671183317899704,0.3135112822055816,0.1277549415826797,0.5,11.266325951164111,0.069921875,0.0011837891070172,0.0080370474649939,0.9888655496761204,,-3.0611325036701222,2.2934244066064586,4
hf_wmms_parquet_de45d26f07fd,hf_wmms_parquet,marine_mammal_other,exact,/mnt/data/subsim/dataset/hydrophone/raw/hf_wmms_parquet/atlantic_spotted_dolphin/61026004_de45d26f07fd.wav,1.612188,1.612188,80000,0.077369324862957,0.1383302060880487,4763.189572124792,6449.407762096775,2849.1057818146733,0.0038068462163209,7812.5,7248.23583984375,0.0892439410090446,0.0074264770373702,0.9033296704292296,0.1212910339236259,0.1214454919099807,0.6202752471409188,8.683853459972863,0.0767125,0.0006434315582737,0.008316365166752,0.996193153783679,,0.779362129090296,2.115718779073179,5
hf_wmms_parquet_6cb742446052,hf_wmms_parquet,marine_mammal_other,exact,/mnt/data/subsim/dataset/hydrophone/raw/hf_wmms_parquet/bottlenose_dolphin/5600600a_6cb742446052.wav,1.18099,1.18099,60600,0.0350384190678596,0.2056674165467324,5012.505165068872,7080.675551470589,4207.791857795473,0.0596552118659019,7575.000000000001,1309.1103515625,3.244994513806887e-05,0.0663250461220741,0.933642566204071,0.179604098200798,0.1325652599334716,0.8467471495640511,15.241448692152918,0.061039603960396,0.0002577938139438,0.0073574613465644,0.940344788134098,,1.8536039118673673,1.3491535392661866,5
hf_wmms_parquet_46b32cb87e4c,hf_wmms_parquet,marine_mammal_orca,exact,/mnt/data/subsim/dataset/hydrophone/raw/hf_wmms_parquet/false_killer_whale/61023005_46b32cb87e4c.wav,1.015613,1.015613,81920,0.0130682112649083,0.1704968869443977,6109.206746881242,10683.5,5683.922605465332,0.0710804238915443,3560.0,905.63720703125,3.997626117779873e-05,0.0251754354685544,0.9747846722602844,0.0329028703272342,0.0327881164848804,0.9846272190771524,16.73866272431159,0.0601562499999999,2.3906630303827114e-05,0.0018293728053045,0.9289195761084555,,3.020469022765341,-0.3411160327729947,5
hf_wmms_parquet_82adc9f3109d,hf_wmms_parquet,marine_mammal_whale,exact,/mnt/data/subsim/dataset/hydrophone/raw/hf_wmms_parquet/northern_right_whale/7001800u_82adc9f3109d.wav,2.0602,2.0602,10000,0.1432027220726013,0.0802388233580894,243.8079689533933,340.75,342.8902040358991,0.0097404029220342,20.0,4220.38720703125,0.4417107403278351,0.5184334516525269,0.0398557484149932,0.224419817328453,0.1521098315715789,0.5,11.64935443160858,0.0688,0.0043310383334755,0.0302441061926852,0.9902595970779656,,-3.362937167288751,4.656149774925958,2
hf_wmms_parquet_af2f0f111b56,hf_wmms_parquet,marine_mammal_whale,exact,/mnt/data/subsim/dataset/hydrophone/raw/hf_wmms_parquet/melon_headed_whale/9101203i_af2f0f111b56.wav,0.193225,0.193225,81920,0.0468616299331188,0.1713419257012888,6696.446154980723,13008.57142857143,6062.808717081001,0.068429097533226,80.0,99.7218017578125,0.1263366490602493,0.1174531280994415,0.7562101483345032,0.2457176148891449,0.1396703422069549,5.175311137785077,15.525933413355231,0.069378662109375,0.0001109136064769,0.0023668320251109,0.931570902466774,,1.4614144132553863,1.1570055895870377,5
hf_wmms_parquet_3bf933505ab3,hf_wmms_parquet,marine_mammal_other,exact,/mnt/data/subsim/dataset/hydrophone/raw/hf_wmms_parquet/leopard_seal/6608400j_3bf933505ab3.wav,2.6058,2.6058,5000,0.063365064561367,0.1291832975130488,293.1208430456228,350.9803921568628,138.91916511227845,0.0167164541780948,350.0,9809.4140625,0.1681101322174072,0.8289607167243958,0.0029291224200278,0.2234493643045425,0.123513288795948,1.0,14.199094328037456,0.0657,0.0003958008310291,0.0062463572595215,0.9832835458219052,,-2.56570593101389,0.587019496721641,4
hf_wmms_parquet_2eb4196d007d,hf_wmms_parquet,marine_mammal_whale,exact,/mnt/data/subsim/dataset/hydrophone/raw/hf_wmms_parquet/humpback_whale/9220100d_2eb4196d007d.wav,2.422483,2.422483,14900,0.0237529184669256,0.1358674571951016,757.1668177942706,1490.212765957447,976.560859701853,0.0893008187413215,70.0,36464.609375,0.9611642360687256,0.0237628892064094,0.0150727936998009,0.1347182989120483,0.2121887058019638,0.5000000000000001,7.01759246433024,0.0641610738255033,0.0001403405185556,0.0059083484307459,0.9106991812586784,,-2.3149664971917834,0.3552898176160096,3
hf_wmms_parquet_acfa861737b5,hf_wmms_parquet,marine_mammal_other,exact,/mnt/data/subsim/dataset/hydrophone/raw/hf_wmms_parquet/frasers_dolphin/9101300j_acfa861737b5.wav,3.781238,3.781238,81920,0.1514679044485092,0.243038113624184,8367.61936553535,12708.57142857143,4979.0778582391895,0.0440837815403938,12800.0,84.16911315917969,0.0060169002972543,0.0776890963315963,0.9162940979003906,0.1912980079650879,0.121959164738655,0.5,15.867819821215848,0.0591796875,0.0040889293886721,0.0269953519429268,0.9559162184596062,,2.542085216774457,5.7153676046893915,2
hf_wmms_parquet_0a8b37c9fcbe,hf_wmms_parquet,marine_mammal_whale,exact,/mnt/data/subsim/dataset/hydrophone/raw/hf_wmms_parquet/long_finned_pilot_whale/7703400o_0a8b37c9fcbe.wav,0.754687,0.754687,81920,0.0657500624656677,0.0992510877828639,2251.62800822733,3788.4745762711855,3907.1552380244407,0.035559307783842,40.0,4114.77978515625,0.4926211833953857,0.1120432019233703,0.3953355550765991,0.2564464509487152,0.1384042203426361,2.650103519668737,14.575569358178054,0.06673583984375,0.0006083886837586,0.0092530510380442,0.964440692216158,,-0.9956555169380934,1.5588210462686956,4
hf_wmms_parquet_7e943a0a01df,hf_wmms_parquet,marine_mammal_whale,exact,/mnt/data/subsim/dataset/hydrophone/raw/hf_wmms_parquet/long_finned_pilot_whale/54024004_7e943a0a01df.wav,3.5002,3.5002,30000,0.0590493306517601,0.160801866577782,2102.135117442901,2768.4096534653463,1125.3347662638655,0.0260904747992753,3603.515625,12181.357421875,8.670127499499358e-06,0.0349974669516086,0.96499365568161,0.1287802308797836,0.1737779080867767,0.5,10.285126564196332,0.0693666666666666,0.0008478097734041,0.014357652559852,0.9739095252007246,,-0.050123152711992865,2.0860828019112128,4
hf_wmms_parquet_eacbca5f7451,hf_wmms_parquet,marine_mammal_other,exact,/mnt/data/subsim/dataset/hydrophone/raw/hf_wmms_parquet/pantropical_spotted_dolphin/9400801i_eacbca5f7451.wav,0.4978,0.4978,80000,0.0239507257938385,0.179142706476157,7392.941450486822,13918.918918918918,5987.11292523496,0.078575924038887,39.0625,673.9381103515625,0.2868184447288513,0.0127952955663204,0.7003862261772156,0.094959907233715,0.0514456704258918,8.035355564483728,14.061872237846524,0.06686875,5.4091462516225874e-05,0.0022584477388941,0.921424075961113,,2.1688996037776644,-0.08885386506575288,5
hf_wmms_parquet_a2d221bf98bd,hf_wmms_parquet,marine_mammal_whale,exact,/mnt/data/subsim/dataset/hydrophone/raw/hf_wmms_parquet/bowhead_whale/78018002_a2d221bf98bd.wav,20.0,45.3,10240,0.152750551700592,0.1122808216836996,440.3266154351893,948.345864661654,458.99680209330256,0.0083228051662445,150.0,9937.6650390625,0.6842652559280396,0.1103874817490577,0.2053473442792892,0.2332431674003601,0.1032114848494529,0.5,11.1,0.0703125,0.0013211002806201,0.0086487431037303,0.9916771948337556,,-2.3728271523128073,2.1117584529207645,4
hf_wmms_parquet_04e2531a9250,hf_wmms_parquet,marine_mammal_other,exact,/mnt/data/subsim/dataset/hydrophone/raw/hf_wmms_parquet/striped_dolphin/75003014_04e2531a9250.wav,1.287647,1.287647,81600,0.0040585156530141,0.4332974845580607,14387.603779191008,31354.2698019802,13947.74127057422,0.0434121862053871,31357.03125,3729.47412109375,0.3612358868122101,0.0565279833972454,0.5822359919548035,0.2329698652029037,0.1182917132973671,0.7766103243490179,14.755596162631338,0.0670710784313725,1.4648035175923724e-06,0.0003609209973463,0.9565878137946128,,7.108020842322958,3.1202529111911876,1
hf_wmms_parquet_c98c64dc4cd6,hf_wmms_parquet,marine_mammal_other,exact,/mnt/data/subsim/dataset/hydrophone/raw/hf_wmms_parquet/bearded_seal/70025005_c98c64dc4cd6.wav,1.417969,1.417969,20480,0.051888670772314,0.1801714935087296,1704.019088501114,3298.8888888888887,1454.859004181743,0.0904450565576553,510.0,174.5637664794922,0.0250868219882249,0.4209834933280945,0.5539298057556152,0.172025591135025,0.1157695949077606,12.694214876033058,16.22038567493113,0.0578369140625,0.0001575788191985,0.0030368636708183,0.9095549434423448,,-0.31746646531033684,-0.195413039126189,0
hf_wmms_parquet_71b139dfe419,hf_wmms_parquet,marine_mammal_other,exact,/mnt/data/subsim/dataset/hydrophone/raw/hf_wmms_parquet/white_sided_dolphin/6107200r_71b139dfe419.wav,2.199187,2.199187,80000,0.0417979210615158,0.241545124876374,8407.523652158558,12750.689338235294,5703.844248056901,0.0277254581451416,39.0625,1145.6844482421875,0.2002214342355728,0.0165031291544437,0.7832754254341125,0.0865325406193733,0.0673934519290924,2.5,13.641401654019951,0.062525,0.0002639856829773,0.0063157610777466,0.9722745418548584,,2.3560017484483042,0.8686673865766238,5
hf_wmms_parquet_6fc9f133b94a,hf_wmms_parquet,marine_mammal_whale,exact,/mnt/data/subsim/dataset/hydrophone/raw/hf_wmms_parquet/melon_headed_whale/91012018_6fc9f133b94a.wav,0.9453,0.9453,81920,0.0576405450701713,0.1755468891242025,6416.660900331814,12699.45945945946,5520.967616421323,0.0444584302604198,80.0,63.95927810668945,0.0743158683180809,0.1305222958326339,0.7951619029045105,0.1029831990599632,0.0617453008890152,1.0578649001149292,16.925838401838867,0.056103515625,0.0001828542735893,0.0031723203408911,0.9555415697395802,,2.1837101997883295,0.6082841344888348,5
hf_shipsear_7002a76aa069,hf_shipsear,surface_vessel,coarse,/mnt/data/subsim/dataset/hydrophone/raw/hf_shipsear/class_0/0_4_3_7002a76aa069.wav,5.0,5.0,16000,0.0024885586462914,0.0520631507893848,264.01536769925684,305.7575757575757,439.0901527142787,0.0142448926344513,190.0,3527.153076171875,0.4818488955497741,0.4942260682582855,0.0239247363060712,0.2318148463964462,0.1233777329325676,8.0,14.8,0.0624375,7.351673048106022e-07,0.0002954189187426,0.9857551073655486,intermittent_machinery_archetype,-2.5777214757400744,-0.4659354832649538,4
hf_shipsear_ab1d50135ca9,hf_shipsear,surface_vessel,coarse,/mnt/data/subsim/dataset/hydrophone/raw/hf_shipsear/class_0/0_1_22_ab1d50135ca9.wav,5.0,5.0,16000,0.0473199561238288,0.1556894461180764,972.76243205213,1766.1616161616162,998.9465180086944,0.0852332562208175,290.0,417.5432739257813,0.0619106367230415,0.6158307194709778,0.3222586810588836,0.1437732130289077,0.078568048775196,15.5,15.0,0.0654375,0.0001486847904743,0.0031421159834158,0.9147667437791824,intermittent_machinery_archetype,-1.1016303562899405,-0.756264143369119,0
hf_shipsear_9227c446ae42,hf_shipsear,surface_vessel,coarse,/mnt/data/subsim/dataset/hydrophone/raw/hf_shipsear/class_0/0_4_12_9227c446ae42.wav,5.0,5.0,16000,0.0077089997939765,0.0683133539169239,341.3487797366257,405.55555555555554,501.61800413995184,0.0166572872549295,190.0,1885.1185302734373,0.4009776413440704,0.5557622909545898,0.04326007142663,0.209076389670372,0.1187711730599403,8.5,14.8,0.062375,6.849175406387076e-06,0.0008884648577692,0.9833427127450703,intermittent_machinery_archetype,-2.420493131322912,-0.496430951619669,0
hf_shipsear_13f637bff90b,hf_shipsear,surface_vessel,coarse,/mnt/data/subsim/dataset/hydrophone/raw/hf_shipsear/class_0/0_0_24_13f637bff90b.wav,5.0,5.0,16000,0.0416437722742557,0.1903648795609945,1162.1252049920442,2111.1111111111118,1384.6439745560876,0.1421317905187606,120.0,186.79122924804688,0.1341778635978698,0.5396065711975098,0.326215535402298,0.1151353791356086,0.0742039009928703,5.5,15.2,0.062125,0.0001112448589992,0.0026713444273003,0.8578682094812393,intermittent_machinery_archetype,-0.39548460893762927,-1.1594390343849679,0
hf_shipsear_ab91a7382774,hf_shipsear,surface_vessel,coarse,/mnt/data/subsim/dataset/hydrophone/raw/hf_shipsear/class_0/0_1_93_ab91a7382774.wav,5.0,5.0,16000,0.0474686212837696,0.2642033025412817,1692.3987376738974,3698.3838383838383,1818.169492117445,0.2252220958471298,300.0,62.79613494873047,0.0524680204689502,0.4936083257198334,0.4539235830307007,0.1358128637075424,0.0724688321352005,14.5,14.6,0.0653749999999999,0.0001512206363258,0.0031856968294633,0.7747779041528702,intermittent_machinery_archetype,0.3301492325925074,-1.5216054706532822,0
hf_shipsear_f463dd8d6ad3,hf_shipsear,surface_vessel,coarse,/mnt/data/subsim/dataset/hydrophone/raw/hf_shipsear/class_0/0_1_92_f463dd8d6ad3.wav,5.0,5.0,16000,0.0688172355294227,0.256653208165102,1616.1647930890622,3518.686868686869,1799.4050928695062,0.2047809213399887,310.0,85.97885131835938,0.0425860211253166,0.5249468088150024,0.4324671328067779,0.1612225472927093,0.0897919908165931,14.5,14.8,0.0635625,0.0003194040327798,0.0046413377450864,0.7952190786600113,intermittent_machinery_archetype,0.014986926129878498,-0.8697373396667063,0
hf_shipsear_d0e5ff5008ad,hf_shipsear,surface_vessel,coarse,/mnt/data/subsim/dataset/hydrophone/raw/hf_shipsear/class_0/0_4_10_d0e5ff5008ad.wav,5.0,5.0,16000,0.0077752014622092,0.087226090326129,436.4101358585165,590.7070707070707,754.9924701866582,0.0322314649820327,140.0,2270.764404296875,0.5680609941482544,0.3443852961063385,0.0875537395477294,0.1214358508586883,0.0639277547597885,1.0,14.8,0.0634375,6.291335012065247e-06,0.0008091539546383,0.9677685350179672,intermittent_machinery_archetype,-1.6043988487883871,-1.0748331678582284,3
hf_shipsear_bc5455b80c6f,hf_shipsear,surface_vessel,coarse,/mnt/data/subsim/dataset/hydrophone/raw/hf_shipsear/class_0/0_2_20_bc5455b80c6f.wav,5.0,5.0,16000,0.0271895378828048,0.1932274153426917,1230.8631204717287,2904.949494949495,1498.08658770197,0.1409148573875427,180.0,160.03048706054688,0.3769755959510803,0.2904777228832245,0.3325468003749847,0.1407361030578613,0.0865224674344062,14.0,13.8,0.0710312499999999,5.781871368526481e-05,0.0021265059352003,0.8590851426124573,intermittent_machinery_archetype,-0.5972639187767189,-1.2617546304449594,0
hf_shipsear_f1da5fa19196,hf_shipsear,surface_vessel,coarse,/mnt/data/subsim/dataset/hydrophone/raw/hf_shipsear/class_0/0_1_47_f1da5fa19196.wav,5.0,5.0,16000,0.053882397711277,0.096838710483881,679.1135973434832,797.1717171717172,543.9644486853151,0.0244248565286397,620.0,7525.080078125,0.0670609325170517,0.8237379193305969,0.1092010512948036,0.2277265638113021,0.1162724941968917,6.0,15.4,0.057625,0.0003619934432208,0.0067182133422094,0.9755751434713602,intermittent_machinery_archetype,-2.236800685945602,0.5334346810641203,4
hf_shipsear_594e201ad408,hf_shipsear,surface_vessel,coarse,/mnt/data/subsim/dataset/hydrophone/raw/hf_shipsear/class_0/0_2_123_594e201ad408.wav,5.0,5.0,16000,0.1579602509737014,0.0908386354829435,373.8874188415904,333.1313131313131,799.245164566901,0.0326016172766685,130.0,1144.8466796875,0.7031993269920349,0.2365360558032989,0.0602646134793758,0.203429564833641,0.1092260777950286,1.0,15.6,0.055125,0.0032941149547696,0.0208540752147651,0.9673983827233316,intermittent_machinery_archetype,-2.4551166850217525,3.3444269278636796,2
hf_shipsear_26772d6429a7,hf_shipsear,surface_vessel,coarse,/mnt/data/subsim/dataset/hydrophone/raw/hf_shipsear/class_0/0_2_29_26772d6429a7.wav,5.0,5.0,16000,0.0535133853554725,0.1993524919061488,1227.4381697480785,2582.4242424242425,1582.5224974894245,0.175384908914566,190.0,125.06000518798828,0.2784357666969299,0.3887968361377716,0.3327673971652984,0.1183675155043602,0.077155202627182,0.5,14.2,0.06925,0.0001954904291778,0.0036531127282575,0.824615091085434,intermittent_machinery_archetype,-0.22514926401105143,-1.036276200919069,3
hf_shipsear_736d84b439e7,hf_shipsear,surface_vessel,coarse,/mnt/data/subsim/dataset/hydrophone/raw/hf_shipsear/class_0/0_2_62_736d84b439e7.wav,5.0,5.0,16000,0.0103364372625947,0.1185014812685158,656.7737098379082,1089.292929292929,784.8369691074093,0.0436484403908252,260.0,606.1268920898438,0.1681408584117889,0.6701841950416565,0.1616750061511993,0.1584773659706115,0.096797414124012,5.0,15.2,0.0584375,8.455032912024762e-06,0.0008179832853824,0.9563515596091748,intermittent_machinery_archetype,-1.5455646415227688,-0.8212486180854695,4
hf_shipsear_285e1681b7ba,hf_shipsear,surface_vessel,coarse,/mnt/data/subsim/dataset/hydrophone/raw/hf_shipsear/class_0/0_2_67_285e1681b7ba.wav,5.0,5.0,16000,0.0366714335978031,0.0854135676695958,420.3374353877231,629.89898989899,729.2248693288806,0.0407265648245811,140.0,1320.2418212890625,0.7622858285903931,0.1322879344224929,0.1054263412952423,0.0488506406545639,0.0276803281158208,3.0,14.4,0.0670625,0.0001720337313599,0.0046912191446369,0.9592734351754189,intermittent_machinery_archetype,-1.3798532936606138,-0.9985531622143369,3
hf_shipsear_2b52c34bc807,hf_shipsear,surface_vessel,coarse,/mnt/data/subsim/dataset/hydrophone/raw/hf_shipsear/class_0/0_2_103_2b52c34bc807.wav,5.0,5.0,16000,0.0057212808169424,0.0806885086063575,467.68730513495,594.2424242424242,549.1793479523159,0.0233409721404314,320.0,2146.782958984375,0.1361163407564163,0.7970349192619324,0.0668486133217811,0.1551953107118606,0.0871957018971443,8.5,14.0,0.0634375,3.76275193048059e-06,0.0006576764976611,0.9766590278595686,intermittent_machinery_archetype,-2.134526150642313,-0.8988558753770411,0
hf_shipsear_f34b92736c0d,hf_shipsear,surface_vessel,coarse,/mnt/data/subsim/dataset/hydrophone/raw/hf_shipsear/class_0/0_3_29_f34b92736c0d.wav,5.0,5.0,16000,0.0189481414854526,0.0907886348579357,441.42420128426994,402.7272727272728,724.4772057868356,0.0331911854445934,270.0,875.600341796875,0.1873501390218734,0.7558712959289551,0.0567786544561386,0.2200966030359268,0.1200299113988876,1.0,15.0,0.0633749999999999,4.332802564022131e-05,0.0022866636113731,0.9668088145554066,intermittent_machinery_archetype,-2.208134024875846,-0.2632340914634569,4
hf_shipsear_c2a15c665f4e,hf_shipsear,surface_vessel,coarse,/mnt/data/subsim/dataset/hydrophone/raw/hf_shipsear/class_0/0_0_18_c2a15c665f4e.wav,5.0,5.0,16000,0.027517519891262,0.2682408530106626,1639.7811585645568,3899.39393939394,1823.9241514357573,0.2014616429805755,150.0,108.2602310180664,0.2134569883346557,0.3478152751922607,0.4387277662754059,0.2527472972869873,0.1337565779685974,20.0,15.0,0.06325,4.325470217736438e-05,0.0015718968259754,0.7985383570194244,intermittent_machinery_archetype,-0.21702670449161116,-1.0650389165536611,0
hf_shipsear_a757e22308fa,hf_shipsear,surface_vessel,coarse,/mnt/data/subsim/dataset/hydrophone/raw/hf_shipsear/class_0/0_2_30_a757e22308fa.wav,5.0,5.0,16000,0.0589197948575019,0.179814747684346,1049.3840554228898,2057.979797979798,1452.7173671923747,0.1420446932315826,150.0,121.93223571777344,0.2182548493146896,0.5517078042030334,0.2300373315811157,0.1291021555662155,0.0831370800733566,14.5,13.8,0.0688125,0.0002339679922442,0.003970957346443,0.8579553067684174,intermittent_machinery_archetype,-1.004748138659657,-0.9101592756526131,0
hf_shipsear_1ad244fa1b8e,hf_shipsear,surface_vessel,coarse,/mnt/data/subsim/dataset/hydrophone/raw/hf_shipsear/class_0/0_2_50_1ad244fa1b8e.wav,5.0,5.0,16000,0.0355097725987434,0.0989137364217052,533.8488954326252,928.3838383838385,768.9279653757798,0.0371575057506561,110.0,974.8272705078124,0.4454565942287445,0.4199298620223999,0.1346136331558227,0.1947044730186462,0.1154553741216659,7.5,13.8,0.06909375,0.0001296250557061,0.0036504051199433,0.962842494249344,intermittent_machinery_archetype,-2.089353329049755,-0.14108789636282365,4
hf_shipsear_a71e4a8ccf1d,hf_shipsear,surface_vessel,coarse,/mnt/data/subsim/dataset/hydrophone/raw/hf_shipsear/class_0/0_2_70_a71e4a8ccf1d.wav,5.0,5.0,16000,0.04301593080163,0.0799509993874923,349.3925767596767,460.6060606060606,658.9694978396496,0.0289609748870134,100.0,2608.788330078125,0.7899845838546753,0.1379520297050476,0.0720633044838905,0.0931529626250267,0.0554157420992851,20.0,15.6,0.0575,0.0002486441808287,0.0057802813094887,0.9710390251129866,intermittent_machinery_archetype,-1.8979441554440992,-0.684758184442738,0
hf_shipsear_f3ec8b5233b5,hf_shipsear,surface_vessel,coarse,/mnt/data/subsim/dataset/hydrophone/raw/hf_shipsear/class_0/0_1_81_f3ec8b5233b5.wav,5.0,5.0,16000,0.111512653529644,0.1699771247140589,893.9795364441599,1962.828282828283,1325.4880106491064,0.0921281725168228,150.0,244.6529693603516,0.279416561126709,0.5096039772033691,0.2109795212745666,0.225289836525917,0.1237016022205352,14.5,14.6,0.0679375,0.0012518091825768,0.0112257142390826,0.9078718274831772,intermittent_machinery_archetype,-1.7853263610266217,1.2199760342828556,0
hf_shipsear_fc78d622a949,hf_shipsear,surface_vessel,coarse,/mnt/data/subsim/dataset/hydrophone/raw/hf_shipsear/class_0/0_2_56_fc78d622a949.wav,5.0,5.0,16000,0.0211104899644851,0.1219515243940549,715.0957466663615,1363.1313131313132,913.3643973837987,0.0517204441130161,200.0,524.45654296875,0.2377302646636963,0.5277112722396851,0.2345583438873291,0.1250084638595581,0.0868403390049934,0.5,13.8,0.0696249999999999,3.970442776335403e-05,0.0018807913898857,0.948279555886984,intermittent_machinery_archetype,-1.3085813204197019,-0.7644026791863913,4
hf_shipsear_207b2b3cc86c,hf_shipsear,surface_vessel,coarse,/mnt/data/subsim/dataset/hydrophone/raw/hf_shipsear/class_0/0_2_122_207b2b3cc86c.wav,5.0,5.0,16000,0.1692626625299453,0.0856135701696271,326.718611526582,253.13131313131316,762.451846120403,0.0257826168090105,130.0,2066.165283203125,0.824228823184967,0.1282117068767547,0.0475595258176326,0.2728286981582641,0.147647738456726,16.0,15.6,0.06125,0.0038369894027709,0.022668847017986,0.9742173831909896,intermittent_machinery_archetype,-3.1604783325227177,4.019892407140135,2
hf_shipsear_0d19fb8e4601,hf_shipsear,surface_vessel,coarse,/mnt/data/subsim/dataset/hydrophone/raw/hf_shipsear/class_0/0_1_27_0d19fb8e4601.wav,5.0,5.0,16000,0.038365539163351,0.1674520931511643,1027.873093138352,1931.8181818181815,1195.8390056639846,0.1174159124493599,290.0,516.7020263671875,0.0675312280654907,0.601883053779602,0.33058562874794,0.1869865506887436,0.0988499000668525,15.5,14.4,0.0675625,9.33000846998766e-05,0.0024318721105468,0.8825840875506401,intermittent_machinery_archetype,-1.0953189841733935,-0.8230085919675065,0
hf_shipsear_637d2121fe83,hf_shipsear,surface_vessel,coarse,/mnt/data/subsim/dataset/hydrophone/raw/hf_shipsear/class_0/0_1_37_637d2121fe83.wav,5.0,5.0,16000,0.0410118214786052,0.1237265465818322,788.7939035803925,1239.8989898989898,768.5732771878971,0.0510397553443908,620.0,1413.868896484375,0.07917071133852,0.6826074719429016,0.2382218688726425,0.1899428367614746,0.1123110875487327,0.5,13.6,0.073625,0.000140404808917,0.0034235204351239,0.9489602446556092,intermittent_machinery_archetype,-1.6716177947628381,-0.09357865067007806,4
hf_shipsear_5fd89b4b3838,hf_shipsear,surface_vessel,coarse,/mnt/data/subsim/dataset/hydrophone/raw/hf_shipsear/class_0/0_2_109_5fd89b4b3838.wav,5.0,5.0,16000,0.0027380485553294,0.086438580482256,475.9027697433417,605.3535353535353,576.181647998429,0.0271509122103452,180.0,1374.689697265625,0.1663810312747955,0.7626510858535767,0.0709677189588546,0.1464788019657135,0.0864341035485267,16.5,14.8,0.059875,7.444193101946439e-07,0.0002718795137777,0.9728490877896548,intermittent_machinery_archetype,-2.116662131253548,-1.1209750844964095,0
hf_shipsear_3493d47edabb,hf_shipsear,surface_vessel,coarse,/mnt/data/subsim/dataset/hydrophone/raw/hf_shipsear/class_0/0_1_10_3493d47edabb.wav,5.0,5.0,16000,0.1063411235809326,0.1218265228315353,720.4194323165177,1491.919191919192,809.1684363353248,0.0371429808437824,280.0,1582.114501953125,0.0529334023594856,0.730516791343689,0.2165499478578567,0.1922381073236465,0.103091761469841,15.5,15.4,0.063125,0.0009069363004527,0.0085285566853544,0.9628570191562176,intermittent_machinery_archetype,-2.015036070677263,0.9592379983680659,0
hf_shipsear_1078e7ec412a,hf_shipsear,surface_vessel,coarse,/mnt/data/subsim/dataset/hydrophone/raw/hf_shipsear/class_0/0_1_69_1078e7ec412a.wav,5.0,5.0,16000,0.0375983603298664,0.2282903536294203,1270.797756719977,3349.3939393939395,1638.1388419590955,0.136014387011528,270.0,197.33966064453125,0.1693625450134277,0.5133489966392517,0.3172884583473205,0.1448875963687896,0.0777991935610771,14.5,14.4,0.068125,0.0001366168289678,0.0036335847565049,0.863985612988472,intermittent_machinery_archetype,-0.4858699417601469,-1.081507286779105,0
hf_shipsear_19dbf5a0a72b,hf_shipsear,surface_vessel,coarse,/mnt/data/subsim/dataset/hydrophone/raw/hf_shipsear/class_0/0_1_78_19dbf5a0a72b.wav,5.0,5.0,16000,0.0655029788613319,0.1947274340929261,1088.577711888758,2561.4141414141413,1471.293894426913,0.1198105886578559,150.0,175.98556518554688,0.1822377443313598,0.5415394306182861,0.2762227952480316,0.2262774854898452,0.1201794371008873,14.5,15.0,0.0656875,0.0003480582963675,0.0053136254627296,0.880189411342144,intermittent_machinery_archetype,-1.2009309606725624,-0.06616183506181109,0
hf_shipsear_e5a252c5b54a,hf_shipsear,surface_vessel,coarse,/mnt/data/subsim/dataset/hydrophone/raw/hf_shipsear/class_0/0_2_127_e5a252c5b54a.wav,5.0,5.0,16000,0.1685244590044021,0.1060763259540744,491.81560545866495,791.6161616161617,872.1024811735988,0.0450440123677253,190.0,1087.1513671875,0.6390995383262634,0.2581279277801513,0.1027725487947464,0.2630464732646942,0.1367045640945434,0.5,15.0,0.06628125,0.0031905339565128,0.0189321714802866,0.9549559876322746,intermittent_machinery_archetype,-2.584677834019098,3.544192634457089,2
hf_shipsear_1a6600ef7076,hf_shipsear,surface_vessel,coarse,/mnt/data/subsim/dataset/hydrophone/raw/hf_shipsear/class_0/0_2_21_1a6600ef7076.wav,5.0,5.0,16000,0.0285160802304744,0.1855148189352367,1087.177534355087,2367.676767676768,1424.9297888248202,0.1302514225244522,160.0,154.6603546142578,0.3198502659797668,0.4098620116710663,0.2702876329421997,0.1406235098838806,0.0894317179918289,7.0,13.2,0.0726875,6.753791240043938e-05,0.0023684150083816,0.8697485774755478,intermittent_machinery_archetype,-0.806338648645074,-1.1028497237233594,3
hf_shipsear_0aedea360774,hf_shipsear,surface_vessel,coarse,/mnt/data/subsim/dataset/hydrophone/raw/hf_shipsear/class_0/0_0_39_0aedea360774.wav,5.0,5.0,16000,0.0580551698803901,0.211040138001725,1302.1762119380094,2537.777777777778,1556.3853155881368,0.1620911061763763,170.0,111.38939666748048,0.2668071687221527,0.3246401250362396,0.40855273604393,0.1538813263177871,0.0845022648572921,4.5,16.6,0.0521875,0.0002141645090887,0.0036889825579062,0.8379088938236237,intermittent_machinery_archetype,0.008406636477857091,-0.7587254538814295,0
hf_shipsear_aaf5af90bbf3,hf_shipsear,surface_vessel,coarse,/mnt/data/subsim/dataset/hydrophone/raw/hf_shipsear/class_0/0_1_17_aaf5af90bbf3.wav,5.0,5.0,16000,0.0992455780506134,0.1277765972074651,779.9400105459752,1475.2525252525252,859.199526032264,0.0535702817142009,280.0,1278.5902099609375,0.0257343742996454,0.7454670071601868,0.2287985831499099,0.1817390024662017,0.0972956269979476,15.5,15.2,0.06575,0.0007529072463512,0.0075863052151269,0.946429718285799,intermittent_machinery_archetype,-1.8698489270205068,0.6069391820971037,0
hf_shipsear_891afb677f38,hf_shipsear,surface_vessel,coarse,/mnt/data/subsim/dataset/hydrophone/raw/hf_shipsear/class_0/0_2_90_891afb677f38.wav,5.0,5.0,16000,0.0049353050999343,0.1313016412705158,728.9727756572438,1215.858585858586,890.8158009936678,0.0644161701202392,320.0,272.23846435546875,0.1698376536369323,0.6402863264083862,0.1898759752511978,0.2228339910507202,0.1232387199997901,2.5,14.6,0.06684375,1.9619642444013152e-06,0.000397536566489,0.9355838298797609,intermittent_machinery_archetype,-1.632468789054714,-0.6505786391503601,4
hf_shipsear_5f21eb430e5e,hf_shipsear,surface_vessel,coarse,/mnt/data/subsim/dataset/hydrophone/raw/hf_shipsear/class_0/0_3_4_5f21eb430e5e.wav,5.0,5.0,16000,0.0235774796456098,0.1236765459568244,614.330567729678,852.020202020202,943.7368300872932,0.0654763951897621,80.0,839.0283813476562,0.3748098313808441,0.497318834066391,0.1278713643550872,0.2591864764690399,0.13726407289505,3.5,14.4,0.0645,4.904089655610733e-05,0.0020799889254981,0.934523604810238,intermittent_machinery_archetype,-1.975763289233033,-0.18548523537963232,4
hf_shipsear_522150389bcc,hf_shipsear,surface_vessel,coarse,/mnt/data/subsim/dataset/hydrophone/raw/hf_shipsear/class_0/0_2_27_522150389bcc.wav,5.0,5.0,16000,0.0479615852236747,0.1986024825310316,1224.534012184118,2683.434343434344,1588.0617643963587,0.1700519919395446,150.0,116.9300308227539,0.2976771891117096,0.3796306550502777,0.3226922154426574,0.1508307754993438,0.096288301050663,2.0,14.0,0.0691875,0.0001576568902237,0.0032871492775977,0.8299480080604553,intermittent_machinery_archetype,-0.4212569695310624,-0.8937695727049942,3
hf_shipsear_edbf3117f043,hf_shipsear,surface_vessel,coarse,/mnt/data/subsim/dataset/hydrophone/raw/hf_shipsear/class_0/0_2_87_edbf3117f043.wav,5.0,5.0,16000,0.0033898081164807,0.1315766447080588,724.6643880777592,1271.5151515151515,884.5425131151246,0.0626232773065567,190.0,491.1321411132813,0.2488581985235214,0.5431463718414307,0.2079952657222747,0.2066234797239303,0.1150584071874618,2.5,16.0,0.0615,9.48132935718604e-07,0.0002797010635585,0.9373767226934432,intermittent_machinery_archetype,-1.4001728754671783,-0.7684766362780984,4
hf_shipsear_e4d187053f4b,hf_shipsear,surface_vessel,coarse,/mnt/data/subsim/dataset/hydrophone/raw/hf_shipsear/class_0/0_2_32_e4d187053f4b.wav,5.0,5.0,16000,0.0520773716270923,0.1612770159626995,858.0761827097293,1568.080808080808,1282.5887445831388,0.1070917472243309,150.0,175.58395385742188,0.2592036724090576,0.5642431974411011,0.1765531450510025,0.1536823064088821,0.0978578478097915,7.0,14.0,0.069875,0.0002229225938208,0.0042806037795614,0.8929082527756691,intermittent_machinery_archetype,-1.331958153891037,-0.5441840529587236,4
hf_shipsear_f5c10e19bf2b,hf_shipsear,surface_vessel,coarse,/mnt/data/subsim/dataset/hydrophone/raw/hf_shipsear/class_0/0_2_117_f5c10e19bf2b.wav,5.0,5.0,16000,0.1222052425146102,0.083238540481756,327.0248377776298,258.6868686868687,741.5805606601649,0.0293367821723222,130.0,1490.06298828125,0.7477526068687439,0.1938069760799408,0.058440376073122,0.2775372862815857,0.1503384709358215,16.0,15.8,0.05496875,0.0018082056194543,0.0147964652107572,0.9706632178276776,intermittent_machinery_archetype,-2.8856413485649077,2.3876350183361805,0
hf_shipsear_120968675cb7,hf_shipsear,surface_vessel,coarse,/mnt/data/subsim/dataset/hydrophone/raw/hf_shipsear/class_0/0_1_35_120968675cb7.wav,5.0,5.0,16000,0.033279288560152,0.1289266115826448,817.3639032675909,1214.646464646465,908.836289637706,0.0716033354401588,630.0,840.7095947265625,0.0881913229823112,0.69815993309021,0.2136486768722534,0.1392168402671814,0.0751905590295791,0.5,15.2,0.06275,0.0001070587823051,0.0032169792965489,0.9283966645598412,intermittent_machinery_archetype,-1.1757934235154264,-0.6874079958097433,4
hf_shipsear_60834766f443,hf_shipsear,surface_vessel,coarse,/mnt/data/subsim/dataset/hydrophone/raw/hf_shipsear/class_0/0_1_44_60834766f443.wav,5.0,5.0,16000,0.0618296079337596,0.0887886098576232,654.1844756934917,642.7272727272727,487.9777228692438,0.0203725937753915,620.0,12893.3857421875,0.0561800524592399,0.8923484683036804,0.0514714978635311,0.2677203714847564,0.1245213821530342,15.0,15.0,0.0620625,0.0005023159901611,0.0081241982108503,0.9796274062246084,intermittent_machinery_archetype,-2.7911585220902775,0.8011659419532404,0
hf_shipsear_1b8b78e4e59a,hf_shipsear,surface_vessel,coarse,/mnt/data/subsim/dataset/hydrophone/raw/hf_shipsear/class_0/0_0_31_1b8b78e4e59a.wav,5.0,5.0,16000,0.0752775818109512,0.1903398792484906,1217.8703601658815,2047.979797979798,1203.3838030241266,0.1218558773398399,140.0,85.84986877441406,0.1666484326124191,0.3935997784137726,0.4397517740726471,0.20386403799057,0.1107577681541442,8.0,14.4,0.0738125,0.0003215030883438,0.0042709008526207,0.8781441226601601,intermittent_machinery_archetype,-0.8345819532758305,-0.08179322123496624,0
hf_shipsear_6394f068a637,hf_shipsear,surface_vessel,coarse,/mnt/data/subsim/dataset/hydrophone/raw/hf_shipsear/class_0/0_2_107_6394f068a637.wav,5.0,5.0,16000,0.0049335248768329,0.0711883898548731,408.6189246746798,499.4949494949495,423.952049488102,0.0144454110413789,230.0,3178.373779296875,0.1131913512945175,0.8527501225471497,0.0340584442019462,0.1698899716138839,0.1056383773684501,8.5,14.4,0.0638125,2.7202684123039944e-06,0.0005513843508779,0.985554588958621,intermittent_machinery_archetype,-2.3876530218248786,-0.7404562849724401,0
hf_shipsear_01671d8ca0b0,hf_shipsear,surface_vessel,coarse,/mnt/data/subsim/dataset/hydrophone/raw/hf_shipsear/class_0/0_3_25_01671d8ca0b0.wav,5.0,5.0,16000,0.0415343381464481,0.117388967362092,587.0028487507207,587.7777777777778,870.7693148148782,0.034274760633707,350.0,1000.9895629882812,0.1254027187824249,0.7852330207824707,0.0893642082810401,0.1693164110183715,0.0902074724435806,1.5,14.8,0.062375,0.0002002420951612,0.0048211216090735,0.965725239366293,intermittent_machinery_archetype,-1.8636644561768108,-0.15485039605618345,4
hf_shipsear_ba691197d453,hf_shipsear,surface_vessel,coarse,/mnt/data/subsim/dataset/hydrophone/raw/hf_shipsear/class_0/0_0_46_ba691197d453.wav,5.0,5.0,16000,0.0674588233232498,0.1552394404930061,832.4315895249968,1423.1313131313132,1257.5442660878016,0.0994994267821312,230.0,271.5566101074219,0.2532117366790771,0.536577582359314,0.2102107405662536,0.1228749752044677,0.0789877101778984,5.5,15.0,0.06109375,0.0003799203550443,0.0056318852942063,0.9005005732178688,intermittent_machinery_archetype,-1.076476742555622,-0.3616123737241726,4
hf_shipsear_f659b6838dbe,hf_shipsear,surface_vessel,coarse,/mnt/data/subsim/dataset/hydrophone/raw/hf_shipsear/class_0/0_1_72_f659b6838dbe.wav,5.0,5.0,16000,0.0485484711825847,0.1649020612757659,858.6224512550939,1932.2222222222224,1265.3572035387908,0.0953583940863609,200.0,379.0466003417969,0.1936907768249511,0.5974236130714417,0.2088855504989624,0.2677457332611084,0.1421954184770584,2.0,15.4,0.0629687499999999,0.0002520148700568,0.0051909949770384,0.9046416059136392,intermittent_machinery_archetype,-1.502296196697565,0.25845317047977817,4
hf_shipsear_8107ad2d316a,hf_shipsear,surface_vessel,coarse,/mnt/data/subsim/dataset/hydrophone/raw/hf_shipsear/class_1/1_0_175_8107ad2d316a.wav,5.0,5.0,16000,0.0543871335685253,0.105913823922799,556.5976976130041,638.4848484848485,946.9428860259976,0.0564995780587196,310.0,1560.605224609375,0.2661400735378265,0.6445875763893127,0.0892723277211189,0.111653134226799,0.0623198561370372,1.0,14.2,0.068375,0.0002694229478947,0.0049537993678296,0.9435004219412804,intermittent_machinery_archetype,-1.656308880402514,-0.46434847572714755,4
hf_shipsear_8a4cca065886,hf_shipsear,surface_vessel,coarse,/mnt/data/subsim/dataset/hydrophone/raw/hf_shipsear/class_1/1_0_61_8a4cca065886.wav,5.0,5.0,16000,0.0220688059926033,0.1837272965912074,960.1881844929804,2071.6161616161617,1463.707922967165,0.1346670538187027,80.0,211.9470672607422,0.4862601459026336,0.2591133415699005,0.254626452922821,0.1089529395103454,0.0575745329260826,5.0,15.2,0.064,3.911610474460758e-05,0.0017724613083256,0.8653329461812973,intermittent_machinery_archetype,-0.40930826942832677,-1.531910412773566,3
hf_shipsear_ef14458d6a9b,hf_shipsear,surface_vessel,coarse,/mnt/data/subsim/dataset/hydrophone/raw/hf_shipsear/class_1/1_0_5_ef14458d6a9b.wav,5.0,5.0,16000,0.0066060810349881,0.3661670770884636,2632.688574349292,4559.79797979798,1926.945604104336,0.2258930802345276,140.0,56.6223030090332,0.1492971926927566,0.1577269434928894,0.6929759383201599,0.0878419280052185,0.0493241138756275,0.5,15.0,0.0634375,2.281079332533409e-06,0.000345299932003,0.7741069197654724,intermittent_machinery_archetype,1.9326156969782968,-2.188015917043275,7
hf_shipsear_2e3a4c7b1970,hf_shipsear,surface_vessel,coarse,/mnt/data/subsim/dataset/hydrophone/raw/hf_shipsear/class_1/1_2_70_2e3a4c7b1970.wav,5.0,5.0,16000,0.0284709651023149,0.2300028750359379,1575.1620698108295,3305.050505050505,1671.8050698188226,0.2039675116539001,20.0,180.88807678222656,0.1925942301750183,0.3635508418083191,0.4438549876213074,0.099328339099884,0.0568910427391529,13.0,13.8,0.07415625,5.127216354594566e-05,0.0018008579393037,0.7960324883460999,intermittent_machinery_archetype,0.18868749591830042,-1.917236155385317,0
hf_shipsear_c6e09cc84237,hf_shipsear,surface_vessel,coarse,/mnt/data/subsim/dataset/hydrophone/raw/hf_shipsear/class_1/1_1_5_c6e09cc84237.wav,5.0,5.0,16000,0.0083755990490317,0.1302766284578557,687.2210397920928,1164.646464646465,1084.9639820827326,0.0631964802742004,130.0,270.1464233398437,0.3457416594028473,0.4513124823570251,0.2029458284378051,0.0300787836313247,0.0169660057872533,11.0,14.6,0.064,7.646781341463793e-06,0.0009129832141898,0.9368035197257996,intermittent_machinery_archetype,-0.8555517948226351,-1.8865465045237768,0
hf_shipsear_3e5887ba0215,hf_shipsear,surface_vessel,coarse,/mnt/data/subsim/dataset/hydrophone/raw/hf_shipsear/class_1/1_0_78_3e5887ba0215.wav,5.0,5.0,16000,0.0535380728542804,0.1811022637782972,961.3549268862482,2256.3636363636365,1336.6969279627442,0.1099396720528602,210.0,517.0595092773438,0.2271695733070373,0.5239545106887817,0.2488758563995361,0.2646596133708954,0.1360192745923996,0.5,14.4,0.0669375,0.0002213355037383,0.0041341701696411,0.8900603279471397,intermittent_machinery_archetype,-1.294552326316894,0.14146431617411553,4
hf_shipsear_434df25cfb09,hf_shipsear,surface_vessel,coarse,/mnt/data/subsim/dataset/hydrophone/raw/hf_shipsear/class_1/1_1_20_434df25cfb09.wav,5.0,5.0,16000,0.0082925986498594,0.3071788397354967,2040.52765868962,4370.707070707071,1979.6260263292052,0.216151162981987,150.0,33.35424041748047,0.1223673745989799,0.3723466098308563,0.5052860379219055,0.0843053087592125,0.0461569614708423,0.5,15.0,0.0643749999999999,3.988714979641372e-06,0.0004809969887096,0.783848837018013,intermittent_machinery_archetype,1.239339919135844,-2.1961388354658014,7
hf_shipsear_ce2405674b7f,hf_shipsear,surface_vessel,coarse,/mnt/data/subsim/dataset/hydrophone/raw/hf_shipsear/class_1/1_0_187_ce2405674b7f.wav,5.0,5.0,16000,0.0913548097014427,0.3968049600620008,2960.137653290139,4500.30303030303,1678.9218021692834,0.215197741985321,150.0,44.97578430175781,0.0698791369795799,0.1048538461327552,0.8252668976783752,0.1813938170671463,0.1043843701481819,0.5,15.2,0.0631875,0.0003745309659279,0.0040997399824694,0.784802258014679,intermittent_machinery_archetype,1.6511958993099758,-0.3059393020693711,7
hf_shipsear_f34d69f511aa,hf_shipsear,surface_vessel,coarse,/mnt/data/subsim/dataset/hydrophone/raw/hf_shipsear/class_1/1_2_49_f34d69f511aa.wav,5.0,5.0,16000,0.0403640381991863,0.2435155439442993,1413.3865723005156,3874.242424242424,1933.4640703523924,0.1616911888122558,160.0,306.9880676269531,0.488010823726654,0.2208946347236633,0.291094422340393,0.1986755579710006,0.1050600036978721,1.0,14.6,0.0656875,0.0001505505642853,0.0037298191905058,0.8383088111877441,intermittent_machinery_archetype,-0.23359516610083556,-0.6676159663575367,3
hf_shipsear_7a2ca3160202,hf_shipsear,surface_vessel,coarse,/mnt/data/subsim/dataset/hydrophone/raw/hf_shipsear/class_1/1_0_118_7a2ca3160202.wav,5.0,5.0,16000,0.0142536666244268,0.3467543344291803,2419.1592775427007,4608.484848484848,2092.092701679567,0.2781471908092499,210.0,73.01640319824219,0.0825676918029785,0.2371696680784225,0.6802626848220825,0.2293777167797088,0.1234242841601371,0.5,14.8,0.063,9.381978088640608e-06,0.0006582150638983,0.7218528091907501,intermittent_machinery_archetype,1.3731435515565173,-1.490960858077675,7
hf_shipsear_83445e59d9fb,hf_shipsear,surface_vessel,coarse,/mnt/data/subsim/dataset/hydrophone/raw/hf_shipsear/class_1/1_0_192_83445e59d9fb.wav,5.0,5.0,16000,0.1164474189281463,0.363642045525569,2614.187417802681,4702.424242424242,1978.3856393747467,0.2214974164962768,150.0,54.81193542480469,0.0857553929090499,0.254950076341629,0.6592945456504822,0.1851966977119445,0.1002926528453826,0.5,15.0,0.06384375,0.0006036230479367,0.0051836533045355,0.7785025835037231,intermittent_machinery_archetype,1.153784414770091,0.00233613349094357,7
hf_shipsear_2bf1e959748a,hf_shipsear,surface_vessel,coarse,/mnt/data/subsim/dataset/hydrophone/raw/hf_shipsear/class_1/1_0_34_2bf1e959748a.wav,5.0,5.0,16000,0.0113423243165016,0.2458780734759184,1745.9056249455325,3696.464646464647,1750.7359610022622,0.2072622776031494,310.0,38.32920837402344,0.0228113941848278,0.3296192288398742,0.647569477558136,0.0140009326860308,0.0152137763798236,6.5,13.4,0.06678125,8.51407639856916e-06,0.0007506465306614,0.7927377223968506,intermittent_machinery_archetype,1.2530404904114083,-2.450982809715798,7
hf_shipsear_78b4e9188333,hf_shipsear,surface_vessel,coarse,/mnt/data/subsim/dataset/hydrophone/raw/hf_shipsear/class_1/1_0_56_78b4e9188333.wav,5.0,5.0,16000,0.0042003821581602,0.2241778022225277,1751.0700814578215,3063.5353535353534,1420.7957549953223,0.1960730254650116,40.0,181.896484375,0.273282915353775,0.1207629442214965,0.6059540510177612,0.0258910488337278,0.0211201887577772,0.5,14.4,0.0635625,1.675007752055535e-06,0.0003987750848819,0.8039269745349884,intermittent_machinery_archetype,1.157513586710397,-2.3797755844185473,7
hf_shipsear_fe0cb43f7f3f,hf_shipsear,surface_vessel,coarse,/mnt/data/subsim/dataset/hydrophone/raw/hf_shipsear/class_1/1_0_51_fe0cb43f7f3f.wav,5.0,5.0,16000,0.0080140018835663,0.3743046788084851,2954.56253690055,4593.333333333333,1615.964184117351,0.2836002111434936,250.0,7.669881820678711,0.0155524546280503,0.0965119376778602,0.8879355788230896,0.0209502521902322,0.0164168756455183,0.5,15.0,0.0607812499999999,2.667140279299929e-06,0.000332810038944,0.7163997888565063,intermittent_machinery_archetype,2.81749276325734,-2.8224948282737348,7
hf_shipsear_c7d5ce415882,hf_shipsear,surface_vessel,coarse,/mnt/data/subsim/dataset/hydrophone/raw/hf_shipsear/class_1/1_0_136_c7d5ce415882.wav,5.0,5.0,16000,0.037689097225666,0.2925411567644596,1963.819225383368,3818.181818181818,1759.0311177289998,0.1749315112829208,210.0,170.70098876953125,0.0469297170639038,0.3885643184185028,0.564505934715271,0.2522823810577392,0.1310615539550781,1.0,14.6,0.06675,6.670042057521641e-05,0.0017697537347226,0.8250684887170792,intermittent_machinery_archetype,0.2811853731655729,-0.5393841120237066,4
hf_shipsear_0fa3e92b5e99,hf_shipsear,surface_vessel,coarse,/mnt/data/subsim/dataset/hydrophone/raw/hf_shipsear/class_1/1_0_81_0fa3e92b5e99.wav,5.0,5.0,16000,0.0514003820717334,0.1604520056500706,841.5711943721905,1622.3232323232323,1154.3004556927488,0.0904053747653961,220.0,639.330078125,0.1709695011377334,0.6278442144393921,0.2011863142251968,0.2324114292860031,0.1240929290652275,15.0,15.2,0.06075,0.0001972729805856,0.0038379672023944,0.909594625234604,intermittent_machinery_archetype,-1.6352649334977865,-0.171618392907461,0
hf_shipsear_0972d6804124,hf_shipsear,surface_vessel,coarse,/mnt/data/subsim/dataset/hydrophone/raw/hf_shipsear/class_1/1_0_30_0972d6804124.wav,5.0,5.0,16000,0.0100760199129581,0.3046163077038463,2238.199820276312,4914.444444444444,2137.7604058389347,0.2563530802726745,190.0,34.84317398071289,0.1243075653910636,0.1822424679994583,0.6934499740600586,0.0155177107080817,0.0160054638981819,9.0,14.4,0.0660625,6.034542820998468e-06,0.0005989014385172,0.7436469197273254,intermittent_machinery_archetype,1.9141304533713954,-2.770944583171284,7
hf_shipsear_ce77db6db3a5,hf_shipsear,surface_vessel,coarse,/mnt/data/subsim/dataset/hydrophone/raw/hf_shipsear/class_1/1_2_22_ce77db6db3a5.wav,5.0,5.0,16000,0.0231182761490345,0.2084901061263265,1330.994432962413,3034.4444444444443,1678.270601085774,0.192839577794075,20.0,779.4277954101562,0.525420606136322,0.2466804981231689,0.2278989851474762,0.0724759399890899,0.0506263114511966,0.5,15.6,0.0596875,6.288690929068252e-05,0.002720224850787,0.807160422205925,intermittent_machinery_archetype,0.1602718954147182,-1.8547042092781962,3
hf_shipsear_b83c09dd184a,hf_shipsear,surface_vessel,coarse,/mnt/data/subsim/dataset/hydrophone/raw/hf_shipsear/class_1/1_1_26_b83c09dd184a.wav,5.0,5.0,16000,0.0058048032224178,0.2791784897311216,1658.1701840812236,4485.252525252526,2085.8929257913223,0.1909421235322952,150.0,133.48231506347656,0.2643769383430481,0.390446275472641,0.3451766073703766,0.197718009352684,0.1209268495440483,0.5,14.4,0.0684375,2.44167654273042e-06,0.000420630372599,0.8090578764677048,intermittent_machinery_archetype,0.14687739441245998,-1.3285764303969,7
hf_shipsear_d78ecb0b3986,hf_shipsear,surface_vessel,coarse,/mnt/data/subsim/dataset/hydrophone/raw/hf_shipsear/class_1/1_0_151_d78ecb0b3986.wav,5.0,5.0,16000,0.119909219443798,0.3253415667695846,2302.970727673175,4296.868686868687,1791.2979400810675,0.1491895467042923,210.0,405.9083557128906,0.0200628582388162,0.3546737134456634,0.6252634525299072,0.2574760913848877,0.140436589717865,0.5,14.2,0.06940625,0.0006120434845797,0.0051042237403733,0.8508104532957077,intermittent_machinery_archetype,0.2206868503400735,0.9009384871388604,4
hf_shipsear_3277c5c61b14,hf_shipsear,surface_vessel,coarse,/mnt/data/subsim/dataset/hydrophone/raw/hf_shipsear/class_1/1_2_41_3277c5c61b14.wav,5.0,5.0,16000,0.0690578892827034,0.2150901886273578,1517.8045893040824,2775.050505050505,1244.368545493871,0.1413997262716293,20.0,48.62165451049805,0.0489724688231945,0.4064708948135376,0.5445566177368164,0.1547873467206955,0.0953406244516372,15.0,15.2,0.06325,0.0002140323922503,0.0030993184771559,0.8586002737283707,intermittent_machinery_archetype,-0.21106435324656364,-0.6147446376696502,0
hf_shipsear_25f8c7f8b596,hf_shipsear,surface_vessel,coarse,/mnt/data/subsim/dataset/hydrophone/raw/hf_shipsear/class_1/1_0_168_25f8c7f8b596.wav,5.0,5.0,16000,0.0945778712630271,0.314553931924149,2191.3501549131606,4400.707070707071,1859.7751141782585,0.1384189426898956,20.0,547.6264038085938,0.3273797035217285,0.1891361474990844,0.4834840893745422,0.2114733606576919,0.1292608976364135,0.5,15.0,0.0629375,0.0005074011278338,0.00536490323849,0.8615810573101044,intermittent_machinery_archetype,0.2039670545406495,0.4604752185731359,4
hf_shipsear_dfdaa6a6bdf9,hf_shipsear,surface_vessel,coarse,/mnt/data/subsim/dataset/hydrophone/raw/hf_shipsear/class_1/1_0_62_dfdaa6a6bdf9.wav,5.0,5.0,16000,0.0235354173928499,0.1653145664320804,811.4988706850237,1589.1919191919192,1336.6565632471338,0.1114937737584114,170.0,252.70123291015625,0.483702540397644,0.3073306679725647,0.2089668065309524,0.1434724181890487,0.0759431198239326,18.5,13.8,0.0734374999999999,5.233003685134463e-05,0.0022234590521865,0.8885062262415886,intermittent_machinery_archetype,-1.222271782251726,-1.338917716084047,0
hf_shipsear_a1581ba4fab1,hf_shipsear,surface_vessel,coarse,/mnt/data/subsim/dataset/hydrophone/raw/hf_shipsear/class_1/1_1_18_a1581ba4fab1.wav,5.0,5.0,16000,0.0018433837685734,0.1507643845548069,768.3905749667716,1164.040404040404,1371.8185844135978,0.0991308391094207,180.0,378.5745239257813,0.5017247796058655,0.3027041256427765,0.1955708414316177,0.0387795455753803,0.0228961426764726,8.0,14.4,0.0656875,3.307268343633041e-07,0.0001794129034996,0.9008691608905792,intermittent_machinery_archetype,-0.5975160182845439,-2.108597622776264,3
hf_shipsear_16604a3381f9,hf_shipsear,surface_vessel,coarse,/mnt/data/subsim/dataset/hydrophone/raw/hf_shipsear/class_1/1_0_43_16604a3381f9.wav,5.0,5.0,16000,0.008120740763843,0.2167152089401117,1597.8037096054436,3060.909090909091,1667.0216263423008,0.174415647983551,350.0,43.69295883178711,0.0395678058266639,0.464347779750824,0.4960843920707702,0.0320843309164047,0.0237136930227279,18.0,15.6,0.058125,4.443867055670125e-06,0.0005472243461962,0.825584352016449,intermittent_machinery_archetype,0.6003531097599242,-2.4272211893596003,0
hf_shipsear_c0f7bd779ed0,hf_shipsear,surface_vessel,coarse,/mnt/data/subsim/dataset/hydrophone/raw/hf_shipsear/class_1/1_2_63_c0f7bd779ed0.wav,5.0,5.0,16000,0.0312060806900262,0.1781272265903323,978.96389440841,2253.333333333333,1566.7071219180684,0.141940101981163,20.0,925.9861450195312,0.6123444437980652,0.2127045094966888,0.1749511212110519,0.0812351033091545,0.0475396029651165,1.0,14.6,0.06809375,9.074543777387588e-05,0.0029079408808928,0.858059898018837,intermittent_machinery_archetype,-0.44996611748930193,-1.5097692448044366,3
hf_shipsear_b4afe0802606,hf_shipsear,surface_vessel,coarse,/mnt/data/subsim/dataset/hydrophone/raw/hf_shipsear/class_1/1_0_108_b4afe0802606.wav,5.0,5.0,16000,0.0430634133517742,0.2176277203465043,1178.144422393294,3231.5151515151515,1594.246706694441,0.1188110560178756,160.0,497.8054809570313,0.3632194995880127,0.3729420304298401,0.2638384699821472,0.2719077467918396,0.1420009434223175,0.5,14.6,0.06325,0.0001300413714488,0.0030197646058291,0.8811889439821243,intermittent_machinery_archetype,-0.9283186202706507,-0.01671994468129641,4
hf_shipsear_b8da4dd1f139,hf_shipsear,surface_vessel,coarse,/mnt/data/subsim/dataset/hydrophone/raw/hf_shipsear/class_1/1_0_47_b8da4dd1f139.wav,5.0,5.0,16000,0.0092142121866345,0.269215865198315,1828.0863518423257,3862.222222222222,1715.5907868500544,0.197266548871994,420.0,58.04752349853516,0.0208484958857297,0.4716791808605194,0.5074722170829773,0.0505971796810627,0.028841134160757,18.0,14.8,0.0635,5.58498004465946e-06,0.0006061267019826,0.802733451128006,intermittent_machinery_archetype,0.8081489233620517,-2.4767332416102494,0
hf_shipsear_e7194f6198f4,hf_shipsear,surface_vessel,coarse,/mnt/data/subsim/dataset/hydrophone/raw/hf_shipsear/class_1/1_0_83_e7194f6198f4.wav,5.0,5.0,16000,0.0427451692521572,0.1726896586207327,966.3152493016216,2068.5858585858587,1223.4088351960213,0.1046580597758293,150.0,342.1733703613281,0.3169687390327453,0.3994443416595459,0.2835869789123535,0.0693805888295173,0.037245899438858,7.0,14.6,0.06796875,0.0001417836901964,0.0033169523638273,0.8953419402241707,intermittent_machinery_archetype,-0.5353871520191977,-1.288545523297737,3
hf_shipsear_c7cf1c6617dd,hf_shipsear,surface_vessel,coarse,/mnt/data/subsim/dataset/hydrophone/raw/hf_shipsear/class_1/1_0_7_c7cf1c6617dd.wav,5.0,5.0,16000,0.0045115160755813,0.1597769972124651,746.3993544127147,1292.2222222222222,1453.5871264853597,0.0819277018308639,130.0,710.7433471679688,0.5441398024559021,0.3271761536598205,0.128683939576149,0.0891936868429184,0.047929648309946,3.0,15.0,0.064875,2.317021653652773e-06,0.00051357938536,0.918072298169136,intermittent_machinery_archetype,-0.8371651320745187,-1.6380643583563101,3
hf_shipsear_fb86d622c762,hf_shipsear,surface_vessel,coarse,/mnt/data/subsim/dataset/hydrophone/raw/hf_shipsear/class_1/1_0_141_fb86d622c762.wav,5.0,5.0,16000,0.106327399611473,0.2805285066063326,1897.311110240964,3795.151515151515,1764.6539688951636,0.1403064578771591,210.0,697.7545776367188,0.017817560583353,0.4706001281738281,0.5115823149681091,0.2834335267543793,0.1489003151655197,0.5,15.8,0.0591875,0.000484604970552,0.0045576678477819,0.8596935421228409,intermittent_machinery_archetype,-0.17035747060112438,0.8437941254305261,4
hf_shipsear_62c838c4867e,hf_shipsear,surface_vessel,coarse,/mnt/data/subsim/dataset/hydrophone/raw/hf_shipsear/class_1/1_0_140_62c838c4867e.wav,5.0,5.0,16000,0.0905661284923553,0.2855660695758697,1900.9280462872985,3533.030303030303,1644.7906308007698,0.1321358680725097,280.0,332.8039245605469,0.0336692035198211,0.403307169675827,0.5630236864089966,0.1360099166631698,0.0717802718281745,0.5,15.0,0.0619687499999999,0.0004442474164534,0.0049052269744094,0.8678641319274902,intermittent_machinery_archetype,0.4938765808393541,-0.15169350680438487,4
hf_shipsear_c62c216e1a69,hf_shipsear,surface_vessel,coarse,/mnt/data/subsim/dataset/hydrophone/raw/hf_shipsear/class_1/1_0_178_c62c216e1a69.wav,5.0,5.0,16000,0.0265716575086116,0.2967787097338716,1945.8750710032984,4117.676767676768,1952.1802692428885,0.2332417517900467,2010.0,44.56705093383789,0.1344687938690185,0.3401794135570526,0.5253518223762512,0.0957086458802223,0.0526429452002048,1.0,15.4,0.06225,3.8576625229325145e-05,0.0014517959677664,0.7667582482099533,intermittent_machinery_archetype,1.324197058112904,-1.888984209304059,7
hf_shipsear_70222994e2bd,hf_shipsear,surface_vessel,coarse,/mnt/data/subsim/dataset/hydrophone/raw/hf_shipsear/class_1/1_0_11_70222994e2bd.wav,5.0,5.0,16000,0.0097093675285577,0.0697633720421505,348.063953338355,424.7474747474748,605.0473867094333,0.0238226782530546,130.0,8855.486328125,0.6097493767738342,0.3405381441116333,0.049712486565113,0.211318090558052,0.1041437983512878,0.5,14.4,0.065625,6.523350748466328e-06,0.0006718615531452,0.9761773217469454,intermittent_machinery_archetype,-2.201554864860186,-0.49627342142722397,4
hf_shipsear_4f9c9d6ac596,hf_shipsear,surface_vessel,coarse,/mnt/data/subsim/dataset/hydrophone/raw/hf_shipsear/class_1/1_2_58_4f9c9d6ac596.wav,5.0,5.0,16000,0.0307148173451423,0.297203715046438,2014.545978993444,4328.787878787879,2020.0042420575612,0.2682037055492401,30.0,619.234375,0.6428707242012024,0.1037896424531936,0.2533394396305084,0.1013847738504409,0.0820169895887374,0.5,16.0,0.058625,0.0001381885376758,0.0044990838173824,0.7317962944507599,intermittent_machinery_archetype,0.7954244961386824,-1.7943608790617025,7
hf_shipsear_f70c98d86285,hf_shipsear,surface_vessel,coarse,/mnt/data/subsim/dataset/hydrophone/raw/hf_shipsear/class_1/1_0_169_f70c98d86285.wav,5.0,5.0,16000,0.0962968468666076,0.306566332079151,2086.2012927110486,4236.161616161616,1813.9969665896967,0.127232551574707,310.0,315.9571838378906,0.1379224210977554,0.3524299561977386,0.5096475481987,0.244214653968811,0.1334736347198486,0.5,15.0,0.06171875,0.0005213868571445,0.0054143710215284,0.872767448425293,intermittent_machinery_archetype,0.05717549939338268,0.6962536612555558,4
hf_shipsear_e6ec42ac7f85,hf_shipsear,surface_vessel,coarse,/mnt/data/subsim/dataset/hydrophone/raw/hf_shipsear/class_1/1_0_31_e6ec42ac7f85.wav,5.0,5.0,16000,0.0086878724396228,0.2804410055125689,1810.1325430566053,4198.585858585859,1957.7314357041023,0.2308135628700256,180.0,94.33488464355467,0.1885434687137603,0.3782488107681274,0.4332077503204345,0.0613163076341152,0.0354308746755123,4.0,14.4,0.065875,5.958363544777967e-06,0.0006858253945946,0.7691864371299744,intermittent_machinery_archetype,1.0119353197198038,-2.4517349599251728,7
hf_shipsear_9c96815c3b23,hf_shipsear,surface_vessel,coarse,/mnt/data/subsim/dataset/hydrophone/raw/hf_shipsear/class_1/1_0_170_9c96815c3b23.wav,5.0,5.0,16000,0.1081016138195991,0.2541906773834673,1576.0896069227742,3832.222222222222,1854.707154217602,0.0898948982357978,20.0,833.8838500976562,0.2858724594116211,0.4323509931564331,0.2817765176296234,0.2303081005811691,0.1255395859479904,1.0,14.6,0.0652187499999999,0.0008423771359957,0.0077924566176574,0.910105101764202,intermittent_machinery_archetype,-0.8287929417212857,1.1013142311315076,4
hf_shipsear_84ad8afb3096,hf_shipsear,surface_vessel,coarse,/mnt/data/subsim/dataset/hydrophone/raw/hf_shipsear/class_1/1_2_61_84ad8afb3096.wav,5.0,5.0,16000,0.0282456073909997,0.2061150764384554,1203.1101789767451,2999.2929292929293,1720.8333157469924,0.1796580851078033,20.0,712.5640869140625,0.5595061779022217,0.2309842109680175,0.2095096111297607,0.0849164575338363,0.0532450824975967,1.0,14.8,0.065375,7.88163670222275e-05,0.0027903937744511,0.8203419148921967,intermittent_machinery_archetype,-0.07402887707045509,-1.6892958441484378,3
hf_shipsear_3f75d419a52c,hf_shipsear,surface_vessel,coarse,/mnt/data/subsim/dataset/hydrophone/raw/hf_shipsear/class_1/1_0_123_3f75d419a52c.wav,5.0,5.0,16000,0.0375646986067295,0.3731671645895573,2720.309905007996,4701.010101010101,2040.833959597924,0.2765682637691498,210.0,81.03203582763672,0.0203241687268018,0.2593757212162018,0.7203001379966736,0.2134045958518982,0.116733618080616,0.5,15.0,0.05875,6.479272269643843e-05,0.0017248300957512,0.7234317362308502,intermittent_machinery_archetype,1.609567452409287,-1.2398338195058984,7
hf_shipsear_b4e66a56d6a1,hf_shipsear,surface_vessel,coarse,/mnt/data/subsim/dataset/hydrophone/raw/hf_shipsear/class_1/1_0_12_b4e66a56d6a1.wav,5.0,5.0,16000,0.0079141734167933,0.104838810485131,487.8083697100441,544.4444444444445,845.0333025802439,0.0443861111998558,160.0,727.4762573242188,0.3148047924041748,0.6037574410438538,0.081437662243843,0.2119844257831573,0.1119366958737373,20.0,15.0,0.06121875,5.845257419423433e-06,0.0007385809118462,0.9556138888001442,intermittent_machinery_archetype,-2.2252308965549816,-0.8407394108446857,0
hf_shipsear_d57219db85c5,hf_shipsear,surface_vessel,coarse,/mnt/data/subsim/dataset/hydrophone/raw/hf_shipsear/class_1/1_0_111_d57219db85c5.wav,5.0,5.0,16000,0.0446006543934345,0.1713896423705296,882.7485716582585,1903.4343434343436,1353.008475006913,0.102181501686573,160.0,744.6843872070312,0.3973813056945801,0.4152597188949585,0.1873589605093002,0.1584720909595489,0.0827382430434227,0.5,15.2,0.06225,0.000152530556079,0.0034199174462793,0.897818498313427,intermittent_machinery_archetype,-0.9273441120174151,-0.6408979899854327,4
hf_shipsear_d82130549597,hf_shipsear,surface_vessel,coarse,/mnt/data/subsim/dataset/hydrophone/raw/hf_shipsear/class_1/1_0_70_d82130549597.wav,5.0,5.0,16000,0.0334773063659668,0.1439267990849885,743.2725222027763,1602.2222222222222,1021.5465514485898,0.0699743330478668,190.0,437.7449951171875,0.3954683542251587,0.3778458535671234,0.2266857624053955,0.2476608455181121,0.1333698332309723,14.0,15.0,0.06434375,0.000111888621177,0.0033422229360562,0.9300256669521332,intermittent_machinery_archetype,-1.7323088787294998,-0.16120555519414065,0
hf_shipsear_bd694aab25e0,hf_shipsear,surface_vessel,coarse,/mnt/data/subsim/dataset/hydrophone/raw/hf_shipsear/class_1/1_0_41_bd694aab25e0.wav,5.0,5.0,16000,0.006807052064687,0.1841773022162777,1296.9507303420594,2405.454545454545,1479.0190888762472,0.1563397347927093,80.0,23.50902557373047,0.0913135185837745,0.2447374612092971,0.6639488935470581,0.0086264656856656,0.0116773080080747,0.5,12.6,0.07534375,2.200022663600976e-06,0.0003231975666369,0.8436602652072906,intermittent_machinery_archetype,0.7794866298064355,-2.2233886043633224,3
hf_shipsear_e13dc56a3ac7,hf_shipsear,surface_vessel,coarse,/mnt/data/subsim/dataset/hydrophone/raw/hf_shipsear/class_1/1_0_157_e13dc56a3ac7.wav,5.0,5.0,16000,0.0607547163963317,0.2786784834810435,1825.0210243818312,3441.010101010101,1644.780779741042,0.1013146415352821,210.0,545.2291259765625,0.0191696751862764,0.4326384365558624,0.5481919050216675,0.2688354551792145,0.1359422951936721,2.0,14.8,0.063125,0.0001954287290573,0.0032166840806106,0.8986853584647179,intermittent_machinery_archetype,-0.18737409117255033,0.3146283662211339,4
hf_shipsear_ca35205e52cb,hf_shipsear,surface_vessel,coarse,/mnt/data/subsim/dataset/hydrophone/raw/hf_shipsear/class_2/2_0_592_ca35205e52cb.wav,5.0,5.0,16000,0.0996431112289428,0.2969037112963912,1850.63724895704,4467.070707070707,1997.2080860698388,0.1971005350351333,20.0,73.59838104248047,0.1597909778356552,0.4144333302974701,0.4257757067680359,0.172977864742279,0.0938499644398689,1.0,15.0,0.0622812499999999,0.0007773222168907,0.0078010632877264,0.8028994649648666,intermittent_machinery_archetype,0.3297841909134292,0.06351517935817809,4
hf_shipsear_8ec5773c76f7,hf_shipsear,surface_vessel,coarse,/mnt/data/subsim/dataset/hydrophone/raw/hf_shipsear/class_2/2_0_376_8ec5773c76f7.wav,5.0,5.0,16000,0.0053282342851161,0.107501343766797,684.0082111997568,1198.585858585859,965.1474370841922,0.0632500872015953,140.0,275.61834716796875,0.4745749831199646,0.3093806207180023,0.2160443365573883,0.0340308211743831,0.0212131217122077,11.5,13.4,0.075875,2.9297304990905104e-06,0.0005498501645703,0.9367499127984048,intermittent_machinery_archetype,-1.0714588425026619,-1.9118698252688122,3
hf_shipsear_ee3c5ac14002,hf_shipsear,surface_vessel,coarse,/mnt/data/subsim/dataset/hydrophone/raw/hf_shipsear/class_2/2_0_115_ee3c5ac14002.wav,5.0,5.0,16000,0.0175481066107749,0.1514768934611682,968.0597022403028,1764.141414141414,861.7135700674392,0.04610051587224,150.0,1200.561279296875,0.2639621496200561,0.285975843667984,0.450062096118927,0.1804094910621643,0.0978442430496215,1.5,14.4,0.071375,2.571166805864777e-05,0.0014652103857971,0.95389948412776,intermittent_machinery_archetype,-0.8827072920016432,-0.515991630395213,4
hf_shipsear_e63338c27db1,hf_shipsear,surface_vessel,coarse,/mnt/data/subsim/dataset/hydrophone/raw/hf_shipsear/class_2/2_0_35_e63338c27db1.wav,5.0,5.0,16000,0.0639994516968727,0.206490081126014,1454.468390754403,2164.040404040404,912.6192736601056,0.0920104011893272,920.0,77.5395278930664,0.0239366088062524,0.311407208442688,0.6646562218666077,0.1921166479587555,0.1114487797021865,14.5,14.8,0.064375,0.0002063814317807,0.0032247374986122,0.9079895988106728,intermittent_machinery_archetype,-0.340461707561549,-0.08137859077058517,0
hf_shipsear_05f57fe9ef7f,hf_shipsear,surface_vessel,coarse,/mnt/data/subsim/dataset/hydrophone/raw/hf_shipsear/class_2/2_0_677_05f57fe9ef7f.wav,5.0,5.0,16000,0.1617316156625747,0.0811510143876798,420.83979416701294,457.27272727272725,637.8989093632457,0.0276632476598024,240.0,2494.0556640625,0.1190689578652381,0.8281720280647278,0.0527589544653892,0.2463935315608978,0.1372639536857605,1.0,14.4,0.0676875,0.0032281943131238,0.0199601933108671,0.9723367523401976,intermittent_machinery_archetype,-3.0257961033228975,3.5828713035418094,2
hf_shipsear_fd3a97db51b0,hf_shipsear,surface_vessel,coarse,/mnt/data/subsim/dataset/hydrophone/raw/hf_shipsear/class_2/2_0_597_fd3a97db51b0.wav,5.0,5.0,16000,0.0996289402246475,0.2019525244065551,1049.491163550271,2784.747474747475,1577.906839484702,0.1107727959752082,20.0,386.3423156738281,0.3427295684814453,0.4574856758117676,0.1997848004102707,0.2111687809228897,0.1203537359833717,0.5,15.2,0.060875,0.0009724566480144,0.0097607848262963,0.8892272040247917,intermittent_machinery_archetype,-1.126386473538547,0.9436136369297594,4
hf_shipsear_f0fbc1e0ef9c,hf_shipsear,surface_vessel,coarse,/mnt/data/subsim/dataset/hydrophone/raw/hf_shipsear/class_2/2_0_433_f0fbc1e0ef9c.wav,5.0,5.0,16000,0.045446828007698,0.1715271440893011,1232.4546255172086,1419.79797979798,731.7051012283838,0.0446015186607837,1330.0,2746.329345703125,0.0870095714926719,0.1463940888643264,0.7665963768959045,0.2033842355012893,0.1085656359791755,8.0,14.6,0.06828125,0.0002858231891877,0.0062891779627192,0.9553984813392162,intermittent_machinery_archetype,-0.4045440419122077,0.39896832048347575,0
hf_shipsear_c7270ee09f76,hf_shipsear,surface_vessel,coarse,/mnt/data/subsim/dataset/hydrophone/raw/hf_shipsear/class_2/2_0_49_c7270ee09f76.wav,5.0,5.0,16000,0.066040813922882,0.2008650108126351,1397.77227810434,2190.6060606060605,950.3779785679224,0.0979815870523452,620.0,66.26665496826172,0.0322851687669754,0.3608812689781189,0.6068334579467773,0.1877062320709228,0.1112972199916839,14.5,14.4,0.0695625,0.0002192142128478,0.0033193747899675,0.9020184129476548,intermittent_machinery_archetype,-0.5358120106524634,-0.1516377525302485,0
hf_shipsear_b41ad787366f,hf_shipsear,surface_vessel,coarse,/mnt/data/subsim/dataset/hydrophone/raw/hf_shipsear/class_2/2_0_471_b41ad787366f.wav,5.0,5.0,16000,0.0443340316414833,0.2345279315991449,1484.912601592888,2943.232323232324,1540.7559390940648,0.1972485333681106,690.0,58.59893035888672,0.1429458260536193,0.3801491856575012,0.4769049286842346,0.1919070482254028,0.1012761741876602,0.5,14.8,0.063,9.941565076587722e-05,0.0022424229667985,0.8027514666318893,intermittent_machinery_archetype,0.16815283221815078,-0.9233273313962128,4
hf_shipsear_ab984b69a63c,hf_shipsear,surface_vessel,coarse,/mnt/data/subsim/dataset/hydrophone/raw/hf_shipsear/class_2/2_0_538_ab984b69a63c.wav,5.0,5.0,16000,0.0368340723216533,0.1980024750309378,1159.2661790616792,2681.4141414141413,1666.8397932537523,0.1684017181396484,20.0,1260.2685546875,0.7192593216896057,0.1063527390360832,0.1743879318237304,0.1313464790582656,0.0854813456535339,1.0,15.2,0.0625,0.0001800291938707,0.0048875723621795,0.8315982818603516,intermittent_machinery_archetype,-0.42733739737280235,-1.0418491733804591,3
hf_shipsear_914c43cdf2a4,hf_shipsear,surface_vessel,coarse,/mnt/data/subsim/dataset/hydrophone/raw/hf_shipsear/class_2/2_0_477_914c43cdf2a4.wav,5.0,5.0,16000,0.0506349056959152,0.2261903273790922,1488.515523995895,2519.696969696969,1406.8612195403423,0.1776770800352096,1890.0,87.19038391113281,0.1023799479007721,0.3571097552776336,0.5405102968215942,0.1849392056465149,0.0966818630695343,0.5,14.8,0.0650625,0.0001364823256153,0.0026954197650194,0.8223229199647903,intermittent_machinery_archetype,0.23142529109634352,-0.6971069062530515,4
hf_shipsear_6df78ca5e40b,hf_shipsear,surface_vessel,coarse,/mnt/data/subsim/dataset/hydrophone/raw/hf_shipsear/class_2/2_0_646_6df78ca5e40b.wav,5.0,5.0,16000,0.033303115516901,0.2988912361404517,2055.5600117613017,4023.030303030303,1944.4612935646687,0.2052834182977676,20.0,1443.010009765625,0.7060205340385437,0.054425161331892,0.2395543605089187,0.0650748014450073,0.048124823719263,0.5,14.6,0.0643125,0.0001390769029967,0.0041760928620024,0.7947165817022324,intermittent_machinery_archetype,0.6495994078522195,-1.7450797053896083,3
hf_shipsear_0b4746d9ce5d,hf_shipsear,surface_vessel,coarse,/mnt/data/subsim/dataset/hydrophone/raw/hf_shipsear/class_2/2_0_144_0b4746d9ce5d.wav,5.0,5.0,16000,0.0065072164870798,0.0622507781347266,360.7783699510338,472.7272727272728,384.31320285548816,0.0074652945622801,140.0,4944.564453125,0.2606256306171417,0.7205947637557983,0.0187796782702207,0.25945645570755,0.139583870768547,1.0,15.2,0.0618125,4.667354460252682e-06,0.000717258211526,0.9925347054377198,intermittent_machinery_archetype,-2.6161216696515543,-0.11128133504010122,4
hf_shipsear_805b34f1b0d3,hf_shipsear,surface_vessel,coarse,/mnt/data/subsim/dataset/hydrophone/raw/hf_shipsear/class_2/2_0_86_805b34f1b0d3.wav,5.0,5.0,16000,0.0016479921760037,0.0943511793897423,608.7573150734032,1176.5656565656566,527.7356012542582,0.0114346081390976,360.0,5612.8984375,0.1944203823804855,0.5815423130989075,0.2240368425846099,0.2249782979488372,0.1192548349499702,5.5,14.8,0.0660625,1.997703407141671e-07,0.0001212204423672,0.9885653918609024,intermittent_machinery_archetype,-1.934949389640781,-0.4097355922743488,4
hf_shipsear_2dafc46bb910,hf_shipsear,surface_vessel,coarse,/mnt/data/subsim/dataset/hydrophone/raw/hf_shipsear/class_2/2_0_143_2dafc46bb910.wav,5.0,5.0,16000,0.0057098199613392,0.0673508418855235,358.68958091869183,461.3131313131313,454.5044442061315,0.0109294578433036,210.0,5497.53857421875,0.3079154789447784,0.6660714745521545,0.0260129626840353,0.2744897603988647,0.1506379246711731,10.0,14.8,0.063,3.5948285130871227e-06,0.0006295870161927,0.9890705421566964,intermittent_machinery_archetype,-2.7986479921688208,-0.1328904601486405,0
hf_shipsear_148f3c7089ce,hf_shipsear,surface_vessel,coarse,/mnt/data/subsim/dataset/hydrophone/raw/hf_shipsear/class_2/2_0_57_148f3c7089ce.wav,5.0,5.0,16000,0.0676468014717102,0.1991274890936136,1407.3190338695956,2096.161616161616,900.7499407606178,0.089785449206829,1070.0,99.52308654785156,0.0318370386958122,0.29207444190979,0.6760885715484619,0.1890842914581298,0.1089215353131294,14.5,15.0,0.0630625,0.0002528519253246,0.0037378252898868,0.9102145507931708,intermittent_machinery_archetype,-0.3243632233159866,0.008185532193182306,0
hf_shipsear_ed5973588f76,hf_shipsear,surface_vessel,coarse,/mnt/data/subsim/dataset/hydrophone/raw/hf_shipsear/class_2/2_0_63_ed5973588f76.wav,5.0,5.0,16000,0.0084077296778559,0.1191639895498693,837.4139278828284,1241.414141414141,480.9054137988194,0.0082327844575047,1220.0,9079.6279296875,0.0650690868496894,0.500697135925293,0.4342337548732757,0.237928494811058,0.1337923407554626,5.0,14.6,0.0656875,6.104862677602796e-06,0.0007261012081484,0.9917672155424953,intermittent_machinery_archetype,-1.479789480300641,-0.022457387693933958,4
hf_shipsear_dc1c662a92b1,hf_shipsear,surface_vessel,coarse,/mnt/data/subsim/dataset/hydrophone/raw/hf_shipsear/class_2/2_0_747_dc1c662a92b1.wav,5.0,5.0,16000,0.0686118379235267,0.2873285916073951,1897.6016968489475,4064.5454545454554,1811.2363757611984,0.2514390349388122,20.0,59.87937545776367,0.2069223821163177,0.2742280960083008,0.5188494920730591,0.1317640244960785,0.0713744759559631,2.5,14.8,0.0653125,0.000264406990027,0.0038536642950434,0.7485609650611877,intermittent_machinery_archetype,0.8620294386144736,-1.2465827875798772,7
hf_shipsear_75e6caf4af55,hf_shipsear,surface_vessel,coarse,/mnt/data/subsim/dataset/hydrophone/raw/hf_shipsear/class_2/2_0_629_75e6caf4af55.wav,5.0,5.0,16000,0.1294623166322708,0.276403455043188,1724.464614527306,4059.292929292929,1956.9357835323135,0.2257230281829834,280.0,128.0702667236328,0.1594808548688888,0.4161470830440521,0.4243720769882202,0.1820733100175857,0.1018055900931358,1.5,15.6,0.06125,0.0014133871300145,0.0109173631893079,0.7742769718170166,intermittent_machinery_archetype,0.19446138264856797,0.6761936754763068,4
hf_shipsear_3fc08738ec21,hf_shipsear,surface_vessel,coarse,/mnt/data/subsim/dataset/hydrophone/raw/hf_shipsear/class_2/2_0_170_3fc08738ec21.wav,5.0,5.0,16000,0.0028265456203371,0.1686771084638558,821.5726087809196,1435.1515151515152,1386.0697454052215,0.0912612825632095,190.0,551.0679931640625,0.2432984709739685,0.6336390376091003,0.1230624243617057,0.174008309841156,0.1139234229922294,0.5,14.6,0.0646875,9.499756288278148e-07,0.0003360906760735,0.9087387174367904,intermittent_machinery_archetype,-1.2590917590554134,-1.0320222959869152,4
hf_shipsear_ba1b463bc7f1,hf_shipsear,surface_vessel,coarse,/mnt/data/subsim/dataset/hydrophone/raw/hf_shipsear/class_2/2_0_282_ba1b463bc7f1.wav,5.0,5.0,16000,0.0113822910934686,0.1258390729884123,1003.251070007737,1800.0,1077.8232381218877,0.0930798649787902,200.0,81.18092346191406,0.076606348156929,0.5341894626617432,0.3892041444778442,0.0155716920271515,0.0127416001632809,18.0,13.2,0.07125,9.809164112084544e-06,0.0008617917105328,0.9069201350212096,intermittent_machinery_archetype,-0.5736293149953291,-2.074436862610013,0
hf_shipsear_ac5e082c9336,hf_shipsear,surface_vessel,coarse,/mnt/data/subsim/dataset/hydrophone/raw/hf_shipsear/class_2/2_0_435_ac5e082c9336.wav,5.0,5.0,16000,0.0328593999147415,0.1658645733071663,1039.6865031083848,1539.4949494949494,987.135881962311,0.0700042769312858,1420.0,985.0426635742188,0.2975942492485046,0.1625651866197586,0.539840579032898,0.137124553322792,0.0720037743449211,0.5,14.4,0.0675625,9.798990504350512e-05,0.0029820966084217,0.929995723068714,intermittent_machinery_archetype,-0.27392689413799376,-0.5518960020065248,3
hf_shipsear_f9b00f77b5d5,hf_shipsear,surface_vessel,coarse,/mnt/data/subsim/dataset/hydrophone/raw/hf_shipsear/class_2/2_0_244_f9b00f77b5d5.wav,5.0,5.0,16000,0.004269459284842,0.1665770822135276,1335.298748079806,2536.2626262626263,1339.1721190810297,0.1518587470054626,50.0,24.54780960083008,0.1243902519345283,0.351392388343811,0.5242173075675964,0.0235473923385143,0.0204567424952983,5.0,11.4,0.07259375,9.771993063623086e-07,0.0002288812800259,0.8481412529945374,intermittent_machinery_archetype,0.23626698201842228,-2.1797181444385587,3
hf_shipsear_783504f93ed8,hf_shipsear,surface_vessel,coarse,/mnt/data/subsim/dataset/hydrophone/raw/hf_shipsear/class_2/2_0_699_783504f93ed8.wav,5.0,5.0,16000,0.0405758395791053,0.1542894286178577,825.6456034377684,1582.9292929292928,1246.0576137034504,0.1137946918606758,20.0,707.7037353515625,0.406940221786499,0.3938295841217041,0.1992301344871521,0.102587953209877,0.0596863366663455,1.0,14.6,0.069125,0.0001365651842206,0.0033656773497209,0.8862053081393242,intermittent_machinery_archetype,-0.8434058826605627,-1.094692822247984,3
hf_shipsear_e2305c274ded,hf_shipsear,surface_vessel,coarse,/mnt/data/subsim/dataset/hydrophone/raw/hf_shipsear/class_2/2_0_254_e2305c274ded.wav,5.0,5.0,16000,0.0290715862065553,0.1218390229877873,881.4366951553243,1462.9292929292928,811.7405326003484,0.059425763785839,550.0,632.0079956054688,0.0767729356884956,0.699010968208313,0.2242160439491272,0.0493933223187923,0.0532223358750343,0.5,8.8,0.0783125,7.352125248871744e-05,0.0025289728590595,0.9405742362141608,intermittent_machinery_archetype,-1.362563887595054,-0.9972145585022647,3
hf_shipsear_d0b0ca9d05c2,hf_shipsear,surface_vessel,coarse,/mnt/data/subsim/dataset/hydrophone/raw/hf_shipsear/class_2/2_0_644_d0b0ca9d05c2.wav,5.0,5.0,16000,0.0271551739424467,0.3037662970787135,2092.67739789918,4269.49494949495,2054.5433966656296,0.2311522960662841,20.0,1553.4862060546875,0.7176002860069275,0.0565064400434494,0.2258933633565902,0.0588068254292011,0.0460709668695926,1.0,14.0,0.06725,9.93164285318926e-05,0.0036573666859482,0.7688477039337158,intermittent_machinery_archetype,0.7326621356024252,-2.034132558677736,3
hf_shipsear_fff5efaee240,hf_shipsear,surface_vessel,coarse,/mnt/data/subsim/dataset/hydrophone/raw/hf_shipsear/class_2/2_0_777_fff5efaee240.wav,5.0,5.0,16000,0.0660042092204094,0.2133776672208402,1094.1238814908584,2773.434343434344,1721.332742912165,0.1527089774608612,190.0,152.60525512695312,0.4562068581581116,0.2985665500164032,0.2452266216278076,0.2578148245811462,0.1381526887416839,12.0,14.8,0.0629375,0.0003877212293446,0.0058741894481911,0.8472910225391388,intermittent_machinery_archetype,-1.0764427173939541,0.05481377323778502,0
hf_shipsear_d1f458df7da4,hf_shipsear,surface_vessel,coarse,/mnt/data/subsim/dataset/hydrophone/raw/hf_shipsear/class_2/2_0_81_d1f458df7da4.wav,5.0,5.0,16000,0.0077841370366513,0.0647883098538731,326.9834969408581,507.8787878787879,473.713778591486,0.0128259984776377,110.0,8948.6767578125,0.7086013555526733,0.2242965847253799,0.0671019777655601,0.2669822871685028,0.1430506557226181,11.0,14.4,0.0660625,9.072059583559168e-06,0.0011654547626381,0.9871740015223622,intermittent_machinery_archetype,-2.6563739735811116,-0.13613407697399924,0
hf_shipsear_45d0cb7a53be,hf_shipsear,surface_vessel,coarse,/mnt/data/subsim/dataset/hydrophone/raw/hf_shipsear/class_2/2_0_647_45d0cb7a53be.wav,5.0,5.0,16000,0.0302177052944898,0.2701533769172115,1787.580594845573,3805.050505050505,1938.5999112588868,0.2146362662315368,20.0,1628.93212890625,0.7153570652008057,0.0699942260980606,0.2146487385034561,0.1681000143289566,0.1206114217638969,0.5,14.6,0.06490625,0.0001159443563665,0.0038369676066644,0.7853637337684631,intermittent_machinery_archetype,-0.010375475126356391,-1.1078246029214829,3
hf_shipsear_55aeedd3fdf6,hf_shipsear,surface_vessel,coarse,/mnt/data/subsim/dataset/hydrophone/raw/hf_shipsear/class_2/2_0_44_55aeedd3fdf6.wav,5.0,5.0,16000,0.062577337026596,0.2069025862823285,1420.254712039662,2259.89898989899,1006.2429181052064,0.1076939478516578,660.0,56.43326950073242,0.0304490253329277,0.3743282258510589,0.5952227711677551,0.1846924722194671,0.1077533513307571,14.5,14.4,0.068875,0.0001898049667943,0.0030331263011499,0.8923060521483421,intermittent_machinery_archetype,-0.4569585601704291,-0.300776530980502,0
hf_shipsear_149ae2e16f08,hf_shipsear,surface_vessel,coarse,/mnt/data/subsim/dataset/hydrophone/raw/hf_shipsear/class_2/2_0_577_149ae2e16f08.wav,5.0,5.0,16000,0.1239393875002861,0.1589019862748284,807.0763850525641,1259.1919191919192,1343.530024901233,0.0984533801674842,170.0,386.7738952636719,0.2980127334594726,0.5274316072463989,0.1745556443929672,0.2336241155862808,0.1251656264066696,7.5,15.6,0.060625,0.0016068727709352,0.0129649888008251,0.9015466198325156,intermittent_machinery_archetype,-1.7756779840127104,1.6472086970833943,4
hf_shipsear_c6d570d22ef2,hf_shipsear,surface_vessel,coarse,/mnt/data/subsim/dataset/hydrophone/raw/hf_shipsear/class_2/2_0_459_c6d570d22ef2.wav,5.0,5.0,16000,0.0245570037513971,0.1144139301741271,639.4969191439498,1201.919191919192,816.8164316333143,0.0527658127248287,170.0,610.0126342773438,0.3369556665420532,0.4632993936538696,0.1997449249029159,0.1759832948446273,0.0938825234770774,2.5,15.2,0.0624375,4.602156695909798e-05,0.0018740709340244,0.9472341872751712,intermittent_machinery_archetype,-1.466923141514821,-0.5854890492820108,4
hf_shipsear_8fcd3a41cc18,hf_shipsear,surface_vessel,coarse,/mnt/data/subsim/dataset/hydrophone/raw/hf_shipsear/class_2/2_0_240_8fcd3a41cc18.wav,5.0,5.0,16000,0.008723116479814,0.1296141201765022,812.2225365094445,1505.7575757575758,746.8788465730167,0.0292175505310297,160.0,1293.1705322265625,0.4492070078849792,0.2570827901363373,0.2937101721763611,0.1153386458754539,0.1106069907546043,0.5,9.4,0.06409375,8.9041241153609e-06,0.001020750340196,0.9707824494689704,intermittent_machinery_archetype,-1.3947001179802894,-0.5070760052397266,3
hf_shipsear_5eddcb65f165,hf_shipsear,surface_vessel,coarse,/mnt/data/subsim/dataset/hydrophone/raw/hf_shipsear/class_2/2_0_253_5eddcb65f165.wav,5.0,5.0,16000,0.0070208916440606,0.1439892998662483,884.8785070784339,1632.4242424242425,1077.4941524048418,0.0939659476280212,140.0,207.6949615478516,0.2985693216323852,0.4048113226890564,0.2966193556785583,0.0525470450520515,0.0459456779062747,0.5,9.0,0.0808437499999999,3.988873231719481e-06,0.0005681433973597,0.9060340523719788,intermittent_machinery_archetype,-0.8786712077149834,-1.5984462108780242,3
hf_shipsear_b1a717b078d2,hf_shipsear,surface_vessel,coarse,/mnt/data/subsim/dataset/hydrophone/raw/hf_shipsear/class_2/2_0_712_b1a717b078d2.wav,5.0,5.0,16000,0.0424038879573345,0.3482293528669108,2417.5649929315323,4738.080808080808,2082.990684420165,0.2685572504997253,20.0,150.8517303466797,0.3073800802230835,0.1188051700592041,0.5738148093223572,0.1754144728183746,0.0976822450757026,1.0,15.2,0.0631875,0.0001155700956587,0.0027254598864218,0.7314427495002747,intermittent_machinery_archetype,1.3253399898892215,-1.3837082803136982,7
hf_shipsear_33e184a9dcdf,hf_shipsear,surface_vessel,coarse,/mnt/data/subsim/dataset/hydrophone/raw/hf_shipsear/class_2/2_0_715_33e184a9dcdf.wav,5.0,5.0,16000,0.050200916826725,0.3587919848998112,2525.351162702343,5067.474747474747,2178.947798185355,0.2444131225347519,130.0,91.3165054321289,0.3063915967941284,0.1115356385707855,0.5820728540420532,0.0996676906943321,0.054916001856327,14.0,14.8,0.0661875,0.0001635639782762,0.0032581870733062,0.7555868774652481,intermittent_machinery_archetype,1.4073296862299012,-1.758851938940953,7
hf_shipsear_dc703eca4b4c,hf_shipsear,surface_vessel,coarse,/mnt/data/subsim/dataset/hydrophone/raw/hf_shipsear/class_2/2_0_26_dc703eca4b4c.wav,5.0,5.0,16000,0.0593337155878543,0.2002025025312816,1421.156981535246,2135.959595959596,871.1684048076809,0.0817978978157043,1330.0,66.3912582397461,0.026333674788475,0.2766307294368744,0.697035551071167,0.1620774865150451,0.0958435609936714,14.5,14.8,0.063,0.0001757125573931,0.0029614285174841,0.9182021021842957,intermittent_machinery_archetype,-0.16073712911937846,-0.23726679243377158,0
hf_shipsear_bd0d0f94cd5e,hf_shipsear,surface_vessel,coarse,/mnt/data/subsim/dataset/hydrophone/raw/hf_shipsear/class_2/2_0_659_bd0d0f94cd5e.wav,5.0,5.0,16000,0.1033247783780098,0.2619282741034263,1676.8456593259984,3585.151515151515,1641.811848091348,0.1704766750335693,20.0,218.04400634765625,0.3319977521896362,0.2450965791940689,0.4229057133197784,0.1315642148256302,0.0734793618321418,0.5,14.6,0.0641875,0.0008131018839776,0.0078693794144428,0.8295233249664307,intermittent_machinery_archetype,0.1743191789547161,0.01582978059981565,4
hf_shipsear_0ea6cc01630a,hf_shipsear,surface_vessel,coarse,/mnt/data/subsim/dataset/hydrophone/raw/hf_shipsear/class_2/2_0_686_0ea6cc01630a.wav,5.0,5.0,16000,0.0938870310783386,0.0713258915736446,389.0876569516154,422.5252525252525,598.9093679423786,0.0256310552358627,170.0,2665.237060546875,0.3082920610904693,0.6420753002166748,0.0496325865387916,0.2280956357717514,0.1201285719871521,3.0,15.0,0.06534375,0.0011084455763921,0.0118061628283402,0.9743689447641372,intermittent_machinery_archetype,-2.649987935468429,1.4900560983361626,4
hf_shipsear_e82ed92bcb56,hf_shipsear,surface_vessel,coarse,/mnt/data/subsim/dataset/hydrophone/raw/hf_shipsear/class_2/2_0_770_e82ed92bcb56.wav,5.0,5.0,16000,0.045394018292427,0.1617020212752659,878.73770613441,1402.9292929292928,1382.5416186528294,0.1192808374762535,20.0,277.715087890625,0.3398280143737793,0.500048041343689,0.1601239144802093,0.0940924957394599,0.0510654747486114,1.0,14.8,0.0653125,0.000164027835126,0.0036134239992978,0.8807191625237465,intermittent_machinery_archetype,-0.8051650855666298,-1.1407648013664957,3
hf_shipsear_194fbe91dc2b,hf_shipsear,surface_vessel,coarse,/mnt/data/subsim/dataset/hydrophone/raw/hf_shipsear/class_2/2_0_25_194fbe91dc2b.wav,5.0,5.0,16000,0.0582015104591846,0.1916648958111976,1304.5238213602483,2082.3232323232323,913.046644205352,0.0814970731735229,620.0,71.71849822998047,0.0251648016273975,0.3928095698356628,0.5820255875587463,0.1608791649341583,0.0937017574906349,14.5,14.6,0.0660625,0.0001692311197984,0.002907675736599,0.918502926826477,intermittent_machinery_archetype,-0.5094582057896787,-0.3604883018792485,0
hf_shipsear_5d985981755e,hf_shipsear,surface_vessel,coarse,/mnt/data/subsim/dataset/hydrophone/raw/hf_shipsear/class_2/2_0_382_5d985981755e.wav,5.0,5.0,16000,0.0057028182782232,0.1437767972099651,1142.3552255484494,1941.2121212121208,1204.9623646718996,0.1128842458128929,460.0,89.99063110351562,0.0727819353342056,0.5542389154434204,0.3729789555072784,0.0207728818058967,0.0165747590363025,8.5,13.8,0.068,2.880924512282945e-06,0.0005051755765704,0.8871157541871071,intermittent_machinery_archetype,-0.22834529921960264,-2.1069932436488994,0
hf_shipsear_5854e85406cf,hf_shipsear,surface_vessel,coarse,/mnt/data/subsim/dataset/hydrophone/raw/hf_shipsear/class_2/2_0_506_5854e85406cf.wav,5.0,5.0,16000,0.0325630269944667,0.1432017900223753,755.8622308018699,1404.141414141414,1147.8248071480273,0.0827056989073753,220.0,568.3212280273438,0.2085626870393753,0.6106084585189819,0.1808288097381591,0.2509923279285431,0.1336046904325485,0.5,14.8,0.0659375,0.0001202745479531,0.0036935923668859,0.9172943010926248,intermittent_machinery_archetype,-1.6422752702103156,-0.06152330541630938,4
hf_shipsear_991c9cfc69e6,hf_shipsear,surface_vessel,coarse,/mnt/data/subsim/dataset/hydrophone/raw/hf_shipsear/class_2/2_0_588_991c9cfc69e6.wav,5.0,5.0,16000,0.1784422844648361,0.2280278503481293,1276.473149706073,3150.40404040404,1743.807760585244,0.1622737199068069,230.0,163.34231567382812,0.2131521850824356,0.473661333322525,0.3131864070892334,0.2264443188905716,0.1215080097317695,8.5,15.8,0.05846875,0.0030885052401572,0.0173081467175935,0.837726280093193,intermittent_machinery_archetype,-0.9889804651772921,2.634858436143351,2
hf_shipsear_9b0064de29ad,hf_shipsear,surface_vessel,coarse,/mnt/data/subsim/dataset/hydrophone/raw/hf_shipsear/class_2/2_0_695_9b0064de29ad.wav,5.0,5.0,16000,0.0494154766201972,0.0933886673583419,505.2513094288325,650.6060606060606,840.6704595741276,0.0519215352833271,20.0,893.9921264648438,0.268705666065216,0.6527962684631348,0.0784980431199073,0.1141878142952919,0.0619595050811767,0.5,14.8,0.06525,0.000248846510658,0.0050358010824344,0.9480784647166728,intermittent_machinery_archetype,-1.702964805886876,-0.4893081341139873,4
hf_shipsear_7a2c8bba35ca,hf_shipsear,surface_vessel,coarse,/mnt/data/subsim/dataset/hydrophone/raw/hf_shipsear/class_3/3_0_174_7a2c8bba35ca.wav,5.0,5.0,16000,0.0828047692775726,0.1579894748684358,945.0830507733058,1675.353535353535,1107.311175505159,0.09844920784235,20.0,595.616943359375,0.2824390530586242,0.4110953509807586,0.3064656257629394,0.2018272578716278,0.1123722195625305,0.5,13.6,0.0790625,0.0003888161154463,0.0046955763397918,0.90155079215765,intermittent_machinery_archetype,-1.3286158917572612,0.213981844626687,4
hf_shipsear_c5094f3200b5,hf_shipsear,surface_vessel,coarse,/mnt/data/subsim/dataset/hydrophone/raw/hf_shipsear/class_3/3_1_53_c5094f3200b5.wav,5.0,5.0,16000,0.0317315831780433,0.1084638557981974,621.6691500702563,1029.6969696969695,765.134644884329,0.040580466389656,230.0,432.6927795410156,0.2595961689949035,0.5577473640441895,0.1826563477516174,0.2076333314180374,0.1140283644199371,10.0,14.2,0.06725,8.255341526819393e-05,0.0026016166543721,0.959419533610344,intermittent_machinery_archetype,-1.9765448778004486,-0.26861300466737287,0
hf_shipsear_ed19f1c35880,hf_shipsear,surface_vessel,coarse,/mnt/data/subsim/dataset/hydrophone/raw/hf_shipsear/class_3/3_0_80_ed19f1c35880.wav,5.0,5.0,16000,0.0311950873583555,0.0598007475093438,302.27846521617835,372.22222222222223,449.6066916354123,0.0138131557032465,120.0,5491.8447265625,0.5134851336479187,0.447836309671402,0.0386784709990024,0.2543441355228424,0.1379841417074203,2.0,15.0,0.0650625,0.0001168690214399,0.0037463918627198,0.9861868442967534,intermittent_machinery_archetype,-2.6228023671225675,0.29235864319812893,4
hf_shipsear_8cf1d322fb15,hf_shipsear,surface_vessel,coarse,/mnt/data/subsim/dataset/hydrophone/raw/hf_shipsear/class_3/3_0_40_8cf1d322fb15.wav,5.0,5.0,16000,0.0446525514125824,0.08537606720084,414.8113125649924,452.7272727272728,633.7504486494412,0.0239911712706089,190.0,4088.028076171875,0.3733072876930237,0.5541484355926514,0.0725442990660667,0.2128333002328872,0.1166707277297973,1.5,14.6,0.0637187499999999,0.0002572921803221,0.0057620935910024,0.9760088287293912,intermittent_machinery_archetype,-2.292293782883798,0.31564273568150647,4
hf_shipsear_ef6454b10cb2,hf_shipsear,surface_vessel,coarse,/mnt/data/subsim/dataset/hydrophone/raw/hf_shipsear/class_3/3_1_300_ef6454b10cb2.wav,5.0,5.0,16000,0.0676696673035621,0.1143514293928674,708.544282055736,1222.3232323232323,683.6439671435301,0.0353052727878093,590.0,495.58056640625,0.134203091263771,0.6299374103546143,0.2358595579862594,0.2283064424991607,0.1211262717843055,5.0,15.2,0.0616875,0.0003137919411528,0.0046371136973467,0.9646947272121906,intermittent_machinery_archetype,-1.8483504203101728,0.5224875040323627,4
hf_shipsear_db439526f062,hf_shipsear,surface_vessel,coarse,/mnt/data/subsim/dataset/hydrophone/raw/hf_shipsear/class_3/3_1_75_db439526f062.wav,5.0,5.0,16000,0.0488870255649089,0.175027187839848,1090.07817301284,1959.1919191919192,1110.337833165198,0.1149696931242942,230.0,99.5639190673828,0.0473309718072414,0.6023851037025452,0.3502839505672455,0.2014480084180832,0.1083972752094268,10.0,15.6,0.059125,0.0001411478442605,0.0028872250382724,0.8850303068757057,intermittent_machinery_archetype,-0.9204903581609907,-0.4838557483662069,0
hf_shipsear_b6d1a119acc6,hf_shipsear,surface_vessel,coarse,/mnt/data/subsim/dataset/hydrophone/raw/hf_shipsear/class_3/3_1_122_b6d1a119acc6.wav,5.0,5.0,16000,0.0108594456687569,0.0614007675095938,325.08624209452546,378.989898989899,525.7713525076526,0.018202893435955,240.0,5986.81591796875,0.3500226438045501,0.6169884204864502,0.0329888723790645,0.1587490886449813,0.0822844430804252,8.0,14.2,0.06759375,1.1678986084007192e-05,0.001075467978677,0.981797106564045,intermittent_machinery_archetype,-2.301479999578011,-0.8321204190170602,0
hf_shipsear_c221872142f4,hf_shipsear,surface_vessel,coarse,/mnt/data/subsim/dataset/hydrophone/raw/hf_shipsear/class_3/3_1_21_c221872142f4.wav,5.0,5.0,16000,0.0537924841046333,0.1205015062688283,554.8856311655754,742.929292929293,937.089181573817,0.0500314161181449,170.0,740.1464233398438,0.442479521036148,0.4524459838867187,0.1050745248794555,0.2533805072307586,0.1363045275211334,2.5,14.8,0.0638125,0.0003070814418606,0.0057086309912296,0.949968583881855,intermittent_machinery_archetype,-2.116133147081126,0.49365071521474424,4
hf_shipsear_b7e5e44c55ea,hf_shipsear,surface_vessel,coarse,/mnt/data/subsim/dataset/hydrophone/raw/hf_shipsear/class_3/3_1_270_b7e5e44c55ea.wav,5.0,5.0,16000,0.1013956815004348,0.0960012000150001,503.91420791405113,728.0808080808081,707.0036745716408,0.0377402082085609,60.0,849.717529296875,0.3201579451560974,0.5792096257209778,0.1006324291229248,0.1401135325431823,0.0741631090641021,5.0,14.8,0.061625,0.0009209099807776,0.0090823392785679,0.9622597917914392,intermittent_machinery_archetype,-1.9954131810516982,0.7098077550017067,4
hf_shipsear_1961782e0d81,hf_shipsear,surface_vessel,coarse,/mnt/data/subsim/dataset/hydrophone/raw/hf_shipsear/class_3/3_1_180_1961782e0d81.wav,5.0,5.0,16000,0.0717489421367645,0.0990262378279728,445.355200725028,546.1616161616162,831.779007931581,0.0477499477565288,130.0,949.5078125,0.5567178726196289,0.3619166910648346,0.0813655480742454,0.2337753474712371,0.1245035380125045,7.5,14.4,0.067875,0.0006297315703704,0.0087768760292152,0.9522500522434711,intermittent_machinery_archetype,-2.38079856501609,0.7838337423138312,4
hf_shipsear_17fc638cf684,hf_shipsear,surface_vessel,coarse,/mnt/data/subsim/dataset/hydrophone/raw/hf_shipsear/class_3/3_0_151_17fc638cf684.wav,5.0,5.0,16000,0.0768098905682563,0.0524631557894473,292.0822263754112,389.5959595959596,332.98857556255604,0.0058470517396926,160.0,16163.5478515625,0.4835090339183807,0.4875617921352386,0.0289291460067033,0.2025105506181717,0.1179324686527252,1.0,15.0,0.0633749999999999,0.0007043408113531,0.0091699233800899,0.9941529482603072,intermittent_machinery_archetype,-2.667459896057957,1.0920068782377927,4
hf_shipsear_8bd534e5bed2,hf_shipsear,surface_vessel,coarse,/mnt/data/subsim/dataset/hydrophone/raw/hf_shipsear/class_3/3_0_122_8bd534e5bed2.wav,5.0,5.0,16000,0.1745331585407257,0.0469880873510918,255.15952578991255,300.0,323.47149532629146,0.005563024431467,120.0,11069.6748046875,0.4807328879833221,0.4912091791629791,0.0280579235404729,0.2846311032772064,0.151250422000885,1.5,14.6,0.06590625,0.003914245404303,0.0224269441807374,0.9944369755685328,intermittent_machinery_archetype,-3.464914222831198,4.4512930907873205,2
hf_shipsear_a30f5c592fdb,hf_shipsear,surface_vessel,coarse,/mnt/data/subsim/dataset/hydrophone/raw/hf_shipsear/class_3/3_1_277_a30f5c592fdb.wav,5.0,5.0,16000,0.1308468431234359,0.0980012250153126,587.8216728531503,905.858585858586,612.8748614132328,0.0286886226385831,430.0,1301.878173828125,0.1695017963647842,0.7055919170379639,0.1249063238501548,0.2706319391727447,0.1407637298107147,18.0,14.6,0.0666875,0.0015359846875071,0.0117387982073547,0.9713113773614168,intermittent_machinery_archetype,-2.8818461262317436,2.0720794932645457,0
hf_shipsear_2af5d216806f,hf_shipsear,surface_vessel,coarse,/mnt/data/subsim/dataset/hydrophone/raw/hf_shipsear/class_3/3_1_174_2af5d216806f.wav,5.0,5.0,16000,0.0671379119157791,0.132339154239428,660.7159933264887,1149.1919191919192,1071.3515178644557,0.0789727643132209,230.0,417.1103820800781,0.3420165181159973,0.5052967071533203,0.1526868045330047,0.1715320497751236,0.093180350959301,0.5,14.0,0.06925,0.0004586087889038,0.0068308467721229,0.921027235686779,intermittent_machinery_archetype,-1.5950584511840806,0.11744494111839653,4
hf_shipsear_2b2c9f111111,hf_shipsear,surface_vessel,coarse,/mnt/data/subsim/dataset/hydrophone/raw/hf_shipsear/class_3/3_0_48_2b2c9f111111.wav,5.0,5.0,16000,0.0717021524906158,0.0799759996999962,339.0084920203026,363.5353535353535,660.7714277163268,0.0230627488344907,160.0,1763.4268798828125,0.6509286165237427,0.3027269840240478,0.0463444292545318,0.2610390782356262,0.1373450011014938,10.0,15.6,0.0615,0.0006609280244447,0.0092176873563455,0.9769372511655092,intermittent_machinery_archetype,-2.663745794232127,1.0865153666315779,4
hf_shipsear_899bf43b0798,hf_shipsear,surface_vessel,coarse,/mnt/data/subsim/dataset/hydrophone/raw/hf_shipsear/class_3/3_1_23_899bf43b0798.wav,5.0,5.0,16000,0.079402707517147,0.1007887598594982,446.70990724342846,549.5959595959596,794.5636839864374,0.037174891680479,110.0,1056.9747314453125,0.5372684597969055,0.3799009919166565,0.0828306376934051,0.2406137734651565,0.1292444318532943,2.5,14.2,0.072125,0.0007458691252395,0.0093934973825557,0.962825108319521,intermittent_machinery_archetype,-2.436333388560697,1.08906408737871,4
hf_shipsear_3b0e8dc98f89,hf_shipsear,surface_vessel,coarse,/mnt/data/subsim/dataset/hydrophone/raw/hf_shipsear/class_3/3_1_204_3b0e8dc98f89.wav,5.0,5.0,16000,0.0093812681734561,0.0655133189164864,349.06940466080385,535.5555555555555,562.4378941314683,0.0218173451721668,240.0,2613.42919921875,0.429966002702713,0.5271720886230469,0.0428619533777236,0.0855599641799926,0.0449420027434825,9.0,15.2,0.060625,8.465476639685221e-06,0.0009023808383109,0.9781826548278332,intermittent_machinery_archetype,-1.8102382641140802,-1.3283124596674434,0
hf_shipsear_a58ddc0ad141,hf_shipsear,surface_vessel,coarse,/mnt/data/subsim/dataset/hydrophone/raw/hf_shipsear/class_3/3_0_30_a58ddc0ad141.wav,5.0,5.0,16000,0.0018260771175846,0.0493131164139551,343.09658646008387,480.1010101010101,478.9107538014173,0.0193023979663848,140.0,861.4844360351562,0.4834724962711334,0.451063334941864,0.0654637739062309,0.0408978573977947,0.02326600253582,8.5,13.8,0.0689375,3.728598017005425e-07,0.000204186229544,0.9806976020336152,intermittent_machinery_archetype,-1.7590392891647386,-1.684610077571213,3
hf_shipsear_41fb22f32e70,hf_shipsear,surface_vessel,coarse,/mnt/data/subsim/dataset/hydrophone/raw/hf_shipsear/class_3/3_0_72_41fb22f32e70.wav,5.0,5.0,16000,0.0218679904937744,0.1938399229990375,1042.2834416989022,2350.2020202020203,1400.2453281438634,0.1150667890906333,310.0,319.4712829589844,0.2047483325004577,0.541920006275177,0.2533317804336548,0.2484561055898666,0.128368079662323,1.5,15.6,0.0613125,3.1473809940507635e-05,0.0014392639299906,0.8849332109093666,intermittent_machinery_archetype,-0.9538141671398576,-0.5434209078944777,4
hf_shipsear_c450e0bfedce,hf_shipsear,surface_vessel,coarse,/mnt/data/subsim/dataset/hydrophone/raw/hf_shipsear/class_3/3_1_80_c450e0bfedce.wav,5.0,5.0,16000,0.0482817701995372,0.1703271290891136,1024.3402025377936,1863.1313131313127,1221.0771136030703,0.1279238164424896,230.0,140.13623046875,0.1119856908917427,0.6131521463394165,0.2748622298240661,0.2086320370435714,0.1111186444759368,0.5,14.8,0.06375,0.0001498300262028,0.0031032421881078,0.8720761835575104,intermittent_machinery_archetype,-0.9891201249719958,-0.41786479999210613,4
hf_shipsear_91392d86df11,hf_shipsear,surface_vessel,coarse,/mnt/data/subsim/dataset/hydrophone/raw/hf_shipsear/class_3/3_1_216_91392d86df11.wav,5.0,5.0,16000,0.0283875372260808,0.0904761309516369,496.83747957417535,758.6868686868687,643.9065417244584,0.0289489142596721,230.0,1194.7388916015625,0.2565136551856994,0.6340141892433167,0.1094720140099525,0.1848316341638565,0.1010411232709884,0.5,14.0,0.0669375,7.573595939902589e-05,0.0026679299015335,0.9710510857403278,intermittent_machinery_archetype,-2.024400513408323,-0.2849086472218961,4
hf_shipsear_12b2d1cc7f2d,hf_shipsear,surface_vessel,coarse,/mnt/data/subsim/dataset/hydrophone/raw/hf_shipsear/class_3/3_1_220_12b2d1cc7f2d.wav,5.0,5.0,16000,0.0161407012492418,0.1651895648695608,837.1542537771046,1758.2828282828282,1469.2768939669766,0.1060281246900558,30.0,512.6808471679688,0.6752662062644958,0.1628258377313614,0.1619079858064651,0.0453590936958789,0.0285510178655385,1.0,14.2,0.06615625,3.537022348609753e-05,0.0021913684503371,0.8939718753099442,intermittent_machinery_archetype,-0.4922575422560059,-1.7272134966968287,3
hf_shipsear_e40c0509d519,hf_shipsear,surface_vessel,coarse,/mnt/data/subsim/dataset/hydrophone/raw/hf_shipsear/class_3/3_1_208_e40c0509d519.wav,5.0,5.0,16000,0.0063340649940073,0.1042513031412892,519.6805449579025,833.5353535353536,928.5973159469496,0.0470373034477233,100.0,390.3007507324219,0.4962043762207031,0.400439590215683,0.1033560410141944,0.0655858144164085,0.0365022271871566,1.0,13.8,0.0717812499999999,3.948095582018141e-06,0.0006233115045598,0.9529626965522766,intermittent_machinery_archetype,-1.3197054411450095,-1.5393492026273472,3
hf_shipsear_819f25dc048c,hf_shipsear,surface_vessel,coarse,/mnt/data/subsim/dataset/hydrophone/raw/hf_shipsear/class_3/3_1_173_819f25dc048c.wav,5.0,5.0,16000,0.06978340446949,0.1297641220515256,670.711171915728,1178.585858585859,1098.5086011848507,0.0813433155417442,230.0,437.4892883300781,0.3539260327816009,0.4964416921138763,0.1496322900056839,0.1801802664995193,0.0966610386967659,3.0,15.2,0.0620625,0.0004767398932017,0.0068317087252935,0.9186566844582558,intermittent_machinery_archetype,-1.5528238359456252,0.1600720617062002,4
hf_shipsear_f16a34024a14,hf_shipsear,surface_vessel,coarse,/mnt/data/subsim/dataset/hydrophone/raw/hf_shipsear/class_3/3_0_103_f16a34024a14.wav,5.0,5.0,16000,0.1050813570618629,0.061363267040838,318.5029088277576,467.1717171717172,468.0835716893548,0.015667462721467,130.0,7178.97412109375,0.5879800319671631,0.3787341117858886,0.03328587859869,0.2274148613214492,0.1268241256475448,2.0,14.6,0.0655625,0.0014218137366697,0.0135305993033487,0.984332537278533,intermittent_machinery_archetype,-2.7930253565310426,1.9491766969769275,4
hf_shipsear_193d8b75ec14,hf_shipsear,surface_vessel,coarse,/mnt/data/subsim/dataset/hydrophone/raw/hf_shipsear/class_3/3_1_73_193d8b75ec14.wav,5.0,5.0,16000,0.0455005131661891,0.16115201440018,984.6033543203756,1726.1616161616162,1049.8032648943763,0.0981508046388626,230.0,197.4643096923828,0.0774487107992172,0.6011931896209717,0.3213581442832947,0.098664753139019,0.0539365373551845,4.0,14.8,0.06425,0.0001348706718999,0.0029641571602591,0.9018491953611374,intermittent_machinery_archetype,-0.650810063338382,-1.0007660869724324,4
hf_shipsear_b02857f4a9d4,hf_shipsear,surface_vessel,coarse,/mnt/data/subsim/dataset/hydrophone/raw/hf_shipsear/class_3/3_1_106_b02857f4a9d4.wav,5.0,5.0,16000,0.0583305768668651,0.0454380679758497,275.55328571068287,357.07070707070704,273.7930920318457,0.0044786278158426,240.0,20558.296875,0.3101310431957245,0.6737964749336243,0.0160723831504583,0.2664252817630768,0.1437981873750686,1.0,14.2,0.06478125,0.0004433046851772,0.0075998680105888,0.9955213721841574,intermittent_machinery_archetype,-3.0167406512102373,1.1005317516957145,4
hf_shipsear_3711ce74e1aa,hf_shipsear,surface_vessel,coarse,/mnt/data/subsim/dataset/hydrophone/raw/hf_shipsear/class_3/3_1_55_3711ce74e1aa.wav,5.0,5.0,16000,0.023052429780364,0.053338166727084,313.03994557008286,500.7070707070707,361.83740584153645,0.0074961734935641,230.0,4633.4169921875,0.4363682270050049,0.5354674458503723,0.028164317831397,0.1886665970087051,0.1008633598685264,13.0,14.6,0.06715625,5.539818084798753e-05,0.002403138470582,0.992503826506436,intermittent_machinery_archetype,-2.5983700293797587,-0.42056165014607955,0
hf_shipsear_5cc8decb6de0,hf_shipsear,surface_vessel,coarse,/mnt/data/subsim/dataset/hydrophone/raw/hf_shipsear/class_3/3_0_135_5cc8decb6de0.wav,5.0,5.0,16000,0.0518827699124813,0.0559131989149864,294.02970561220394,380.4040404040404,398.9757054212751,0.010503233410418,230.0,4579.50927734375,0.4025951027870178,0.563055694103241,0.0343493372201919,0.218986764550209,0.12091626226902,2.0,15.6,0.0603125,0.0003221870865672,0.0062099052749989,0.989496766589582,intermittent_machinery_archetype,-2.535995604390399,0.5375559449642812,4
hf_shipsear_3dd18bf3c69a,hf_shipsear,surface_vessel,coarse,/mnt/data/subsim/dataset/hydrophone/raw/hf_shipsear/class_3/3_0_89_3dd18bf3c69a.wav,5.0,5.0,16000,0.073410578072071,0.0433255415692696,229.19410140631865,283.6363636363636,303.2499321519056,0.0056624496355652,120.0,16139.060546875,0.7211930751800537,0.2563186287879944,0.0224882885813713,0.2675223350524902,0.1478925198316574,2.0,15.4,0.06303125,0.0007311267545446,0.0099594196604327,0.9943375503644348,intermittent_machinery_archetype,-2.931954132728924,1.4849574573817226,4
hf_shipsear_6bca3b3e6de6,hf_shipsear,surface_vessel,coarse,/mnt/data/subsim/dataset/hydrophone/raw/hf_shipsear/class_3/3_1_142_6bca3b3e6de6.wav,5.0,5.0,16000,0.0314667224884033,0.0920636507956349,521.6361438238765,818.0808080808081,596.2468426834423,0.0242621339857578,230.0,780.75537109375,0.2532588839530945,0.6401267647743225,0.1066142842173576,0.262279599905014,0.1392824202775955,10.0,15.0,0.0619062499999999,7.842341437935829e-05,0.0024922651034205,0.9757378660142422,intermittent_machinery_archetype,-2.425931901235996,0.10368389896310191,0
hf_shipsear_f4816343c7a4,hf_shipsear,surface_vessel,coarse,/mnt/data/subsim/dataset/hydrophone/raw/hf_shipsear/class_3/3_0_73_f4816343c7a4.wav,5.0,5.0,16000,0.0222650300711393,0.2059275740946761,1159.923878302697,2541.313131313131,1442.3106429777552,0.1289392709732055,310.0,235.2930450439453,0.2038346379995346,0.481496661901474,0.3146686851978302,0.2585726380348205,0.1349652111530304,2.5,14.8,0.065,3.243389801355079e-05,0.0014567192547445,0.8710607290267944,intermittent_machinery_archetype,-0.8451708898600427,-0.5285220576806634,4
hf_shipsear_daf373898ae8,hf_shipsear,surface_vessel,coarse,/mnt/data/subsim/dataset/hydrophone/raw/hf_shipsear/class_3/3_1_191_daf373898ae8.wav,5.0,5.0,16000,0.0337049402296543,0.0980637257965724,517.4747623511835,815.2525252525253,775.0583732029297,0.0252387691289186,130.0,698.214111328125,0.441688597202301,0.4515547752380371,0.1067566946148872,0.1826494932174682,0.0981648191809654,0.5,15.2,0.0596875,0.0001037552356137,0.0030783391070791,0.9747612308710814,intermittent_machinery_archetype,-1.832734314420852,-0.19318114043554047,4
hf_shipsear_6039beba7b38,hf_shipsear,surface_vessel,coarse,/mnt/data/subsim/dataset/hydrophone/raw/hf_shipsear/class_3/3_0_170_6039beba7b38.wav,5.0,5.0,16000,0.1436509788036346,0.1290766134576682,761.4217825968524,1264.2424242424242,1055.1213034899092,0.079666718840599,20.0,809.055419921875,0.324752539396286,0.484152227640152,0.191095232963562,0.1745226383209228,0.0991714596748352,1.0,13.6,0.0789375,0.0013831794494763,0.0096287506078007,0.9203332811594008,intermittent_machinery_archetype,-1.859899205387009,1.3601576542792198,4
hf_shipsear_902d73efa7ed,hf_shipsear,surface_vessel,coarse,/mnt/data/subsim/dataset/hydrophone/raw/hf_shipsear/class_3/3_0_109_902d73efa7ed.wav,5.0,5.0,16000,0.0923673957586288,0.0809510118876486,402.0817670895866,674.9494949494949,566.7059540614063,0.0201982371509075,110.0,3057.157470703125,0.4745143055915832,0.4383137226104736,0.0871719941496849,0.208152562379837,0.115698866546154,2.0,15.2,0.063875,0.000941285805311,0.0101906716928622,0.9798017628490924,intermittent_machinery_archetype,-2.381984118964699,1.285958682589949,4
hf_shipsear_213a0747fa30,hf_shipsear,surface_vessel,coarse,/mnt/data/subsim/dataset/hydrophone/raw/hf_shipsear/class_3/3_0_14_213a0747fa30.wav,5.0,5.0,16000,0.0056505003012716,0.1757396967462093,1105.2159498145302,1643.3333333333333,842.1246563472874,0.0350048914551734,1600.0,5222.5634765625,0.1822734773159027,0.22908915579319,0.5886372923851013,0.12680284678936,0.0602059587836265,2.0,14.6,0.0648125,2.174896508222446e-06,0.0003849033522479,0.9649951085448264,intermittent_machinery_archetype,-0.12406465428237451,-0.9015009999666197,3
hf_shipsear_d37dcccb72f3,hf_shipsear,surface_vessel,coarse,/mnt/data/subsim/dataset/hydrophone/raw/hf_shipsear/class_3/3_1_238_d37dcccb72f3.wav,5.0,5.0,16000,0.1815943270921707,0.0812385154814435,349.31634221994875,302.52525252525254,734.5585275477117,0.0284989718347787,160.0,2844.655029296875,0.6862874627113342,0.2557410299777984,0.0579716339707374,0.2596128582954407,0.1342733353376388,8.0,14.6,0.06459375,0.0043707247823476,0.0240686196111467,0.9715010281652212,intermittent_machinery_archetype,-3.0974090585659377,4.39950527425212,2
hf_shipsear_e7afb45d8680,hf_shipsear,surface_vessel,coarse,/mnt/data/subsim/dataset/hydrophone/raw/hf_shipsear/class_3/3_0_121_e7afb45d8680.wav,5.0,5.0,16000,0.1785378009080886,0.0509756371954649,260.16909329947384,300.6060606060606,358.6488995375451,0.0070831556804478,210.0,5288.2802734375,0.5116993188858032,0.4577777683734894,0.0305228866636753,0.2113875746726989,0.1193411722779274,2.0,15.0,0.062875,0.0042931959033012,0.0240464253588926,0.9929168443195522,intermittent_machinery_archetype,-3.1232971780736594,4.295920324541706,2
hf_shipsear_6907676f5695,hf_shipsear,surface_vessel,coarse,/mnt/data/subsim/dataset/hydrophone/raw/hf_shipsear/class_3/3_0_180_6907676f5695.wav,5.0,5.0,16000,0.0757226049900055,0.1266265828322854,719.0590478951816,1276.060606060606,965.6831676898292,0.0767866075038909,20.0,3991.229736328125,0.5552356839179993,0.2856584191322326,0.1591059416532516,0.1907616108655929,0.121501587331295,0.5,13.8,0.07515625,0.0004421556950546,0.0058391506090843,0.923213392496109,intermittent_machinery_archetype,-1.789689755536247,0.356778821790375,4
hf_shipsear_804ea196b3f0,hf_shipsear,surface_vessel,coarse,/mnt/data/subsim/dataset/hydrophone/raw/hf_shipsear/class_3/3_0_155_804ea196b3f0.wav,5.0,5.0,16000,0.0754078924655914,0.0469630870385879,264.7639024634178,357.979797979798,308.1859899182044,0.0046326471492648,160.0,22596.9765625,0.612751841545105,0.3581355214118957,0.0291126295924186,0.1851345002651214,0.1017182916402816,3.5,14.4,0.065875,0.0007596622454002,0.010074041596333,0.9953673528507352,intermittent_machinery_archetype,-2.680216035587844,1.0037244414285995,4
hf_shipsear_37f1084ebece,hf_shipsear,surface_vessel,coarse,/mnt/data/subsim/dataset/hydrophone/raw/hf_shipsear/class_3/3_1_241_37f1084ebece.wav,5.0,5.0,16000,0.0813915804028511,0.1165014562682033,515.7246929493461,688.4848484848485,1018.4737792958545,0.0494421124458313,130.0,1018.3084716796876,0.6243506669998169,0.2782624959945678,0.0973868668079376,0.2663638293743133,0.1373929977416992,8.0,14.8,0.0639375,0.0008158762939274,0.0100240871338189,0.9505578875541688,intermittent_machinery_archetype,-2.33874592259569,1.2043171055455744,4
hf_shipsear_ed050cb5215e,hf_shipsear,surface_vessel,coarse,/mnt/data/subsim/dataset/hydrophone/raw/hf_shipsear/class_3/3_1_225_ed050cb5215e.wav,5.0,5.0,16000,0.0357742197811603,0.0445630570382129,200.36208974972277,204.64646464646464,354.31620646060287,0.0077980812638998,130.0,13262.05859375,0.8457818627357483,0.1383097171783447,0.0159084238111972,0.2680020630359649,0.150863692164421,8.0,14.4,0.0620625,0.0001618481473997,0.0045241558973267,0.9922019187361002,intermittent_machinery_archetype,-2.9110181185030988,0.5341664515502923,4
hf_shipsear_9e07ea31d7b9,hf_shipsear,surface_vessel,coarse,/mnt/data/subsim/dataset/hydrophone/raw/hf_shipsear/class_3/3_0_62_9e07ea31d7b9.wav,5.0,5.0,16000,0.013900694437325,0.2470780884761059,1474.2815547121393,3861.212121212121,1818.9801200964516,0.1518111079931259,310.0,443.3795166015625,0.1660237163305282,0.5120152831077576,0.321960985660553,0.0683992579579353,0.0362690165638923,2.5,15.8,0.0607812499999999,1.2253809472895227e-05,0.0008815249861985,0.8481888920068741,intermittent_machinery_archetype,0.446751598025839,-1.9382166936621434,7
hf_shipsear_8d2404f1f25d,hf_shipsear,surface_vessel,coarse,/mnt/data/subsim/dataset/hydrophone/raw/hf_shipsear/class_3/3_1_126_8d2404f1f25d.wav,5.0,5.0,16000,0.0076894308440387,0.0805885073563419,412.3746422623098,649.89898989899,678.2106246723424,0.0322476178407669,70.0,945.7842407226562,0.475841760635376,0.4606252014636993,0.0635329633951187,0.0760907232761383,0.0412138737738132,1.0,14.6,0.06465625,5.733427769882837e-06,0.000745624466287,0.9677523821592332,intermittent_machinery_archetype,-1.5418905882609044,-1.373944157697975,3
hf_shipsear_066477781e6c,hf_shipsear,surface_vessel,coarse,/mnt/data/subsim/dataset/hydrophone/raw/hf_shipsear/class_3/3_1_266_066477781e6c.wav,5.0,5.0,16000,0.0761152580380439,0.1060388254853185,558.4407944728497,855.5555555555555,790.8881925551726,0.0485071092844009,140.0,412.322998046875,0.3242006301879883,0.5532469749450684,0.1225523129105568,0.2400895804166793,0.1256145983934402,0.5,14.8,0.065875,0.0004885630332864,0.0064187266242448,0.9514928907155992,intermittent_machinery_archetype,-2.1440906395803356,0.7439246847369378,4
hf_shipsear_b68d0595cbaf,hf_shipsear,ambient_soundscape,exact,/mnt/data/subsim/dataset/hydrophone/raw/hf_shipsear/class_4/4_0_127_b68d0595cbaf.wav,5.0,5.0,16000,0.0019317830447107,0.1342766784584807,961.7216494509782,2128.3838383838383,1610.3839707217278,0.1128770932555198,20.0,713.2315063476562,0.6154133677482605,0.0706377029418945,0.3139486610889435,0.0299681648612022,0.021271739155054,1.0,14.2,0.0662187499999999,5.580134825322602e-07,0.0002888592918191,0.8871229067444801,,-0.1104194379306129,-2.0038327578063786,3
hf_shipsear_a3588c75d992,hf_shipsear,ambient_soundscape,exact,/mnt/data/subsim/dataset/hydrophone/raw/hf_shipsear/class_4/4_0_174_a3588c75d992.wav,5.0,5.0,16000,0.003406872972846,0.1458143226790335,757.7093905700341,1586.1616161616162,1462.472571243285,0.1132206693291664,20.0,1936.310546875,0.7903114557266235,0.0472783632576465,0.1624100357294082,0.1073331087827682,0.0589870885014534,0.5,15.2,0.0618125,1.9136643913952867e-06,0.0005617069982022,0.8867793306708336,,-0.6506652748559053,-1.6167818460401093,3
hf_shipsear_2ec878735d2d,hf_shipsear,ambient_soundscape,exact,/mnt/data/subsim/dataset/hydrophone/raw/hf_shipsear/class_4/4_0_80_2ec878735d2d.wav,5.0,5.0,16000,0.0032398514449596,0.315103938799235,2404.954117991987,4911.010101010101,2190.5709418911097,0.313490092754364,130.0,91.20781707763672,0.3063251674175262,0.3158538341522217,0.3778209686279297,0.0222790762782096,0.0262989308685064,1.0,13.2,0.0708125,1.04839023151726e-06,0.0003235920686501,0.686509907245636,,1.5212111158254717,-3.1355444720172874,7
hf_shipsear_011ccb1ff0d6,hf_shipsear,ambient_soundscape,exact,/mnt/data/subsim/dataset/hydrophone/raw/hf_shipsear/class_4/4_0_140_011ccb1ff0d6.wav,5.0,5.0,16000,0.0059507866390049,0.3858173227165339,2761.126031831975,4859.49494949495,1851.641105961576,0.3446275591850281,140.0,15.800041198730469,0.1321140378713607,0.1706454753875732,0.69724041223526,0.0581050291657447,0.038614984601736,3.5,15.4,0.06284375,2.014679012063425e-06,0.0003385567545842,0.6553724408149719,,2.488585031654886,-3.101874979361074,7
hf_shipsear_4c9a9b1f04fe,hf_shipsear,ambient_soundscape,exact,/mnt/data/subsim/dataset/hydrophone/raw/hf_shipsear/class_4/4_0_34_4c9a9b1f04fe.wav,5.0,5.0,16000,0.0102722700685262,0.2860285753571919,2020.095764787664,3924.6464646464647,1755.929090882291,0.3065149784088135,130.0,37.206634521484375,0.0773722678422927,0.342349648475647,0.5802780389785767,0.1310956478118896,0.0775056406855583,1.0,14.4,0.0669375,6.91455807100283e-06,0.0006731285318827,0.6934850215911865,,1.2511372966112975,-2.3343048040280747,7
hf_shipsear_ee97c649af86,hf_shipsear,ambient_soundscape,exact,/mnt/data/subsim/dataset/hydrophone/raw/hf_shipsear/class_4/4_0_155_ee97c649af86.wav,5.0,5.0,16000,0.00016178766964,0.4601182514781435,3260.671233384378,5953.232323232323,2299.046714642987,0.4940453767776489,100.0,24.60645294189453,0.1389920562505722,0.1723989695310592,0.6885584592819214,0.0277386996895074,0.0255852788686752,9.5,14.6,0.0660625,1.4323019437156859e-09,8.852973394384616e-06,0.5059546232223511,,3.343889578091343,-4.296401034441504,7
hf_shipsear_ff725ecc987d,hf_shipsear,ambient_soundscape,exact,/mnt/data/subsim/dataset/hydrophone/raw/hf_shipsear/class_4/4_0_97_ff725ecc987d.wav,5.0,5.0,16000,0.0002394206094322,0.2773784672308403,2490.72541853489,4673.636363636364,2041.647939057516,0.4129737615585327,310.0,126.3778076171875,0.1713597923517227,0.601263701915741,0.2273497134447097,0.0314738601446151,0.0436634682118892,1.5,13.8,0.072625,4.922970031628893e-09,2.0562014367687464e-05,0.5870262384414673,,1.2725731556280933,-3.7038925931907385,7
hf_shipsear_9244691a276f,hf_shipsear,ambient_soundscape,exact,/mnt/data/subsim/dataset/hydrophone/raw/hf_shipsear/class_4/4_0_51_9244691a276f.wav,5.0,5.0,16000,0.0099037801846861,0.3051538144226803,2189.5726200389317,4302.323232323232,1885.6904733140343,0.336533784866333,320.0,13.696199417114258,0.0666543245315551,0.3078827857971191,0.6254628896713257,0.0537116453051567,0.0344083271920681,0.5,14.8,0.0639375,5.335269634088036e-06,0.0005387104251161,0.663466215133667,,1.9662908801913415,-2.9740804977465043,7
hf_shipsear_2cb7fbb439e4,hf_shipsear,ambient_soundscape,exact,/mnt/data/subsim/dataset/hydrophone/raw/hf_shipsear/class_4/4_0_165_2cb7fbb439e4.wav,5.0,5.0,16000,0.0001553644251544,0.398604982562282,2774.5958503527654,5325.656565656565,2116.715241298672,0.4741643965244293,110.0,22.25287628173828,0.1792672425508499,0.206222802400589,0.6144542694091797,0.0664317235350608,0.0563722848892211,8.0,15.0,0.0634687499999999,1.509333547033975e-09,9.714794978446246e-06,0.5258356034755707,,2.6743489158380767,-3.8726963281429314,7
hf_shipsear_5f0608edd258,hf_shipsear,ambient_soundscape,exact,/mnt/data/subsim/dataset/hydrophone/raw/hf_shipsear/class_4/4_0_9_5f0608edd258.wav,5.0,5.0,16000,0.0125739378854632,0.2606282578532232,1837.901870283028,3649.59595959596,1690.5144579272903,0.2627914845943451,160.0,88.9055404663086,0.1837598532438278,0.3809915781021118,0.4352485835552215,0.0793199837207794,0.0684227496385574,0.5,14.4,0.0649375,1.4939592801965771e-05,0.0011881395420323,0.7372085154056549,,0.8704868640792158,-2.2694861980205117,7
hf_shipsear_7f788af49396,hf_shipsear,ambient_soundscape,exact,/mnt/data/subsim/dataset/hydrophone/raw/hf_shipsear/class_4/4_0_223_7f788af49396.wav,5.0,5.0,16000,0.0054605272598564,0.1768397104963812,902.195028137598,1931.6161616161617,1441.5640418624653,0.1491458415985107,10.0,1896.2027587890625,0.7582312822341919,0.0758292898535728,0.1659393012523651,0.2783017754554748,0.1453241556882858,0.5,15.2,0.06225,3.5424243378656683e-06,0.0006487330194758,0.8508541584014893,,-1.1173477499314912,-0.7755507356914378,3
hf_shipsear_d8007d4068cb,hf_shipsear,ambient_soundscape,exact,/mnt/data/subsim/dataset/hydrophone/raw/hf_shipsear/class_4/4_0_21_d8007d4068cb.wav,5.0,5.0,16000,0.0110994940623641,0.2279278490981137,1570.7293021155128,3092.626262626263,1551.419608932714,0.2166806012392044,310.0,22.5313777923584,0.0342978462576866,0.4869400262832641,0.4787621200084686,0.0328301191329956,0.0250737592577934,0.5,14.8,0.068,8.15190560388146e-06,0.0007344393859165,0.7833193987607956,,0.8658720943182285,-2.4634125102121454,7
hf_shipsear_40c3e4a427d7,hf_shipsear,ambient_soundscape,exact,/mnt/data/subsim/dataset/hydrophone/raw/hf_shipsear/class_4/4_0_198_40c3e4a427d7.wav,5.0,5.0,16000,0.0138179268687963,0.1043763047038087,508.73958201095775,896.060606060606,1129.215368129951,0.0734908208250999,20.0,3308.99853515625,0.8611277341842651,0.0331798754632473,0.1056925058364868,0.0772687271237373,0.0414470173418521,3.0,15.0,0.06059375,3.4714044886641204e-05,0.0025122469682858,0.9265091791749,,-1.083887092890761,-1.3912916925167982,3
hf_shipsear_d2b4cad27ebf,hf_shipsear,ambient_soundscape,exact,/mnt/data/subsim/dataset/hydrophone/raw/hf_shipsear/class_4/4_0_120_d2b4cad27ebf.wav,5.0,5.0,16000,0.0018897777190431,0.107513843923049,651.318466668031,1252.9292929292928,1381.7212463537498,0.0796872377395629,20.0,1871.7237548828125,0.7409624457359314,0.1210412383079528,0.1379960030317306,0.0708425268530845,0.039696991443634,8.5,14.4,0.0658125,5.743061137764016e-07,0.0003039014100363,0.920312762260437,,-1.037732496303895,-1.7713314453649431,3
hf_shipsear_cb118c0a99ac,hf_shipsear,ambient_soundscape,exact,/mnt/data/subsim/dataset/hydrophone/raw/hf_shipsear/class_4/4_0_175_cb118c0a99ac.wav,5.0,5.0,16000,0.0041312407702207,0.1718521481518519,963.3356871444622,2154.1414141414143,1616.01257215737,0.1316038817167282,20.0,928.119384765625,0.6237546801567078,0.1057188063859939,0.2705264091491699,0.1358709186315536,0.0752481818199157,0.5,13.8,0.067125,2.422299530735472e-06,0.0005863370509919,0.8683961182832718,,-0.47768792378433844,-1.4669661951919777,3
hf_shipsear_aed71de2b76d,hf_shipsear,ambient_soundscape,exact,/mnt/data/subsim/dataset/hydrophone/raw/hf_shipsear/class_4/4_0_103_aed71de2b76d.wav,5.0,5.0,16000,0.0001588897284818,0.4075800947511844,3084.005773940064,5748.484848484848,2341.8346588022587,0.4849017262458801,110.0,22.511699676513672,0.149893507361412,0.1418846696615219,0.7081764340400696,0.0101103084161877,0.0130570186302065,1.5,13.8,0.06659375,2.120661646287658e-09,1.3346750939804978e-05,0.5150982737541199,,3.324671071647699,-4.194673317857062,7
hf_shipsear_1efb41b5d5e5,hf_shipsear,ambient_soundscape,exact,/mnt/data/subsim/dataset/hydrophone/raw/hf_shipsear/class_4/4_0_48_1efb41b5d5e5.wav,5.0,5.0,16000,0.0169206671416759,0.2861160764509556,2028.514132100791,3886.6666666666665,1752.5063405851574,0.2989640831947326,250.0,18.555498123168945,0.0207344349473714,0.3729341030120849,0.6063315272331238,0.115031212568283,0.0672521218657493,0.5,14.8,0.0655,1.4259568160923664e-05,0.000842730847471,0.7010359168052673,,1.3752810585938844,-2.3083806032883807,7
hf_shipsear_f8c6a616f8d8,hf_shipsear,ambient_soundscape,exact,/mnt/data/subsim/dataset/hydrophone/raw/hf_shipsear/class_4/4_0_156_f8c6a616f8d8.wav,5.0,5.0,16000,0.0001663353759795,0.4291803647545594,2988.437122392126,5673.939393939394,2241.953697496557,0.4719960391521454,90.0,24.94164085388184,0.160319522023201,0.2513076663017273,0.5883281826972961,0.0383909307420253,0.0303048733621835,11.5,14.8,0.0620625,2.2878370309342703e-09,1.375436225581553e-05,0.5280039608478546,,2.8763415593351973,-4.151573335936755,7
hf_shipsear_70527245b4aa,hf_shipsear,ambient_soundscape,exact,/mnt/data/subsim/dataset/hydrophone/raw/hf_shipsear/class_4/4_0_172_70527245b4aa.wav,5.0,5.0,16000,0.0035506661515682,0.144326804085051,749.360003938071,1618.7878787878788,1437.7983834079057,0.1107485517859458,20.0,1594.4134521484375,0.7545716762542725,0.0830353274941444,0.1623928993940353,0.1276971399784088,0.0767257735133171,1.5,14.2,0.06759375,2.127424522768706e-06,0.0005991620815237,0.8892514482140541,,-0.9005791160705926,-1.44455456576094,3
hf_shipsear_8ea04fd464d0,hf_shipsear,ambient_soundscape,exact,/mnt/data/subsim/dataset/hydrophone/raw/hf_shipsear/class_4/4_0_69_8ea04fd464d0.wav,5.0,5.0,16000,0.0177495498210191,0.3239540494256178,2344.5453571570824,4421.919191919192,1880.939300093952,0.3411567509174347,520.0,11.42739963531494,0.0194232463836669,0.2868105471134186,0.693766176700592,0.1690745949745178,0.1091504320502281,0.5,14.8,0.0646875,1.4500036741083022e-05,0.0008169241973165,0.6588432490825653,,1.6496835625866981,-2.074166802225567,7
hf_shipsear_5be179585197,hf_shipsear,ambient_soundscape,exact,/mnt/data/subsim/dataset/hydrophone/raw/hf_shipsear/class_4/4_0_194_5be179585197.wav,5.0,5.0,16000,0.0151120088994503,0.1258515731446643,678.3515445606077,1358.888888888889,1332.6700526357242,0.10638228058815,20.0,486.5283203125,0.5272294282913208,0.0723223313689231,0.4004482328891754,0.0136232711374759,0.012311209924519,4.0,13.0,0.07621875,3.2034738978836685e-05,0.0021198200179647,0.89361771941185,,-0.2752697052962193,-1.881051701005903,3
hf_shipsear_af6d40494172,hf_shipsear,ambient_soundscape,exact,/mnt/data/subsim/dataset/hydrophone/raw/hf_shipsear/class_4/4_0_105_af6d40494172.wav,5.0,5.0,16000,0.0001733128738123,0.5005062563282041,3908.450989248744,6603.131313131313,2314.280085401083,0.52506422996521,120.0,7.584317684173584,0.0695143789052963,0.0891442745923996,0.841292142868042,0.0072292732074856,0.0106807611882686,0.5,14.0,0.068125,1.3262534404034911e-09,7.652365364310835e-06,0.47493577003479,,4.196674914645914,-4.432862639654507,7
hf_shipsear_323b3e2610fb,hf_shipsear,ambient_soundscape,exact,/mnt/data/subsim/dataset/hydrophone/raw/hf_shipsear/class_4/4_0_214_323b3e2610fb.wav,5.0,5.0,16000,0.0056581813842058,0.2077400967512093,1124.58117053523,2568.5858585858587,1625.1887902202964,0.1825036704540252,10.0,1024.1094970703125,0.6399051547050476,0.0999279916286468,0.260166585445404,0.1468104273080825,0.0807211175560951,0.5,14.6,0.06275,3.525446800267673e-06,0.0006230706582658,0.8174963295459747,,-0.14027386556083576,-1.7034366439426358,3
hf_shipsear_57338c7d9028,hf_shipsear,ambient_soundscape,exact,/mnt/data/subsim/dataset/hydrophone/raw/hf_shipsear/class_4/4_0_44_57338c7d9028.wav,5.0,5.0,16000,0.0139998355880379,0.2920661508268853,2076.300128408416,3989.292929292929,1768.2043166302633,0.3064882159233093,520.0,10.500551223754885,0.0277412757277488,0.334504634141922,0.6377541422843933,0.1460713446140289,0.0885539948940277,0.5,15.2,0.0618125,9.284750376536977e-06,0.0006632042438989,0.6935117840766907,,1.4257928731201293,-2.1338476700357574,7
hf_shipsear_e2785a24512c,hf_shipsear,ambient_soundscape,exact,/mnt/data/subsim/dataset/hydrophone/raw/hf_shipsear/class_4/4_0_210_e2785a24512c.wav,5.0,5.0,16000,0.0129114724695682,0.1716396454955687,1159.9437321746125,2282.7272727272725,1514.0661172877942,0.1729285717010498,180.0,112.34362030029295,0.1642504185438156,0.5009040832519531,0.3348455429077148,0.0649712309241294,0.0406689494848251,4.5,14.8,0.0615,1.156804046331672e-05,0.0008959505191747,0.8270714282989502,,0.007298092170834048,-2.0506394082800585,7
hf_shipsear_03baa67dfe13,hf_shipsear,ambient_soundscape,exact,/mnt/data/subsim/dataset/hydrophone/raw/hf_shipsear/class_4/4_0_46_03baa67dfe13.wav,5.0,5.0,16000,0.0129092410206794,0.2767659595744947,1907.769826387502,3725.959595959596,1724.2351290607005,0.2944023609161377,240.0,24.845680236816406,0.0387832224369049,0.408901572227478,0.5523152351379395,0.1020659208297729,0.0618986673653125,0.5,15.2,0.0608125,8.531218554708175e-06,0.0006608613581837,0.7055976390838623,,1.3102883384364743,-2.4178794153795944,7
hf_shipsear_c66c5f0af641,hf_shipsear,ambient_soundscape,exact,/mnt/data/subsim/dataset/hydrophone/raw/hf_shipsear/class_4/4_0_217_c66c5f0af641.wav,5.0,5.0,16000,0.0054765730164945,0.1755021937774222,924.5379284421,1986.8686868686868,1419.423407922974,0.1430182456970214,10.0,1289.4500732421875,0.7157999277114868,0.0832656547427177,0.2009344398975372,0.0407676436007022,0.0214289482682943,0.5,14.8,0.064125,3.6709848245664034e-06,0.0006703069260356,0.8569817543029785,,-0.10640403222123197,-2.1975565247281095,3
hf_shipsear_fbb0cb644c8c,hf_shipsear,ambient_soundscape,exact,/mnt/data/subsim/dataset/hydrophone/raw/hf_shipsear/class_4/4_0_66_fbb0cb644c8c.wav,5.0,5.0,16000,0.0153468744829297,0.3332041650520631,2414.254521269365,4573.838383838384,1900.73966528638,0.3579313457012176,130.0,32.90080642700195,0.1168970242142677,0.2130873054265976,0.6700156331062317,0.1388619989156723,0.0901254117488861,0.5,14.2,0.0681875,1.557966970722191e-05,0.0010151689012336,0.6420686542987823,,1.785338076943653,-2.4167552742314786,7
hf_shipsear_3f79bc953a1a,hf_shipsear,ambient_soundscape,exact,/mnt/data/subsim/dataset/hydrophone/raw/hf_shipsear/class_4/4_0_143_3f79bc953a1a.wav,5.0,5.0,16000,0.0066095842048525,0.4126426580332254,3081.6147205860952,4992.727272727273,1760.9171301258714,0.3327451348304748,120.0,14.595335006713867,0.0932476222515106,0.0956154316663742,0.8111369013786316,0.0976561158895492,0.0578026734292507,7.5,15.0,0.062125,2.024524746957468e-06,0.0003063013775003,0.6672548651695251,,2.559702041594255,-2.789272189523406,7
hf_shipsear_4bf31d5975f8,hf_shipsear,ambient_soundscape,exact,/mnt/data/subsim/dataset/hydrophone/raw/hf_shipsear/class_4/4_0_205_4bf31d5975f8.wav,5.0,5.0,16000,0.0184268131852149,0.1419642745534319,746.1980820272452,1562.828282828283,1388.022791498957,0.1134555414319038,20.0,1712.1900634765625,0.8655185699462891,0.0488295815885067,0.0856518000364303,0.031004648655653,0.0417304672300815,1.5,14.4,0.066625,8.359734783880413e-05,0.0045367230347428,0.8865444585680962,,-0.7453184534760682,-1.5725414974181648,3
hf_shipsear_2f253f6a4d26,hf_shipsear,ambient_soundscape,exact,/mnt/data/subsim/dataset/hydrophone/raw/hf_shipsear/class_4/4_0_89_2f253f6a4d26.wav,5.0,5.0,16000,0.0037243550177663,0.3132414155176939,2284.837406628417,4707.070707070707,2169.7371423978907,0.3046090006828308,160.0,44.75983428955078,0.2511224746704101,0.2726392149925232,0.4762381911277771,0.0217307917773723,0.0305395554751157,2.5,14.8,0.0648125,8.320921551785432e-07,0.0002234191292145,0.6953909993171692,,1.7477838009604065,-3.0627984564166684,7
hf_shipsear_c6ce907b58ec,hf_shipsear,ambient_soundscape,exact,/mnt/data/subsim/dataset/hydrophone/raw/hf_shipsear/class_4/4_0_152_c6ce907b58ec.wav,5.0,5.0,16000,0.0001599867537152,0.4184427305341316,2814.968219616699,5640.0,2257.0311760293703,0.4587179124355316,170.0,24.28045654296875,0.1980287283658981,0.2078307867050171,0.5940910577774048,0.0500352345407009,0.0398791879415512,2.0,14.4,0.062875,1.7846958355605123e-09,1.1155272439506069e-05,0.5412820875644684,,2.8716578759530567,-3.8423717800457324,7
hf_shipsear_e81eec064a2e,hf_shipsear,ambient_soundscape,exact,/mnt/data/subsim/dataset/hydrophone/raw/hf_shipsear/class_4/4_0_206_e81eec064a2e.wav,5.0,5.0,16000,0.0115219140425324,0.1992774909686371,1496.4534051369492,3122.3232323232323,1696.40912832648,0.226108968257904,180.0,46.302490234375,0.1015905141830444,0.4361026287078857,0.4623069167137146,0.0564646795392036,0.0391874611377716,5.5,14.2,0.06659375,7.457780611730413e-06,0.0006472692456785,0.773891031742096,,0.5766882301353228,-2.372523763389281,7
hf_shipsear_30f43ad9180e,hf_shipsear,ambient_soundscape,exact,/mnt/data/subsim/dataset/hydrophone/raw/hf_shipsear/class_4/4_0_121_30f43ad9180e.wav,5.0,5.0,16000,0.0017717429436743,0.1104763809547619,614.9463509602739,1235.353535353535,1359.38903579594,0.0808437019586563,20.0,1860.6314697265625,0.7961419224739075,0.0632669627666473,0.1405905932188034,0.0433244481682777,0.0247059371322393,1.0,14.4,0.0695,4.60140284985755e-07,0.0002597105219856,0.9191562980413436,,-0.8018153222439638,-1.8878860053178073,3
hf_shipsear_e9d4b967c267,hf_shipsear,ambient_soundscape,exact,/mnt/data/subsim/dataset/hydrophone/raw/hf_shipsear/class_4/4_0_107_e9d4b967c267.wav,5.0,5.0,16000,0.0001524838153272,0.5125064063300792,4085.66029529477,6814.747474747474,2322.2215146549693,0.5027322769165039,100.0,13.495649337768556,0.1220941543579101,0.1005866825580596,0.7772613763809204,0.0221667997539043,0.0226328950375318,0.5,14.4,0.067875,1.2506778945819972e-09,8.20203694205541e-06,0.4972677230834961,,4.019592426843222,-4.220689132812355,7
hf_shipsear_30dc2ef89db8,hf_shipsear,ambient_soundscape,exact,/mnt/data/subsim/dataset/hydrophone/raw/hf_shipsear/class_4/4_0_173_30dc2ef89db8.wav,5.0,5.0,16000,0.0035930383019149,0.1337016712708909,689.2970621626098,1438.989898989899,1371.1078097985946,0.1002771481871604,20.0,2155.171630859375,0.7839560508728027,0.0734051689505577,0.1426385641098022,0.0643083825707435,0.035056859254837,5.0,15.2,0.062375,2.0655811567849014e-06,0.0005748842574567,0.8997228518128395,,-0.6965161597248571,-1.8842353831571288,3
hf_shipsear_c26d995d1638,hf_shipsear,ambient_soundscape,exact,/mnt/data/subsim/dataset/hydrophone/raw/hf_shipsear/class_4/4_0_70_c26d995d1638.wav,5.0,5.0,16000,0.0149944620206952,0.3157039462993287,2272.475838068552,4293.838383838384,1842.9088861817788,0.3403876721858978,550.0,11.477198600769045,0.0312265399843454,0.2708130180835724,0.697960376739502,0.1266781240701675,0.0796299651265144,0.5,14.8,0.062625,1.01884970717947e-05,0.0006794840026306,0.6596123278141022,,1.8415720980416521,-2.4002288949217143,7
hf_shipsear_058fdf1c068b,hf_shipsear,ambient_soundscape,exact,/mnt/data/subsim/dataset/hydrophone/raw/hf_shipsear/class_4/4_0_221_058fdf1c068b.wav,5.0,5.0,16000,0.0045334068126976,0.2398904986312328,1434.1639849445537,3163.030303030303,1740.8488937995885,0.2365538477897644,10.0,649.19140625,0.5447826981544495,0.1372076421976089,0.3180095851421356,0.1495119631290435,0.0843963548541069,1.0,15.0,0.0649375,1.800720269784506e-06,0.0003972112682108,0.7634461522102356,,0.3040548252873151,-2.019179979470464,3
hf_shipsear_e7577e1efece,hf_shipsear,ambient_soundscape,exact,/mnt/data/subsim/dataset/hydrophone/raw/hf_shipsear/class_4/4_0_108_e7577e1efece.wav,5.0,5.0,16000,0.0001227177417604,0.5035687946099326,3976.3250333813,6925.959595959596,2456.700429882472,0.5230743288993835,20.0,10.255961418151855,0.0941716209053993,0.1224004924297332,0.7833465933799744,0.0310184378176927,0.023921463638544,2.0,15.2,0.0641875,6.685668685335601e-10,5.448004937955584e-06,0.4769256711006164,,4.0892096383344025,-4.314288680258197,7
hf_shipsear_6c0176d8030a,hf_shipsear,ambient_soundscape,exact,/mnt/data/subsim/dataset/hydrophone/raw/hf_shipsear/class_4/4_0_19_6c0176d8030a.wav,5.0,5.0,16000,0.0104511845856904,0.2248278103476293,1459.9212512596066,2831.4141414141413,1468.0567476224328,0.2024641185998916,110.0,88.51106262207031,0.1853567063808441,0.4408259093761444,0.3738174438476562,0.1059959828853607,0.0743092000484466,0.5,14.8,0.0634375,1.026671270665247e-05,0.0009823491893662,0.7975358814001083,,0.26085357619979277,-1.8866681538621077,7
hf_shipsear_8757419eb845,hf_shipsear,ambient_soundscape,exact,/mnt/data/subsim/dataset/hydrophone/raw/hf_shipsear/class_4/4_0_123_8757419eb845.wav,5.0,5.0,16000,0.0016441744519397,0.1574519681496018,1072.8878364032128,2338.787878787879,1713.7081427436394,0.1337364614009857,20.0,631.4539184570312,0.5863242149353027,0.1902971714735031,0.2233779728412628,0.0444882549345493,0.0345061868429183,2.0,14.0,0.067875,3.301565243418736e-07,0.0002008038281774,0.8662635385990143,,-0.24459513792807813,-2.0754155027758787,3
hf_shipsear_18f15af6a22e,hf_shipsear,ambient_soundscape,exact,/mnt/data/subsim/dataset/hydrophone/raw/hf_shipsear/class_4/4_0_118_18f15af6a22e.wav,5.0,5.0,16000,0.0014123145956546,0.1778772234652933,1251.3042824871743,2739.2929292929293,1778.9878848272922,0.1630631983280182,20.0,500.0076599121094,0.5831441283226013,0.1449677497148513,0.2718874812126159,0.0509882383048534,0.038631796836853,1.5,14.0,0.06825,2.4871630444067705e-07,0.0001761054548539,0.8369368016719818,,0.04753976331107589,-2.1774868990296703,3
hf_shipsear_4531a8504194,hf_shipsear,ambient_soundscape,exact,/mnt/data/subsim/dataset/hydrophone/raw/hf_shipsear/class_4/4_0_11_4531a8504194.wav,5.0,5.0,16000,0.0104460958391428,0.246803085038563,1656.4964671732691,3284.343434343434,1608.0284392457922,0.2428374886512756,160.0,49.0406494140625,0.1812992095947265,0.3779345452785492,0.440766304731369,0.0775886625051498,0.0598242692649364,0.5,14.4,0.068125,8.78842365636956e-06,0.0008413117963743,0.7571625113487244,,0.7357442719506118,-2.2817206623813853,7
hf_shipsear_bc9139882ade,hf_shipsear,ambient_soundscape,exact,/mnt/data/subsim/dataset/hydrophone/raw/hf_shipsear/class_4/4_0_7_bc9139882ade.wav,5.0,5.0,16000,0.0101912915706634,0.2543281791022387,1814.764320974767,3459.89898989899,1646.261362906908,0.2567984461784363,140.0,17.632375717163086,0.0783416032791137,0.362901896238327,0.5587565302848816,0.0862855985760688,0.0585599951446056,0.5,14.6,0.06709375,5.947689260210609e-06,0.0005836050532346,0.7432015538215637,,1.0670063928958522,-2.3085054689238627,7
hf_shipsear_5bf1bd1acd3c,hf_shipsear,ambient_soundscape,exact,/mnt/data/subsim/dataset/hydrophone/raw/hf_shipsear/class_4/4_0_191_5bf1bd1acd3c.wav,5.0,5.0,16000,0.0133041320368647,0.1350516881461018,754.4865227676655,1623.7373737373737,1391.141110414958,0.1073027923703193,20.0,1468.5440673828125,0.7347966432571411,0.0663855150341987,0.1988179236650467,0.0570135787129402,0.0329887606203556,1.5,14.6,0.0676875,3.03811211779248e-05,0.0022835853621609,0.8926972076296806,,-0.5694094413508874,-1.6822923142001633,3
mbari_pacific_sound_2khz_f05446e02727,mbari_pacific_sound_2khz,ambient_soundscape,inferred,/mnt/data/subsim/dataset/hydrophone/raw/mbari_pacific_sound_2khz/mars_20200101t000000z_2khz_clip1_f05446e02727.wav,20.0,120.0,2000,0.00010409096285,0.0716517912947823,171.44447481239962,361.453634085213,220.18896630576785,0.3438118100166321,20.0,38.15591430664063,0.7314183115959167,0.266607403755188,0.000987222068943,0.2894735038280487,0.1684060543775558,0.5,13.25,0.0715,1.8946785806939204e-10,1.820214272800684e-06,0.6561881899833679,,-1.814444938518204,-1.9499103208992914,3
mbari_pacific_sound_2khz_7a7ec116cf88,mbari_pacific_sound_2khz,ambient_soundscape,inferred,/mnt/data/subsim/dataset/hydrophone/raw/mbari_pacific_sound_2khz/mars_20200101t000000z_2khz_clip2_7a7ec116cf88.wav,20.0,120.0,2000,0.0001226071472046,0.0737518437960949,184.86754964474255,393.2581453634085,224.6787782465246,0.3108442425727844,20.0,39.68764114379883,0.6460756063461304,0.3523385226726532,0.0007929296116344,0.3957664370536804,0.163655623793602,0.5,10.65,0.0745,2.436249257886658e-10,1.98703688452112e-06,0.6891557574272156,,-2.3152462171858676,-1.4020045579439497,4
mbari_pacific_sound_2khz_3bbc91fe2e4b,mbari_pacific_sound_2khz,ambient_soundscape,inferred,/mnt/data/subsim/dataset/hydrophone/raw/mbari_pacific_sound_2khz/mars_20200101t000000z_2khz_clip3_3bbc91fe2e4b.wav,20.0,120.0,2000,0.0001377117587253,0.0400760019000475,147.6878323984492,323.30827067669173,219.01045726642744,0.3130969703197479,20.0,55.60295104980469,0.8046140670776367,0.1933963447809219,0.0009947973303496,0.1543901860713958,0.0946395620703697,0.5,13.95,0.069,2.062221365894956e-10,1.4974911147805305e-06,0.6869030296802521,,-1.3702126207232475,-2.602813429899921,3
mbari_pacific_sound_2khz_3b1db6fb169a,mbari_pacific_sound_2khz,ambient_soundscape,inferred,/mnt/data/subsim/dataset/hydrophone/raw/mbari_pacific_sound_2khz/mars_20200615t000000z_2khz_clip1_3b1db6fb169a.wav,20.0,120.0,2000,6.304969429038465e-05,0.272356808920223,339.32273924834794,715.4887218045113,285.24313730111083,0.5373296737670898,20.0,6.352333068847656,0.4377746284008026,0.5610631704330444,0.000581128813792,0.2782512605190277,0.1482916474342346,0.5,13.8,0.066,1.9159998587703342e-10,3.038872511510032e-06,0.4626703262329101,,-0.35690228495898474,-3.4324211898558916,7
mbari_pacific_sound_2khz_9fc47f5c01e0,mbari_pacific_sound_2khz,ambient_soundscape,inferred,/mnt/data/subsim/dataset/hydrophone/raw/mbari_pacific_sound_2khz/mars_20200615t000000z_2khz_clip2_9fc47f5c01e0.wav,20.0,120.0,2000,5.994051025481895e-05,0.2849571239280982,336.50939550560463,711.3533834586466,284.93350553028995,0.5326662659645081,20.0,7.598480224609375,0.4411948025226593,0.5576542019844055,0.0005755444290116,0.2740929722785949,0.1459875702857971,0.5,13.55,0.07,2.0534297873187055e-10,3.4257795676602927e-06,0.4673337340354919,,-0.35519930191361154,-3.4612631589906124,7
mbari_pacific_sound_2khz_8ba72f89af3a,mbari_pacific_sound_2khz,ambient_soundscape,inferred,/mnt/data/subsim/dataset/hydrophone/raw/mbari_pacific_sound_2khz/mars_20200615t000000z_2khz_clip3_8ba72f89af3a.wav,20.0,120.0,2000,5.894243440707214e-05,0.2958823970599264,345.48155604189293,720.952380952381,286.20089599037,0.5412536263465881,20.0,7.02711296081543,0.4278778731822967,0.5709816813468933,0.0005702517228201,0.2529670000076294,0.1311897933483123,0.5,14.15,0.0665,2.0018681157196736e-10,3.396310488180951e-06,0.4587463736534118,,-0.12951628544149715,-3.6760239461855457,7
mbari_pacific_sound_2khz_29099e28d732,mbari_pacific_sound_2khz,ambient_soundscape,inferred,/mnt/data/subsim/dataset/hydrophone/raw/mbari_pacific_sound_2khz/mars_20210921t000000z_2khz_clip1_29099e28d732.wav,20.0,120.0,2000,7.037912291707471e-05,0.1000025000625015,117.99339889477166,219.9248120300752,204.6819206118898,0.2261837124824524,20.0,127.29305267333984,0.8796038627624512,0.1193059012293815,0.000545114162378,0.2958340644836426,0.1623955219984054,0.5,14.0,0.0675,4.122633900927042e-10,5.857751093612076e-06,0.7738162875175476,,-1.9929702706827397,-1.312908897700963,3
mbari_pacific_sound_2khz_063779ef3a5d,mbari_pacific_sound_2khz,ambient_soundscape,inferred,/mnt/data/subsim/dataset/hydrophone/raw/mbari_pacific_sound_2khz/mars_20210921t000000z_2khz_clip2_063779ef3a5d.wav,20.0,120.0,2000,7.181616092566401e-05,0.1023775594389859,118.35915540659978,229.8496240601504,206.78076499430185,0.2261731177568435,20.0,136.3302001953125,0.8758922815322876,0.1229958459734916,0.0005559280980378,0.2775422930717468,0.1546759158372879,0.5,14.15,0.0675,4.1324071942128166e-10,5.75414653666708e-06,0.7738268822431564,,-1.906461750807694,-1.422496251874452,3
mbari_pacific_sound_2khz_49c3a5252ff6,mbari_pacific_sound_2khz,ambient_soundscape,inferred,/mnt/data/subsim/dataset/hydrophone/raw/mbari_pacific_sound_2khz/mars_20210921t000000z_2khz_clip3_49c3a5252ff6.wav,20.0,120.0,2000,7.058931078063324e-05,0.0919022975574389,115.6471170715816,219.17293233082708,205.1311843032013,0.2171931266784668,20.0,147.8220672607422,0.8773966431617737,0.121534988284111,0.000534247548785,0.3084594011306762,0.1535500138998031,0.5,14.05,0.06825,4.2922201903827773e-10,6.080552539910702e-06,0.7828068733215332,,-2.0512747438774523,-1.2730305523782877,3
