sample_id,source_id,category_label,label_quality,file_path,duration_s,full_duration_s,sample_rate_hz,rms,zero_crossing_rate,spectral_centroid_hz,spectral_rolloff_hz,spectral_bandwidth_hz,spectral_flatness,dominant_freq_hz,harmonicity,low_band_ratio,mid_band_ratio,high_band_ratio,envelope_mean,envelope_std,dominant_mod_hz,transient_density,inter_event_interval_s,spectral_flux,roughness,narrowband_index,safe_archetype_tag
hf_wmms_parquet_5debd9f8c55e,hf_wmms_parquet,marine_mammal_other,exact,/mnt/data/subsim/dataset/hydrophone/raw/hf_wmms_parquet/atlantic_spotted_dolphin/6102500f_5debd9f8c55e.wav,1.166469,1.166469,60600,0.0022112366277724504,0.3919249649864897,12500.713027387497,17826.575425091916,5601.789219368877,0.2415957748889923,9439.160156250002,69.29289245605469,6.714992196066305e-05,0.00019924262596759945,0.9997333884239197,0.17744384706020355,0.14465446770191193,0.8572883657763695,14.57390221819828,0.060924092409240925,5.275505259305646e-07,0.00023857714686258155,0.7584042251110077,
hf_wmms_parquet_d970eee70ac3,hf_wmms_parquet,marine_mammal_whale,exact,/mnt/data/subsim/dataset/hydrophone/raw/hf_wmms_parquet/melon_headed_whale/9101200c_d970eee70ac3.wav,1.890613,1.890613,81920,0.041215766221284866,0.12841074910574776,3757.6536887940533,8056.8,4322.464752417446,0.03426213189959526,120.0,452.03985595703125,0.10171760618686676,0.2516658306121826,0.6466166377067566,0.12932346761226654,0.07022566348314285,3.7025032444682617,14.81001297787305,0.062060546875,0.0001098700740840286,0.002665729262231286,0.9657378681004047,
hf_wmms_parquet_14b0dc977ddc,hf_wmms_parquet,marine_mammal_other,exact,/mnt/data/subsim/dataset/hydrophone/raw/hf_wmms_parquet/pantropical_spotted_dolphin/9300100d_14b0dc977ddc.wav,1.244884,1.244884,60600,0.018596917390823364,0.1755590609631623,4741.564878870074,7030.053710937502,2942.9143879813328,0.03461769223213196,2100.8789062500005,189.3868865966797,8.172208254109137e-06,0.00016827516083139926,0.9998236298561096,0.10748953372240067,0.060875505208969116,0.803287380699894,16.065747613997882,0.05887788778877888,1.9615838027675636e-05,0.0010547897597426694,0.965382307767868,
hf_wmms_parquet_929c3eaf22ae,hf_wmms_parquet,marine_mammal_other,exact,/mnt/data/subsim/dataset/hydrophone/raw/hf_wmms_parquet/ross_seal/66002a05_929c3eaf22ae.wav,1.775937,1.775937,16000,0.01667809672653675,0.15284718800591257,635.1036529498623,1390.5882352941176,1231.1943588874487,0.044523101300001144,30.0,3692.50537109375,0.7369996309280396,0.1603512316942215,0.10264912992715836,0.13773809373378754,0.11551737040281296,3.378497272567306,15.203237726552878,0.0650625,4.452243956620805e-05,0.0026695156104172405,0.9554768986999989,
hf_wmms_parquet_dbb347ea7ac3,hf_wmms_parquet,marine_mammal_other,exact,/mnt/data/subsim/dataset/hydrophone/raw/hf_wmms_parquet/white_beaked_dolphin/7200500g_dbb347ea7ac3.wav,1.400116,1.400116,60600,0.00248047080822289,0.19357424038846852,4575.32121359998,7266.681134259261,4767.221114596446,0.12901003658771515,2278.4179687500005,206.44110107421875,0.041963204741477966,0.009440065361559391,0.9485965371131897,0.2113839089870453,0.11354534327983856,1.4284535693660354,15.712989263026387,0.05681518151815181,4.734476419798739e-07,0.00019087007201193428,0.8709899634122849,
hf_wmms_parquet_746b9f6a4274,hf_wmms_parquet,marine_mammal_whale,exact,/mnt/data/subsim/dataset/hydrophone/raw/hf_wmms_parquet/short_finned_pacific_pilot_whale/5702100d_746b9f6a4274.wav,0.698167,0.698167,30000,0.04344246909022331,0.23462566844919786,3338.4779355272826,4452.354029605263,1517.8100900091133,0.05067861080169678,3383.7890625,916.6597900390625,4.436065410118317e-06,0.024846239015460014,0.9751492738723755,0.21482409536838531,0.1642613559961319,2.86464550011936,15.75555025065648,0.06623333333333334,0.00036331877345219254,0.008363216480381725,0.9493213891983032,
hf_wmms_parquet_f1610dcc1896,hf_wmms_parquet,marine_mammal_other,exact,/mnt/data/subsim/dataset/hydrophone/raw/hf_wmms_parquet/clymene_dolphin/8300604p_f1610dcc1896.wav,1.323966,1.323966,41600,0.04535027593374252,0.48396760839567143,8525.986792019065,13419.921875,4950.543688209741,0.09742336720228195,12187.5,262.4561462402344,0.0027954233810305595,0.03053874894976616,0.9666659235954285,0.09553062915802002,0.08167578279972076,0.7553062076728942,15.106124153457886,0.05673076923076923,0.0003166045353282243,0.0069813144198683,0.902576632797718,
hf_wmms_parquet_c850732e390d,hf_wmms_parquet,marine_mammal_whale,exact,/mnt/data/subsim/dataset/hydrophone/raw/hf_wmms_parquet/humpback_whale/92201007_c850732e390d.wav,12.787114,12.787114,14900,0.02946983464062214,0.19434515842898906,1177.6446069213562,2455.6299212598424,1300.3031004660943,0.1217629462480545,380.0,19618.392578125,0.00567813403904438,0.9308026432991028,0.06351921707391739,0.12360123544931412,0.19683758914470673,0.5000000000000001,4.53581625797783,0.062483221476510066,0.0001168103190138936,0.003963724955854177,0.8782370537519455,
hf_wmms_parquet_1ecc6a936495,hf_wmms_parquet,marine_mammal_other,exact,/mnt/data/subsim/dataset/hydrophone/raw/hf_wmms_parquet/grampus_rissos_dolphin/5902900s_1ecc6a936495.wav,0.509363,0.509363,81920,0.06733628362417221,0.11834347888606624,3946.023304788489,6563.076923076923,3089.3487866825108,0.006781554315239191,920.0,2242.18505859375,3.0483575756079517e-05,0.12013829499483109,0.8798312544822693,0.08724570274353027,0.10517039895057678,1.9632372324873584,15.705897859898867,0.0715087890625,0.00023063350818119943,0.003425100046581455,0.9932184456847608,
hf_wmms_parquet_9574e023956b,hf_wmms_parquet,marine_mammal_orca,exact,/mnt/data/subsim/dataset/hydrophone/raw/hf_wmms_parquet/killer_whale/64020003_9574e023956b.wav,1.415625,1.415625,20480,0.0453442819416523,0.19388775826980786,1911.2031108612796,3188.1481481481483,1411.6417160276771,0.06539874523878098,610.0,878.43017578125,0.0009699877118691802,0.20992529392242432,0.7891048192977905,0.36590850353240967,0.28506648540496826,0.706401766004415,12.008830022075056,0.058251953125000006,0.0003484664484858513,0.00768490388549019,0.934601254761219,
hf_wmms_parquet_020e291d52bf,hf_wmms_parquet,marine_mammal_other,exact,/mnt/data/subsim/dataset/hydrophone/raw/hf_wmms_parquet/common_dolphin/7500304q_020e291d52bf.wav,0.220699,0.220699,81600,0.012141873128712177,0.22839848956019546,7324.090734539202,14338.76953125,8113.81010513722,0.018192358314990997,9761.71875,5575.1552734375,0.1872360110282898,0.03155888617038727,0.7812050580978394,0.2915339469909668,0.1854889839887619,4.531067799433616,18.124271197734465,0.06830882352941177,3.0455918022198603e-05,0.002508337691955488,0.981807641685009,
hf_wmms_parquet_0532ae759abe,hf_wmms_parquet,marine_mammal_other,exact,/mnt/data/subsim/dataset/hydrophone/raw/hf_wmms_parquet/grampus_rissos_dolphin/8500900t_0532ae759abe.wav,0.384375,0.384375,81920,0.06827548891305923,0.2907549147267126,11902.404232602183,21321.379310344826,9183.552420713728,0.19241338968276978,24200.0,29.333110809326172,0.025833124294877052,0.09909719973802567,0.8750697374343872,0.09367703646421432,0.09056549519300461,2.6016260162601625,15.609756097560975,0.05302734375,0.00022733307559974492,0.003329644052580818,0.8075866103172302,
hf_wmms_parquet_2957192fe60e,hf_wmms_parquet,marine_mammal_whale,exact,/mnt/data/subsim/dataset/hydrophone/raw/hf_wmms_parquet/sperm_whale/7702800u_2957192fe60e.wav,0.939844,0.939844,81920,0.12879042327404022,0.13669130158070425,4801.565607068451,7592.4324324324325,3790.0510829580317,0.016031980514526367,4560.0,2652.666015625,0.10222965478897095,0.026300670579075813,0.8714696764945984,0.18334420025348663,0.14305421710014343,1.0640066500415626,10.640066500415628,0.0778076171875,0.0025082433130592108,0.019475386828279116,0.9839680194854736,
hf_wmms_parquet_1c5aad235016,hf_wmms_parquet,marine_mammal_other,exact,/mnt/data/subsim/dataset/hydrophone/raw/hf_wmms_parquet/walrus/72014005_1c5aad235016.wav,1.125,1.125,10240,0.012650907039642334,0.08012848337529299,319.6847619034057,541.4285714285714,348.9693959610489,0.015406603924930096,420.0,2301.01123046875,0.5178664326667786,0.4402621388435364,0.041871510446071625,0.1802068054676056,0.11321640014648438,3.5555555555555554,14.222222222222221,0.06396484375,2.9212829758762382e-05,0.0023091490329438967,0.9845933960750699,
hf_wmms_parquet_f69aa6ff04fe,hf_wmms_parquet,marine_mammal_whale,exact,/mnt/data/subsim/dataset/hydrophone/raw/hf_wmms_parquet/melon_headed_whale/91012047_f69aa6ff04fe.wav,0.244336,0.244336,81920,0.05249163135886192,0.1773669747689233,6468.842382060042,13113.333333333334,5855.589736873165,0.03882079944014549,80.0,83.3218002319336,0.09311172366142273,0.13370732963085175,0.7731809020042419,0.23722457885742188,0.13320140540599823,4.092725819344524,16.370903277378098,0.05902099609375,0.00014162756269797683,0.00269809794492829,0.9611792005598545,
hf_wmms_parquet_072361049d90,hf_wmms_parquet,marine_mammal_other,exact,/mnt/data/subsim/dataset/hydrophone/raw/hf_wmms_parquet/ross_seal/6608500n_072361049d90.wav,2.3142,2.3142,20000,0.06599023193120956,0.17805673789512347,1438.8175011798635,2592.222222222222,1147.7742153568122,0.058550357818603516,730.0,1457.277587890625,0.006911712698638439,0.6890691518783569,0.3040192425251007,0.0507456436753273,0.049004927277565,0.5,15.556131708581798,0.0597,0.00048113393131643534,0.007290987123832122,0.9414496421813965,
hf_wmms_parquet_ca98cc5a3aec,hf_wmms_parquet,marine_mammal_whale,exact,/mnt/data/subsim/dataset/hydrophone/raw/hf_wmms_parquet/fin_finback_whale/6106400d_ca98cc5a3aec.wav,20.0,31.403333,600,0.004613188561052084,0.2406867238936578,66.5157192227803,117.8679435483871,44.31361216291361,0.12982255220413208,18.75,1097.2276611328125,0.9986395835876465,0.0013600520323961973,0.0,0.09237628430128098,0.1443721354007721,0.5,10.4,0.08166666666666667,3.56528653355781e-06,0.0007728464782223997,0.8701774477958679,
hf_wmms_parquet_efabc6974ea6,hf_wmms_parquet,marine_mammal_other,exact,/mnt/data/subsim/dataset/hydrophone/raw/hf_wmms_parquet/spinner_dolphin/71001014_efabc6974ea6.wav,0.990425,0.990425,80000,0.036900345236063004,0.17776683957441974,5409.652199929641,12333.470394736842,5950.422953290826,0.058645229786634445,78.125,2091.087646484375,0.48219653964042664,0.054642219096422195,0.4631612300872803,0.0844469740986824,0.045115988701581955,6.058005401721484,15.145013504303709,0.0705875,0.00015605517546646297,0.0042290979789999334,0.9413547702133656,
hf_wmms_parquet_b445b3fde312,hf_wmms_parquet,marine_mammal_other,exact,/mnt/data/subsim/dataset/hydrophone/raw/hf_wmms_parquet/spinner_dolphin/7100103g_b445b3fde312.wav,20.0,57.361634,60600,0.02496623806655407,0.12504878304355035,3887.745998730144,8890.446294019672,5079.011528122831,0.10003886371850967,29.589843750000004,571.1663208007812,0.5078972578048706,0.06007621809840202,0.4320265054702759,0.1088344156742096,0.06826907396316528,0.5000000000000001,15.1,0.0626072607260726,4.008554242318496e-05,0.0016055900097852478,0.8999611362814903,
hf_wmms_parquet_596418d361b3,hf_wmms_parquet,marine_mammal_other,exact,/mnt/data/subsim/dataset/hydrophone/raw/hf_wmms_parquet/spinner_dolphin/7101001e_596418d361b3.wav,1.430525,1.430525,80000,0.019376322627067566,0.24582099072884717,8516.57015701618,12332.386363636364,5644.697802684265,0.1143450140953064,39.0625,858.4647827148438,0.311882346868515,0.02765336073935032,0.6604642271995544,0.1634470671415329,0.09523092955350876,1.3980881145034165,16.07801331678929,0.05538125,5.525187953026034e-05,0.002851515253478761,0.8856549859046936,
hf_wmms_parquet_fa28698d0108,hf_wmms_parquet,marine_mammal_whale,exact,/mnt/data/subsim/dataset/hydrophone/raw/hf_wmms_parquet/northern_right_whale/81015005_fa28698d0108.wav,3.200067,3.200067,14900,0.015777399763464928,0.19786073825503356,1055.8346728453178,2232.6984126984125,1402.1911458780662,0.1381252259016037,470.0,1332.6746826171875,0.06302149593830109,0.8256404399871826,0.11133790016174316,0.1539313644170761,0.1407056450843811,0.5000000000000001,14.374698517229085,0.060604026845637586,3.937300425604917e-05,0.0024955318901615257,0.8618747740983963,
hf_wmms_parquet_3c61d53837f2,hf_wmms_parquet,marine_mammal_other,exact,/mnt/data/subsim/dataset/hydrophone/raw/hf_wmms_parquet/rough_toothed_dolphin/85014001_3c61d53837f2.wav,1.353113,1.353113,81920,0.02776345983147621,0.08562329718708839,2782.048618291261,4349.906542056075,4135.25589091426,0.029152197763323784,40.0,4694.39453125,0.5686002373695374,0.023169025778770447,0.40823063254356384,0.18242064118385315,0.11052973568439484,1.4780733804252708,16.258807184677977,0.062109375,0.00016726563626434654,0.006024668296877328,0.9708478022366762,
hf_wmms_parquet_28e826198daf,hf_wmms_parquet,marine_mammal_whale,exact,/mnt/data/subsim/dataset/hydrophone/raw/hf_wmms_parquet/northern_right_whale/56017008_28e826198daf.wav,1.632941,1.632941,10200,0.056290991604328156,0.05920144100870609,227.29949027374215,411.61290322580646,258.56553916915266,0.006909484509378672,150.0,57335.6484375,0.8676862716674805,0.12730202078819275,0.005011675413697958,0.23845836520195007,0.18678326904773712,0.612391930835735,9.798270893371757,0.06519607843137255,0.000354140269337222,0.006291242332702152,0.9930905154906213,
hf_wmms_parquet_ca3010786616,hf_wmms_parquet,marine_mammal_whale,exact,/mnt/data/subsim/dataset/hydrophone/raw/hf_wmms_parquet/short_finned_pacific_pilot_whale/91005015_ca3010786616.wav,4.422,4.422,40000,0.008341485634446144,0.30445106541760186,6139.6766725581665,9800.80409356725,3566.1361023863597,0.21541564166545868,3203.125,7.518256187438965,0.0021392167545855045,0.00277511915192008,0.9950856566429138,0.04181024804711342,0.028971921652555466,4.5,14.925373134328359,0.0609,3.815282980212942e-06,0.0004573865072668055,0.7845843583345413,
hf_wmms_parquet_1eca15f487d5,hf_wmms_parquet,marine_mammal_other,exact,/mnt/data/subsim/dataset/hydrophone/raw/hf_wmms_parquet/common_dolphin/75003052_1eca15f487d5.wav,2.149216,2.149216,81600,0.00846727006137371,0.2577448325017819,7921.650028720738,18865.546875,10130.716954993686,0.02521008811891079,39.84375,1822.0125732421875,0.4283992052078247,0.0713593065738678,0.5002414584159851,0.18822667002677917,0.11350817233324051,0.5,15.81972447769364,0.059534313725490194,9.37776258069789e-06,0.0011075308229945523,0.9747899118810892,
hf_wmms_parquet_e75ed68394e9,hf_wmms_parquet,marine_mammal_whale,exact,/mnt/data/subsim/dataset/hydrophone/raw/hf_wmms_parquet/melon_headed_whale/9101202b_e75ed68394e9.wav,1.809363,1.809363,81920,0.07009628415107727,0.18049952098878708,6165.153644400499,11993.566433566433,6353.830973021196,0.06223699823021889,120.0,103.42202758789062,0.09608390182256699,0.18440547585487366,0.7195106148719788,0.0968022346496582,0.0532684363424778,1.65804227414099,16.02774198336291,0.06121826171875,0.00030179519671946764,0.004305437875490067,0.9377630017697811,
hf_wmms_parquet_621218daa005,hf_wmms_parquet,marine_mammal_other,exact,/mnt/data/subsim/dataset/hydrophone/raw/hf_wmms_parquet/spinner_dolphin/7100300g_621218daa005.wav,1.890613,1.890613,81920,0.015503517352044582,0.13651390126422086,2890.7424213664217,5244.8,6961.99837673389,0.0343005508184433,40.0,10384.91796875,0.7465516328811646,0.10194705426692963,0.15150129795074463,0.261640340089798,0.13982146978378296,12.165367803252861,14.281083942949012,0.06820068359375,4.226385135552846e-05,0.0027260814686822458,0.9656994491815567,
hf_wmms_parquet_51d36b9eea07,hf_wmms_parquet,marine_mammal_other,exact,/mnt/data/subsim/dataset/hydrophone/raw/hf_wmms_parquet/atlantic_spotted_dolphin/6102603v_51d36b9eea07.wav,1.4835,1.4835,80000,0.09875918924808502,0.15249538671542565,5280.415602353086,6791.392543859649,3116.2955989781776,0.008925565518438816,39.0625,4312.97216796875,0.07066092640161514,0.0013373158872127533,0.928001880645752,0.09410006552934647,0.11606623977422714,0.6740815638692281,6.740815638692282,0.0690125,0.0009566302760504186,0.0096864938171744,0.9910744344815612,
hf_wmms_parquet_7c91b6ee0e84,hf_wmms_parquet,marine_mammal_other,exact,/mnt/data/subsim/dataset/hydrophone/raw/hf_wmms_parquet/white_beaked_dolphin/72005008_7c91b6ee0e84.wav,2.436931,2.436931,60600,0.002787439152598381,0.24564420999884884,6261.6695084736175,11833.661358173078,5473.131802294735,0.16808642446994781,2160.0585937500005,47.54387283325195,0.03547652065753937,0.007502223365008831,0.9570209980010986,0.20408591628074646,0.113490030169487,0.5000000000000001,15.183033356356397,0.06065181518151815,4.7202661335177254e-07,0.0001693405980691706,0.8319135755300522,
hf_wmms_parquet_0266d69f3ac3,hf_wmms_parquet,marine_mammal_other,exact,/mnt/data/subsim/dataset/hydrophone/raw/hf_wmms_parquet/spinner_dolphin/7100801e_0266d69f3ac3.wav,1.317475,1.317475,80000,0.027678178623318672,0.27075723217928405,10786.98019585593,14122.447400990099,5108.1450595830365,0.13093596696853638,11757.8125,237.51763916015625,0.034718405455350876,0.00723267300054431,0.9580489993095398,0.0771920457482338,0.05200175195932388,0.7590276855348298,16.698609081766257,0.0597625,0.00019535873434506357,0.007058222182778204,0.8690640330314636,
hf_wmms_parquet_dec61d5a5f77,hf_wmms_parquet,marine_mammal_other,exact,/mnt/data/subsim/dataset/hydrophone/raw/hf_wmms_parquet/atlantic_spotted_dolphin/6102500b_dec61d5a5f77.wav,1.222706,1.222706,60600,0.002476154826581478,0.41734260071529794,13845.967356491165,19159.215448943665,5602.332124496179,0.2803293466567993,13818.457031250002,36.46424865722656,6.0365455283317715e-05,0.00015918748977128416,0.9997801780700684,0.08835047483444214,0.08548605442047119,3.271431656229756,15.539300367091343,0.0617986798679868,5.671626013281639e-07,0.00022904973267851982,0.7196706533432007,
hf_wmms_parquet_9445c8926bb2,hf_wmms_parquet,marine_mammal_other,exact,/mnt/data/subsim/dataset/hydrophone/raw/hf_wmms_parquet/clymene_dolphin/8300604s_9445c8926bb2.wav,20.0,20.759455,60600,0.04164768010377884,0.035260755165639576,858.7511082197278,1602.1323266973354,1604.425976447641,0.01600448414683342,29.589843750000004,46301.95703125,0.9694435000419617,0.007307571358978748,0.02324879728257656,0.10740835964679718,0.07699006050825119,0.5000000000000001,13.95,0.06817656765676568,0.00035516388015821576,0.008527819058941117,0.9839955158531666,
hf_wmms_parquet_7c1c35914bce,hf_wmms_parquet,marine_mammal_other,exact,/mnt/data/subsim/dataset/hydrophone/raw/hf_wmms_parquet/narwhal/75014016_7c1c35914bce.wav,1.417969,1.417969,81920,0.09126809239387512,0.23910329806558253,7977.770529651578,17286.785714285714,8220.050003712715,0.10965484380722046,40.0,124.16017150878906,0.06932588666677475,0.08363717794418335,0.8470369577407837,0.15093928575515747,0.09638264030218124,1.4104683195592287,14.809917355371901,0.06856079101562501,0.00053592020412907,0.005871933882548891,0.8903451561927795,
hf_wmms_parquet_41822e2db13b,hf_wmms_parquet,marine_mammal_whale,exact,/mnt/data/subsim/dataset/hydrophone/raw/hf_wmms_parquet/bowhead_whale/8800600h_41822e2db13b.wav,5.3667,5.3667,10000,0.02884293533861637,0.15391495546528527,626.7812916253029,996.4150943396227,547.9164210893466,0.06742369383573532,600.0,1369.2464599609375,0.02106029912829399,0.8732021450996399,0.1057375818490982,0.14920999109745026,0.13741782307624817,0.5,9.689380811299309,0.0683,0.00012022825103485957,0.00416837778884882,0.9325763061642647,
hf_wmms_parquet_19091c1ab3a9,hf_wmms_parquet,marine_mammal_other,exact,/mnt/data/subsim/dataset/hydrophone/raw/hf_wmms_parquet/frasers_dolphin/9101301n_19091c1ab3a9.wav,20.0,28.834851,60600,0.11924349516630173,0.23158682474160458,5023.3940626025205,9645.337781567263,5592.015587887787,0.11004876345396042,59.17968750000001,431.32733154296875,0.33822721242904663,0.17819784581661224,0.4835750162601471,0.14251470565795898,0.09638290852308273,0.5000000000000001,14.5,0.06495049504950495,0.0017119164112955332,0.01435647629158865,0.8899512365460396,
hf_wmms_parquet_a2f47bb6f9f1,hf_wmms_parquet,marine_mammal_other,exact,/mnt/data/subsim/dataset/hydrophone/raw/hf_wmms_parquet/common_dolphin/7500303y_a2f47bb6f9f1.wav,1.473529,1.473529,81600,0.01489032618701458,0.2998361596486997,10111.921044569359,18110.014816810344,8044.669055729103,0.07898180931806564,10797.65625,238.7309112548828,0.059186987578868866,0.023166952654719353,0.917646050453186,0.05153829604387283,0.053935401141643524,0.6786427145708583,14.93013972055888,0.07047794117647059,3.5563494748203084e-05,0.0023883623702500626,0.9210181906819344,
hf_wmms_parquet_445214a017ad,hf_wmms_parquet,marine_mammal_whale,exact,/mnt/data/subsim/dataset/hydrophone/raw/hf_wmms_parquet/short_finned_pacific_pilot_whale/9100501t_445214a017ad.wav,0.5432,0.5432,40000,0.010770621709525585,0.3132507939430202,5759.9563527476175,8822.265625,3226.037187168118,0.1287655532360077,1875.0,19.138166427612305,0.0013034663861617446,0.0027596319559961557,0.995936930179596,0.19282718002796173,0.10684859752655029,1.840942562592047,16.568483063328422,0.06255,9.552662049827632e-06,0.0008869183512862862,0.8712344467639923,
hf_wmms_parquet_483c3ee902f3,hf_wmms_parquet,marine_mammal_other,exact,/mnt/data/subsim/dataset/hydrophone/raw/hf_wmms_parquet/common_dolphin/7500304l_483c3ee902f3.wav,2.977414,2.977414,81600,0.05520467460155487,0.23656135267291198,8867.842787243195,14378.697695974577,6262.277498238357,0.016313327476382256,8446.875,2776.76806640625,0.03079814836382866,0.0014466714346781373,0.967755138874054,0.22068990767002106,0.20257380604743958,0.5,10.747580847639705,0.05768382352941177,0.0006538318120874465,0.011843776216320405,0.9836866725236177,
hf_wmms_parquet_7cbf30603cd9,hf_wmms_parquet,marine_mammal_other,exact,/mnt/data/subsim/dataset/hydrophone/raw/hf_wmms_parquet/harp_seal/6701000b_7cbf30603cd9.wav,0.708984,0.708984,10240,0.07880067080259323,0.09588097534095605,405.30557553015376,595.3846153846154,295.11457227872745,0.011621617712080479,570.0,205770.171875,0.014515331014990807,0.9797550439834595,0.005729854106903076,0.20443402230739594,0.26895418763160706,1.4104683195592287,12.694214876033058,0.07373046875,0.0019931031856685877,0.02529297232299327,0.9883783822879195,
hf_wmms_parquet_2407364c3b21,hf_wmms_parquet,marine_mammal_orca,exact,/mnt/data/subsim/dataset/hydrophone/raw/hf_wmms_parquet/false_killer_whale/61023018_2407364c3b21.wav,1.059363,1.059363,81920,0.0301134642213583,0.27267175220667883,10720.803767439249,16697.831325301206,6806.648425921296,0.1265833079814911,17640.0,39.91456604003906,1.2227763363625854e-05,0.013894331641495228,0.9860933423042297,0.018236298114061356,0.04729694128036499,0.943963679522487,9.439636795224873,0.05736083984375,4.712840745924041e-05,0.0015650277600492424,0.8734166920185089,
hf_wmms_parquet_9cf1276d4c2d,hf_wmms_parquet,marine_mammal_whale,exact,/mnt/data/subsim/dataset/hydrophone/raw/hf_wmms_parquet/fin_finback_whale/6107900i_9cf1276d4c2d.wav,20.0,98.973333,600,0.009716376662254333,0.24493707808984083,66.96125530939894,112.77721774193549,45.564311160826186,0.1369369626045227,18.75,1081.040283203125,0.9989012479782104,0.0010988127905875444,0.0,0.11706042289733887,0.17524051666259766,0.5,9.05,0.07666666666666666,1.388491455145413e-05,0.0014290218496741168,0.8630630373954773,
hf_wmms_parquet_45200d0b1ccc,hf_wmms_parquet,marine_mammal_other,exact,/mnt/data/subsim/dataset/hydrophone/raw/hf_wmms_parquet/white_beaked_dolphin/7200500y_45200d0b1ccc.wav,2.565017,2.565017,60600,0.0022676135413348675,0.20407362373664267,5056.546622176947,8151.607421875002,4610.855222587586,0.14542700350284576,59.17968750000001,155.79835510253906,0.06282936036586761,0.011635606177151203,0.9255348443984985,0.24351981282234192,0.12998005747795105,0.5000000000000001,14.034997426659805,0.06853135313531353,2.634919269439706e-07,0.0001161978979331125,0.8545729964971542,
hf_wmms_parquet_3ec5558f88e5,hf_wmms_parquet,marine_mammal_whale,exact,/mnt/data/subsim/dataset/hydrophone/raw/hf_wmms_parquet/short_finned_pacific_pilot_whale/9100501d_3ec5558f88e5.wav,1.9825,1.9825,40000,0.010024581104516983,0.30309335552781247,6474.312308711996,10386.770148026315,3622.0266828578997,0.2508615553379059,4921.875,10.65816879272461,0.001438633305951953,0.00190561858471483,0.9966558218002319,0.028019564226269722,0.02112482488155365,0.5044136191677175,15.132408575031526,0.0664,5.953677828074433e-06,0.0005939078915524812,0.7491384446620941,
hf_wmms_parquet_b9b634c062f7,hf_wmms_parquet,marine_mammal_other,exact,/mnt/data/subsim/dataset/hydrophone/raw/hf_wmms_parquet/pantropical_spotted_dolphin/9004401v_b9b634c062f7.wav,0.992079,0.992079,60600,0.0318182036280632,0.38631713767694076,11889.627557517953,18819.659745065794,6650.025429703082,0.12971386313438416,21097.558593750004,22.260986328125,2.634718839544803e-06,2.97752812912222e-05,0.9999675750732422,0.13861122727394104,0.09108662605285645,1.007984031936128,15.119760479041917,0.06387788778877887,0.00010862837370950729,0.00341403226203143,0.8702861368656158,
hf_wmms_parquet_3a11289e2689,hf_wmms_parquet,marine_mammal_whale,exact,/mnt/data/subsim/dataset/hydrophone/raw/hf_wmms_parquet/sperm_whale/94004005_3a11289e2689.wav,0.628317,0.628317,60600,0.01554168201982975,0.18510833880499014,4512.840460924039,8181.591796875002,3984.814199951227,0.08360745012760162,7071.972656250001,340.26300048828125,0.043442294001579285,0.099178746342659,0.8573789596557617,0.08218317478895187,0.07419029623270035,12.73242987708793,14.32398361172392,0.07352310231023103,1.8055075997835957e-05,0.0011617195599316489,0.9163925498723984,
hf_wmms_parquet_c2f829380e7d,hf_wmms_parquet,marine_mammal_other,exact,/mnt/data/subsim/dataset/hydrophone/raw/hf_wmms_parquet/spinner_dolphin/7100801m_c2f829380e7d.wav,1.299375,1.299375,80000,0.024805044755339622,0.2831484670367199,10545.673474431518,12948.828125,4409.216715727166,0.08319159597158432,13945.3125,161.17343139648438,0.03542356193065643,0.013655192218720913,0.9509211778640747,0.1045338436961174,0.05993650108575821,0.7696007696007695,15.392015392015393,0.06,0.0001299814466619864,0.00524012143250683,0.9168084040284157,
hf_wmms_parquet_9534a12ab886,hf_wmms_parquet,marine_mammal_other,exact,/mnt/data/subsim/dataset/hydrophone/raw/hf_wmms_parquet/narwhal/6804000q_9534a12ab886.wav,1.19604,1.19604,60600,0.004190902225673199,0.2182839167207053,5641.817068097253,10586.73148777174,4616.177490460758,0.1048254519701004,2308.0078125000005,24.656869888305664,0.0004298325802665204,0.001025224570184946,0.9985448718070984,0.20349527895450592,0.10965236276388168,12.541390728476822,14.213576158940398,0.06484323432343234,8.653025247440382e-07,0.0002064716564459029,0.8951745480298996,
hf_wmms_parquet_737005959ed6,hf_wmms_parquet,marine_mammal_other,exact,/mnt/data/subsim/dataset/hydrophone/raw/hf_wmms_parquet/rough_toothed_dolphin/8501300h_737005959ed6.wav,1.218738,1.218738,81920,0.021862607449293137,0.08213305554999098,2866.337997335458,5669.583333333333,4296.400170031764,0.044292137026786804,80.0,1055.0897216796875,0.5448512434959412,0.12246745079755783,0.33268141746520996,0.07828380167484283,0.049753133207559586,0.8205210388725848,13.128336621961358,0.0725341796875,8.399508806178346e-05,0.0038419519836668543,0.9557078629732132,
hf_wmms_parquet_5effd4e3a643,hf_wmms_parquet,marine_mammal_other,exact,/mnt/data/subsim/dataset/hydrophone/raw/hf_wmms_parquet/bottlenose_dolphin/51041c01_5effd4e3a643.wav,0.971533,0.971533,30000,0.08942446857690811,0.36345856922285125,5640.468013424624,7320.421006944444,1970.8445900273466,0.08515305072069168,5141.6015625,99.25366973876953,1.2392102917146985e-06,0.03762803226709366,0.962370753288269,0.2240346372127533,0.17527996003627777,6.175804570095382,14.41021066355589,0.06583333333333333,0.0006713546463288367,0.007507505015184307,0.9148469492793083,
hf_wmms_parquet_da84e057517e,hf_wmms_parquet,marine_mammal_whale,exact,/mnt/data/subsim/dataset/hydrophone/raw/hf_wmms_parquet/northern_right_whale/74003001_da84e057517e.wav,1.5,1.5,5120,0.11601830273866653,0.07279593697095976,124.80015013888749,128.9655172413793,224.02364237846365,0.014364438131451607,60.0,3562.155029296875,0.9173027276992798,0.05278389900922775,0.029913226142525673,0.37670639157295227,0.14635026454925537,9.333333333333332,9.333333333333334,0.07109375,0.0008285245858132839,0.007141326551487399,0.9856355618685484,
hf_wmms_parquet_312ae5b710bb,hf_wmms_parquet,marine_mammal_whale,exact,/mnt/data/subsim/dataset/hydrophone/raw/hf_wmms_parquet/melon_headed_whale/9101202g_312ae5b710bb.wav,0.391077,0.391077,81920,0.08487855643033981,0.16884130353352478,6295.472292627677,10834.666666666666,4806.047797965556,0.025229625403881073,6040.0,126.74678802490234,0.04395444691181183,0.07597414404153824,0.8800714612007141,0.1909969300031662,0.10112857073545456,2.5570434185473045,17.899303929831134,0.054229736328125,0.00038796800072304904,0.004570860026782915,0.9747703745961189,
hf_wmms_parquet_899504df727e,hf_wmms_parquet,marine_mammal_other,exact,/mnt/data/subsim/dataset/hydrophone/raw/hf_wmms_parquet/frasers_dolphin/9101001t_899504df727e.wav,0.946753,0.946753,81920,0.07384258508682251,0.28767229263638355,10431.106809359075,13568.108108108108,4714.663553912408,0.048979077488183975,13360.0,170.61312866210938,0.014666554518043995,0.027137480676174164,0.9581959247589111,0.13651670515537262,0.07540752738714218,3.1687253410350964,13.731143144485417,0.07926635742187499,0.000905357301235199,0.012260639306687852,0.951020922511816,
hf_wmms_parquet_b9cdea0c5512,hf_wmms_parquet,marine_mammal_whale,exact,/mnt/data/subsim/dataset/hydrophone/raw/hf_wmms_parquet/beluga_white_whale/65030009_b9cdea0c5512.wav,3.3699,3.3699,40000,0.031412918120622635,0.02634370711079788,235.4160478856447,329.92788461538464,759.5174812109095,0.005879532545804977,19.53125,97958.265625,0.8954120874404907,0.030053408816456795,0.07453446090221405,0.18130798637866974,0.09026502072811127,3.0,15.13398023680228,0.064925,0.00015305381384678185,0.0048723207838952546,0.994120467454195,
hf_wmms_parquet_679b9adc8989,hf_wmms_parquet,marine_mammal_other,exact,/mnt/data/subsim/dataset/hydrophone/raw/hf_wmms_parquet/white_sided_dolphin/6107200z_679b9adc8989.wav,2.54,2.54,80000,0.037868767976760864,0.25993238155699583,9405.972754886736,13314.363895939086,5276.253594000317,0.032215945422649384,39.0625,470.4612121582031,0.1656140834093094,0.02646120823919773,0.8079248070716858,0.06421081721782684,0.04841991513967514,1.5,14.566929133858267,0.06696250000000001,0.00017029306036420166,0.004496926344797101,0.9677840545773506,
hf_wmms_parquet_c0af531e86dc,hf_wmms_parquet,marine_mammal_other,exact,/mnt/data/subsim/dataset/hydrophone/raw/hf_wmms_parquet/narwhal/7501400t_c0af531e86dc.wav,1.417969,1.417969,81920,0.06174797937273979,0.17506176878244475,5480.687197809777,11964.642857142857,6622.460904147303,0.058676354587078094,40.0,268.6534118652344,0.12437744438648224,0.2148042470216751,0.6608184576034546,0.15785712003707886,0.10720489174127579,0.7052341597796143,14.809917355371901,0.06826171875,0.0004132504400331527,0.00669253381607658,0.9413236454129219,
hf_wmms_parquet_612ad6002397,hf_wmms_parquet,marine_mammal_whale,exact,/mnt/data/subsim/dataset/hydrophone/raw/hf_wmms_parquet/sperm_whale/9400400c_612ad6002397.wav,1.208911,1.208911,60600,0.014393557794392109,0.1998252774403145,4823.25708817091,9119.589843750002,4329.609461013839,0.09353285282850266,177.53906250000003,38.466976165771484,0.04263833165168762,0.09546566009521484,0.8618960380554199,0.023068780079483986,0.023285100236535072,4.135954135954137,15.716625716625718,0.06435643564356436,1.007264381769346e-05,0.0006998022282522861,0.9064671471714973,
hf_wmms_parquet_6428a9017c7e,hf_wmms_parquet,marine_mammal_orca,exact,/mnt/data/subsim/dataset/hydrophone/raw/hf_wmms_parquet/false_killer_whale/6102101c_6428a9017c7e.wav,0.309375,0.309375,81920,0.006636378355324268,0.28303673598232254,8022.188737346681,20184.347826086956,9608.682140574605,0.03143860772252083,6960.0,14561.6015625,0.0003533500130288303,0.1388723999261856,0.8607742190361023,0.2508808374404907,0.17289790511131287,3.2323232323232323,16.161616161616163,0.076385498046875,6.9369489210657775e-06,0.001045291354501371,0.9685613922774792,
hf_wmms_parquet_713bd4ccf7e6,hf_wmms_parquet,marine_mammal_whale,exact,/mnt/data/subsim/dataset/hydrophone/raw/hf_wmms_parquet/bowhead_whale/8800600o_713bd4ccf7e6.wav,3.8816,3.8816,10000,0.017835617065429688,0.23449697281978615,981.9341866893519,1636.9736842105262,794.122005035327,0.1296750009059906,530.0,121.04143524169922,0.0930320993065834,0.6650775074958801,0.2418903261423111,0.16274046897888184,0.1449749618768692,0.5,10.047403132728771,0.066,2.971733920276165e-05,0.0016661794818804345,0.8703249990940094,
hf_wmms_parquet_17c77bc3b607,hf_wmms_parquet,marine_mammal_other,exact,/mnt/data/subsim/dataset/hydrophone/raw/hf_wmms_parquet/pantropical_spotted_dolphin/6400500d_17c77bc3b607.wav,1.599153,1.599153,55500,0.024242328479886055,0.2550815756264648,6106.777793831648,9745.01953125,3611.2103992923176,0.051638245582580566,1327.880859375,40.199134826660156,4.307357085053809e-05,0.02958349697291851,0.9703734517097473,0.14894989132881165,0.11113416403532028,0.6253309747276148,15.007943393462757,0.06574774774774775,3.5033437598031014e-05,0.0014451350094382743,0.9483617544174194,
hf_wmms_parquet_2aea899177fa,hf_wmms_parquet,marine_mammal_other,exact,/mnt/data/subsim/dataset/hydrophone/raw/hf_wmms_parquet/clymene_dolphin/8300604j_2aea899177fa.wav,0.569712,0.569712,166600,0.00753831909969449,0.18117644579773054,9352.985136457179,19735.298978365383,14596.11923941702,0.11595797538757324,244.04296875,388.61944580078125,0.07034279406070709,0.21391400694847107,0.7157431244850159,0.10309461504220963,0.0688101053237915,1.7552731946815012,14.04218555745201,0.07111044417767107,5.821701961394865e-06,0.0007722811788185675,0.8840420246124268,
hf_wmms_parquet_287362bf050f,hf_wmms_parquet,marine_mammal_other,exact,/mnt/data/subsim/dataset/hydrophone/raw/hf_wmms_parquet/striped_dolphin/58011004_287362bf050f.wav,0.950759,0.950759,60600,0.050569526851177216,0.21077844311377245,5458.992786924136,7733.171164772728,2628.361131662846,0.008762454614043236,1952.9296875000002,864.820068359375,7.41154281058698e-06,0.00041035833419300616,0.9995822310447693,0.09029465168714523,0.06366636604070663,1.051791169119689,14.725076367675646,0.06671617161716172,0.0003258692449890077,0.006443984456124643,0.9912375453859568,
hf_wmms_parquet_0419a56b0736,hf_wmms_parquet,marine_mammal_other,exact,/mnt/data/subsim/dataset/hydrophone/raw/hf_wmms_parquet/ross_seal/66084001_0419a56b0736.wav,4.6257,4.6257,20000,0.044022124260663986,0.15045453071460227,1120.978844495935,1983.2967032967033,1333.4969818356576,0.09994786977767944,270.0,274.9754333496094,0.039903949946165085,0.6321502327919006,0.32794585824012756,0.10875427722930908,0.06104892119765282,0.5,14.70047776552738,0.06305,0.00015389727195724845,0.003495907445140434,0.9000521302223206,
hf_wmms_parquet_6cf485e3f917,hf_wmms_parquet,marine_mammal_other,exact,/mnt/data/subsim/dataset/hydrophone/raw/hf_wmms_parquet/frasers_dolphin/9101300k_6cf485e3f917.wav,3.781238,3.781238,81920,0.18738217651844025,0.24965941154062204,9099.77317657283,12823.654485049834,4181.610661236965,0.028180433437228203,11120.0,412.7648620605469,0.0013651690678671002,0.03377576172351837,0.9648590087890625,0.24315862357616425,0.15272235870361328,0.5,15.867819821215848,0.06146240234375,0.0070543186739087105,0.03764668980230811,0.9718195665627718,
hf_wmms_parquet_7a6ccd7373c3,hf_wmms_parquet,marine_mammal_other,exact,/mnt/data/subsim/dataset/hydrophone/raw/hf_wmms_parquet/harp_seal/6700900r_7a6ccd7373c3.wav,2.535938,2.535938,10240,0.0246599018573761,0.1308198867793738,521.7478724508659,889.5918367346939,499.3116048202976,0.04301624745130539,40.0,161.90975952148438,0.3492200970649719,0.49276867508888245,0.1580113023519516,0.11879408359527588,0.09592806547880173,4.5,9.858287122612445,0.06596679687500001,9.920907177729532e-05,0.004023092725472364,0.9569837525486946,
hf_wmms_parquet_60c635b002cd,hf_wmms_parquet,marine_mammal_whale,exact,/mnt/data/subsim/dataset/hydrophone/raw/hf_wmms_parquet/minke_whale/64103008_60c635b002cd.wav,0.970313,0.970313,1280,0.01527404598891735,0.12570507655116842,69.655455714318,90.0,53.37624307815796,0.045051783323287964,80.0,475.331787109375,0.986607015132904,0.013393105007708073,0.0,0.23876994848251343,0.182883620262146,1.0305958132045088,14.428341384863124,0.06875,7.115113839972764e-05,0.004658303271228572,0.954948216676712,
hf_wmms_parquet_66dcc8d45362,hf_wmms_parquet,marine_mammal_orca,exact,/mnt/data/subsim/dataset/hydrophone/raw/hf_wmms_parquet/killer_whale/97501009_66dcc8d45362.wav,1.697671,1.697671,21900,0.0022664584685117006,0.347867018129001,3479.9280937047806,6395.545479910715,2506.348622019568,0.29646560549736023,941.015625,65.52935791015625,0.0433591827750206,0.14777813851833344,0.8088624477386475,0.11619449406862259,0.08944276720285416,1.178084402485274,15.9041394335512,0.057054794520547944,5.637064646180079e-07,0.00024871687357212247,0.7035343945026398,
hf_wmms_parquet_5b8e24a33e84,hf_wmms_parquet,marine_mammal_other,exact,/mnt/data/subsim/dataset/hydrophone/raw/hf_wmms_parquet/striped_dolphin/75003019_5b8e24a33e84.wav,0.897451,0.897451,81600,0.005555722396820784,0.3235378459941828,10899.598366936782,30259.620535714286,13004.344576549376,0.038047753274440765,39.84375,5711.71826171875,0.4709315896034241,0.049977634102106094,0.47909069061279297,0.25678497552871704,0.13851001858711243,1.1142669871094604,14.485470832422985,0.06477328431372549,2.8133417799836025e-06,0.0005063863128019369,0.9619522467255592,
hf_wmms_parquet_45ea192ec885,hf_wmms_parquet,marine_mammal_other,exact,/mnt/data/subsim/dataset/hydrophone/raw/hf_wmms_parquet/frasers_dolphin/91010004_45ea192ec885.wav,1.417969,1.417969,81920,0.057144299149513245,0.23717490680877074,8711.291249005704,12858.57142857143,5121.120401602924,0.06420838832855225,40.0,143.19020080566406,0.04351038858294487,0.05499750003218651,0.9014921188354492,0.1378221958875656,0.08735373616218567,0.7052341597796143,15.515151515151516,0.0640625,0.0006096018478274345,0.010667763134548118,0.9357916116714478,
hf_wmms_parquet_055352a3da27,hf_wmms_parquet,marine_mammal_other,exact,/mnt/data/subsim/dataset/hydrophone/raw/hf_wmms_parquet/bottlenose_dolphin/89514003_055352a3da27.wav,1.5,1.5,81920,0.2580447196960449,0.1797133765737026,8117.156342116026,12167.058823529413,4875.207188988321,0.060124121606349945,3640.0,307.82879638671875,0.005220883991569281,0.0010928132105618715,0.9936862587928772,0.36399099230766296,0.2573588490486145,0.6666666666666666,10.666666666666666,0.0624755859375,0.011846017092466354,0.0459068378007272,0.93987587839365,
hf_wmms_parquet_af0ec93ec5cf,hf_wmms_parquet,marine_mammal_whale,exact,/mnt/data/subsim/dataset/hydrophone/raw/hf_wmms_parquet/southern_right_whale/7900200k_af0ec93ec5cf.wav,1.417969,1.417969,5120,0.05026908591389656,0.1953437112549938,445.3400451451146,737.7777777777778,315.9231715361387,0.014462421648204327,410.0,183.9244842529297,0.16617488861083984,0.7578621506690979,0.07596302032470703,0.13952389359474182,0.13345424830913544,0.7052341597796143,9.168044077134986,0.07412109375,0.0005186591297388077,0.010317655877349266,0.9855375783517957,
hf_wmms_parquet_e87a6bb96e78,hf_wmms_parquet,marine_mammal_other,exact,/mnt/data/subsim/dataset/hydrophone/raw/hf_wmms_parquet/frasers_dolphin/9101000k_e87a6bb96e78.wav,0.821875,0.821875,81920,0.02278219722211361,0.26592600294087065,9444.259545896395,15205.625,6222.609663275789,0.11116647720336914,15840.0,40.570220947265625,0.023372303694486618,0.10188084840774536,0.8747468590736389,0.11467716842889786,0.0675068274140358,1.2167300380228137,14.600760456273765,0.06749267578125,3.6836161598330364e-05,0.0016168836235408563,0.8888335227966309,
hf_wmms_parquet_671d6f8db51c,hf_wmms_parquet,marine_mammal_whale,exact,/mnt/data/subsim/dataset/hydrophone/raw/hf_wmms_parquet/beluga_white_whale/6503300k_671d6f8db51c.wav,2.835938,2.835938,10240,0.07354281842708588,0.12954991563070353,540.9166286624749,917.6363636363636,457.53832524456965,0.019238010048866272,670.0,1539.1060791015625,0.17933009564876556,0.7710153460502625,0.049654729664325714,0.21790796518325806,0.15002229809761047,0.5,13.046831955922865,0.06640625,0.0007219561957754195,0.009816814356678307,0.9807619899511337,
hf_wmms_parquet_c77feda80ff1,hf_wmms_parquet,marine_mammal_whale,exact,/mnt/data/subsim/dataset/hydrophone/raw/hf_wmms_parquet/sperm_whale/85004005_c77feda80ff1.wav,2.559375,2.559375,81920,0.030181629583239555,0.11814197068629181,3084.145982125214,6536.945812807881,4246.797395374797,0.03876306489109993,320.0,651.7993774414062,0.009068300016224384,0.31209689378738403,0.6788347959518433,0.034698475152254105,0.03235730901360512,1.5,14.456654456654455,0.062127685546875006,7.46277000871487e-05,0.00247261997165714,0.9612369351089001,
hf_wmms_parquet_ce1c33621695,hf_wmms_parquet,marine_mammal_whale,exact,/mnt/data/subsim/dataset/hydrophone/raw/hf_wmms_parquet/southern_right_whale/7900200u_ce1c33621695.wav,2.524414,2.524414,5120,0.0146569162607193,0.10074280408542247,243.08748329422136,291.6326530612245,210.2716357158203,0.011739857494831085,370.0,487.14794921875,0.1837037354707718,0.7755962610244751,0.04070008918642998,0.10808437317609787,0.11413983255624771,0.5,4.75357833655706,0.069921875,3.9035592635627836e-05,0.002663288234618654,0.9882601425051689,
hf_wmms_parquet_dfd0eff39056,hf_wmms_parquet,marine_mammal_other,exact,/mnt/data/subsim/dataset/hydrophone/raw/hf_wmms_parquet/rough_toothed_dolphin/8501400l_dfd0eff39056.wav,1.621863,1.621863,81920,0.012085245922207832,0.05568936189429634,1626.0055211098115,2145.0,4708.382791566259,0.04741961508989334,80.0,4226.16259765625,0.6735730767250061,0.1746799647808075,0.1517469733953476,0.09453762322664261,0.05017271637916565,15.414374205008166,16.030949173208494,0.05770263671875,2.6304782295483164e-05,0.0021766029804134086,0.9525803849101067,
hf_wmms_parquet_d8123dcb3fdc,hf_wmms_parquet,marine_mammal_other,exact,/mnt/data/subsim/dataset/hydrophone/raw/hf_wmms_parquet/white_beaked_dolphin/70014014_d8123dcb3fdc.wav,1.8921,1.8921,80000,0.029988769441843033,0.27504013424326307,9005.677914114589,15599.582619863013,5636.127678944498,0.015262607485055923,12656.25,4348.8115234375,8.234247616201174e-06,0.0003377546963747591,0.9996540546417236,0.22174520790576935,0.1256505846977234,0.5285132921092965,15.3268854711696,0.06307499999999999,0.0001214191215694882,0.004048819735698274,0.9847373925149441,
hf_wmms_parquet_7cf54d87dda4,hf_wmms_parquet,marine_mammal_other,exact,/mnt/data/subsim/dataset/hydrophone/raw/hf_wmms_parquet/spinner_dolphin/7100300b_7cf54d87dda4.wav,1.890613,1.890613,81920,0.024798190221190453,0.15888634925554307,4322.705260780691,9433.066666666668,7771.775015688439,0.06640587747097015,40.0,9130.765625,0.793129563331604,0.04252023249864578,0.16435039043426514,0.17012566328048706,0.13911375403404236,0.5289290349240374,14.81001297787305,0.06422119140625,8.168215572368354e-05,0.003293875681725796,0.9335941225290298,
hf_wmms_parquet_b9418e1c69af,hf_wmms_parquet,marine_mammal_other,exact,/mnt/data/subsim/dataset/hydrophone/raw/hf_wmms_parquet/walrus/72019007_b9418e1c69af.wav,0.601172,0.601172,20480,0.013979443348944187,0.03671513280805783,263.6693429469192,252.72727272727272,427.61148641241203,0.00835832953453064,330.0,83829.859375,0.13089001178741455,0.8648322224617004,0.004277727100998163,0.2205253541469574,0.202619269490242,3.3268356075373617,16.63417803768681,0.0625,5.395988773670979e-05,0.003859945377361912,0.9916416704654694,
hf_wmms_parquet_7066bf28d41c,hf_wmms_parquet,marine_mammal_other,exact,/mnt/data/subsim/dataset/hydrophone/raw/hf_wmms_parquet/common_dolphin/75003041_7066bf28d41c.wav,2.308529,2.308529,81600,0.060026977211236954,0.20513337757133376,7953.268721110556,10295.887706043955,4286.9512097681,0.03856712207198143,8646.09375,1424.3363037109375,0.016651710495352745,0.0018620159244164824,0.9814862608909607,0.20523633062839508,0.16541317105293274,0.5,15.594343228436744,0.06299019607843137,0.0009693372412584722,0.016148360058698165,0.9614328779280186,
hf_wmms_parquet_98d454b8a000,hf_wmms_parquet,marine_mammal_other,exact,/mnt/data/subsim/dataset/hydrophone/raw/hf_wmms_parquet/clymene_dolphin/8303501w_98d454b8a000.wav,3.787755,3.787755,166600,0.022384757176041603,0.1900722459309171,17935.77562009381,31762.754541412603,14410.315294095195,0.16643394529819489,1220.21484375,11.618468284606934,0.00022779256687499583,0.047500696033239365,0.9522714614868164,0.019984599202871323,0.03314268961548805,0.5,12.672413793103448,0.08279111644657863,2.9339022148633376e-05,0.0013106696631368534,0.8335660547018051,
hf_wmms_parquet_cbcf424d2fb7,hf_wmms_parquet,marine_mammal_other,exact,/mnt/data/subsim/dataset/hydrophone/raw/hf_wmms_parquet/rough_toothed_dolphin/85013019_cbcf424d2fb7.wav,0.809363,0.809363,81920,0.02785968966782093,0.12970951102530845,5458.987905445527,12043.809523809523,7529.00180558951,0.11642425507307053,80.0,528.6520385742188,0.5191285014152527,0.07963959127664566,0.40123188495635986,0.0909777283668518,0.06144039332866669,2.4710797399815996,16.062018309880397,0.064276123046875,0.00011973765504080802,0.004297881866746419,0.8835757449269295,
hf_wmms_parquet_097bc10ae672,hf_wmms_parquet,marine_mammal_whale,exact,/mnt/data/subsim/dataset/hydrophone/raw/hf_wmms_parquet/melon_headed_whale/9101204f_097bc10ae672.wav,17.646733,17.646733,60600,0.018641041591763496,0.13859944585282652,2771.8496749788687,6369.731618528285,3855.739689401059,0.07099980115890503,59.17968750000001,719.5529174804688,0.3022889196872711,0.2892475426197052,0.40846359729766846,0.12437838315963745,0.07319077849388123,1.5000000000000004,14.506934781632928,0.06547854785478548,3.41893573931884e-05,0.0018340905052462737,0.929000198841095,
hf_wmms_parquet_0d56f7f53302,hf_wmms_parquet,marine_mammal_other,exact,/mnt/data/subsim/dataset/hydrophone/raw/hf_wmms_parquet/narwhal/6800200f_0d56f7f53302.wav,1.417969,1.417969,81920,0.03195396810770035,0.4328205304797734,15251.342962367053,25165.0,9743.886355992883,0.07572353631258011,31480.0,126.58613586425781,0.1536026895046234,0.03397200256586075,0.812425434589386,0.1819995790719986,0.09979163855314255,4.9366391184573,14.809917355371901,0.07122802734375,4.80465023429133e-05,0.0015036161449329141,0.9242764636874199,
hf_wmms_parquet_844a462914c4,hf_wmms_parquet,marine_mammal_other,exact,/mnt/data/subsim/dataset/hydrophone/raw/hf_wmms_parquet/spinner_dolphin/7100100c_844a462914c4.wav,1.2638,1.2638,80000,0.036240994930267334,0.1482646410096634,4567.648083061143,9886.436855670103,5442.19298885618,0.06778349727392197,39.0625,3393.313232421875,0.561642587184906,0.037772953510284424,0.4005843698978424,0.14125575125217438,0.08937110751867294,1.582528881152081,13.451495489792688,0.079375,0.0002133123780367896,0.005885941554346012,0.932216502726078,
hf_wmms_parquet_71931048cf16,hf_wmms_parquet,marine_mammal_other,exact,/mnt/data/subsim/dataset/hydrophone/raw/hf_wmms_parquet/harp_seal/6700900j_71931048cf16.wav,0.7875,0.7875,10240,0.023560067638754845,0.12179089668857745,465.53272655337213,717.8571428571429,480.4666695458636,0.026808375492691994,40.0,894.1998901367188,0.39753714203834534,0.5360425114631653,0.06642036139965057,0.2088826447725296,0.13709351420402527,1.2698412698412698,13.968253968253968,0.06342773437499999,7.605184509884566e-05,0.0032279977401472783,0.973191624507308,
hf_wmms_parquet_e7b395f908eb,hf_wmms_parquet,marine_mammal_whale,exact,/mnt/data/subsim/dataset/hydrophone/raw/hf_wmms_parquet/northern_right_whale/81015002_e7b395f908eb.wav,2.61255,2.61255,14900,0.01263501774519682,0.19606432718491495,1027.6750077690722,2300.0,1389.3510116106413,0.14756600558757782,210.0,638.4454345703125,0.14091187715530396,0.6754038333892822,0.18368427455425262,0.16053909063339233,0.13686434924602509,0.5000000000000001,14.16240655586097,0.06939597315436241,2.5262992494390346e-05,0.0019994425810754865,0.8524339944124222,
hf_wmms_parquet_ad33962d39c3,hf_wmms_parquet,marine_mammal_whale,exact,/mnt/data/subsim/dataset/hydrophone/raw/hf_wmms_parquet/humpback_whale/9220100t_ad33962d39c3.wav,5.975839,5.975839,14900,0.008706634864211082,0.25658419344332256,1615.0768148190234,3064.406779661017,1393.8739965563777,0.14379173517227173,1330.0,3634.33447265625,0.0387837290763855,0.13162288069725037,0.8295934200286865,0.07193683832883835,0.12510615587234497,0.5000000000000001,7.028301886792453,0.08080536912751678,2.1188136088312604e-05,0.0024335620381846484,0.8562082648277283,
hf_wmms_parquet_9e02395b9519,hf_wmms_parquet,marine_mammal_whale,exact,/mnt/data/subsim/dataset/hydrophone/raw/hf_wmms_parquet/beluga_white_whale/62022016_9e02395b9519.wav,1.7008,1.7008,80000,0.03955347090959549,0.029309952007525925,864.2257308978831,1686.2476145038167,1747.531731584288,0.005089305806905031,39.0625,103851.546875,0.5274782180786133,0.24813741445541382,0.22438445687294006,0.0721721351146698,0.06173062324523926,1.1759172154280337,11.171213546566321,0.085525,0.00018481303413864225,0.004672485875042005,0.994910694193095,
hf_wmms_parquet_78228f4637a7,hf_wmms_parquet,marine_mammal_other,exact,/mnt/data/subsim/dataset/hydrophone/raw/hf_wmms_parquet/clymene_dolphin/83006009_78228f4637a7.wav,1.417969,1.417969,81920,0.007971251383423805,0.2572250105458897,9277.718872001862,12978.214285714286,6171.625898772427,0.06215817481279373,40.0,830.524169921875,0.21587969362735748,0.006990710273385048,0.777129590511322,0.07621517777442932,0.04971035569906235,0.7052341597796143,16.22038567493113,0.062292480468749994,1.3365090126171708e-05,0.001676661477806071,0.9378418251872063,
hf_wmms_parquet_0b1093e27263,hf_wmms_parquet,marine_mammal_other,exact,/mnt/data/subsim/dataset/hydrophone/raw/hf_wmms_parquet/frasers_dolphin/9101001d_0b1093e27263.wav,3.781238,3.781238,81920,0.036345046013593674,0.24339000122676413,8746.716215380071,13766.910299003323,5372.38591082116,0.08508137613534927,40.0,71.99341583251953,0.03327526897192001,0.06082591786980629,0.9058988094329834,0.07042139768600464,0.04471972957253456,1.0,14.016574175407332,0.06990356445312501,9.551359835313633e-05,0.0026279674626023207,0.9149186238646507,
hf_wmms_parquet_05385047c552,hf_wmms_parquet,marine_mammal_whale,exact,/mnt/data/subsim/dataset/hydrophone/raw/hf_wmms_parquet/fin_finback_whale/6107900c_05385047c552.wav,20.0,38.71,600,0.016453508287668228,0.2500208350695891,65.82799786069248,110.33266129032258,45.08649614507956,0.13731662929058075,18.75,6496.44775390625,0.9996461272239685,0.00035376413143239915,0.0,0.10070928931236267,0.18114037811756134,0.5,9.95,0.07666666666666666,3.098874003626406e-05,0.0018834123089485095,0.8626833707094193,
hf_wmms_parquet_aa13c6946f5e,hf_wmms_parquet,marine_mammal_other,exact,/mnt/data/subsim/dataset/hydrophone/raw/hf_wmms_parquet/rough_toothed_dolphin/8501300i_aa13c6946f5e.wav,1.038281,1.038281,81920,0.02722989395260811,0.08597966021985774,2152.225587093144,3318.048780487805,2633.506384674401,0.007588280364871025,80.0,13738.87890625,0.4794777035713196,0.07886447757482529,0.4416577219963074,0.22324341535568237,0.12219496071338654,0.963130173062453,14.446952595936795,0.0579833984375,0.00012203012738609686,0.004481476409493222,0.992411719635129,
hf_wmms_parquet_e91054524d10,hf_wmms_parquet,marine_mammal_whale,exact,/mnt/data/subsim/dataset/hydrophone/raw/hf_wmms_parquet/humpback_whale/6301901a_e91054524d10.wav,20.0,122.914765,14900,0.0376008078455925,0.03314440652485411,211.63366700455907,272.03007518796994,184.24944734806087,0.001722055021673441,320.0,166177.921875,0.27334707975387573,0.7079183459281921,0.018734490498900414,0.1848548799753189,0.17506757378578186,0.5000000000000001,5.25,0.072248322147651,0.0002621603780426085,0.00697220068016082,0.9982779449783266,
hf_wmms_parquet_89b796427d4b,hf_wmms_parquet,marine_mammal_other,exact,/mnt/data/subsim/dataset/hydrophone/raw/hf_wmms_parquet/white_sided_dolphin/6107200t_89b796427d4b.wav,1.80375,1.80375,80000,0.02584797888994217,0.22609304291783033,7645.1001594480485,11525.404676258993,5545.929436538885,0.04647659510374069,39.0625,844.4898071289062,0.25856834650039673,0.05551707372069359,0.6859145760536194,0.04552590101957321,0.026577776297926903,0.5544005544005544,16.077616077616078,0.056631249999999994,0.00011417897621868178,0.004417327045198617,0.9535234048962593,
hf_wmms_parquet_92d2cf265c43,hf_wmms_parquet,marine_mammal_other,exact,/mnt/data/subsim/dataset/hydrophone/raw/hf_wmms_parquet/grampus_rissos_dolphin/8500900p_92d2cf265c43.wav,0.335156,0.335156,81920,0.09002026915550232,0.3655071935895101,13684.062768834932,21689.6,8215.876145630033,0.16647782921791077,21160.0,61.85717010498047,0.013169915415346622,0.0496114119887352,0.9372187256813049,0.13796207308769226,0.11129574477672577,2.9836829836829835,11.934731934731936,0.0536865234375,0.0004977487842552364,0.005529296778594258,0.8335221707820892,
hf_wmms_parquet_672926c39d15,hf_wmms_parquet,marine_mammal_whale,exact,/mnt/data/subsim/dataset/hydrophone/raw/hf_wmms_parquet/long_finned_pilot_whale/7702801f_672926c39d15.wav,1.296094,1.296094,81920,0.11520273238420486,0.10232163880386155,3969.727910650097,5779.607843137255,2959.719847426962,0.008671005256474018,4520.0,16805.951171875,0.10335280001163483,0.015994468703866005,0.880652666091919,0.22794950008392334,0.15326961874961853,0.7715491259795056,13.116335141651597,0.06190185546875,0.0018793586641550064,0.016313490359507885,0.991328994743526,
hf_wmms_parquet_d928625c00c2,hf_wmms_parquet,marine_mammal_other,exact,/mnt/data/subsim/dataset/hydrophone/raw/hf_wmms_parquet/frasers_dolphin/9101000y_d928625c00c2.wav,3.781238,3.781238,81920,0.0466054305434227,0.23539343616629757,8367.100168152841,13566.777408637874,5583.861145441731,0.06699523329734802,40.0,393.25469970703125,0.15906232595443726,0.03786908835172653,0.8030686974525452,0.07748852670192719,0.048824965953826904,0.5,15.074428830155055,0.06300048828125,0.0002587334893178195,0.005551573846554289,0.933004766702652,
hf_wmms_parquet_d61e9e698fd2,hf_wmms_parquet,marine_mammal_other,exact,/mnt/data/subsim/dataset/hydrophone/raw/hf_wmms_parquet/frasers_dolphin/91010020_d61e9e698fd2.wav,0.547083,0.547083,81920,0.04761159420013428,0.3006069260978222,11408.06329422672,13872.380952380952,4996.357656287759,0.07002865523099899,12960.0,107.41519927978516,0.00864028837531805,0.03617453947663307,0.9551852941513062,0.11457370966672897,0.05935392528772354,1.8278778142222818,14.623022513778254,0.06689453125,0.000402744859457016,0.00845896606098985,0.929971344769001,
hf_wmms_parquet_170da795a46d,hf_wmms_parquet,marine_mammal_other,exact,/mnt/data/subsim/dataset/hydrophone/raw/hf_wmms_parquet/harp_seal/6700900l_170da795a46d.wav,5.015625,5.015625,10240,0.027075739577412605,0.12371736209817169,473.4881587274744,781.7171717171717,474.84060393728254,0.02949383296072483,30.0,723.1006469726562,0.3646632730960846,0.5493876338005066,0.08594904839992523,0.12301590293645859,0.08638731390237808,2.5,11.36448598130841,0.068310546875,0.00011842342792078853,0.004373783681063587,0.9705061670392752,
hf_wmms_parquet_91165cca9237,hf_wmms_parquet,marine_mammal_other,exact,/mnt/data/subsim/dataset/hydrophone/raw/hf_wmms_parquet/walrus/7200200c_91165cca9237.wav,4.55205,4.55205,20000,0.010454385541379452,0.12107864674868189,927.8000828890363,1277.7777777777778,1444.4737256880708,0.08478507399559021,20.0,164.0686492919922,0.12920142710208893,0.15641696751117706,0.7143816351890564,0.02460041642189026,0.056846052408218384,0.5,3.295218637756615,0.07685,7.144410119508393e-06,0.0006833888123359091,0.9152149260044098,
hf_wmms_parquet_d19c5b5a83f8,hf_wmms_parquet,marine_mammal_other,exact,/mnt/data/subsim/dataset/hydrophone/raw/hf_wmms_parquet/clymene_dolphin/8300604e_d19c5b5a83f8.wav,1.484229,1.484229,81920,0.00782360602170229,0.25347282192997606,9181.437369944442,12967.863247863248,6236.04979067715,0.06495509296655655,40.0,825.7982177734375,0.2168651521205902,0.007155376486480236,0.7759795188903809,0.07413212954998016,0.049783654510974884,0.6737506990821462,16.17001677797151,0.06259765625,1.2842372598242946e-05,0.0016414901978675,0.9350449070334435,
hf_wmms_parquet_c53efe341d88,hf_wmms_parquet,marine_mammal_other,exact,/mnt/data/subsim/dataset/hydrophone/raw/hf_wmms_parquet/rough_toothed_dolphin/8501400n_c53efe341d88.wav,1.599988,1.599988,81920,0.023569898679852486,0.08057526512550546,1907.0722552283435,3342.5396825396824,3877.7694092206693,0.028176337480545044,80.0,6684.67578125,0.5576614141464233,0.1748076230287552,0.26753100752830505,0.2427075356245041,0.13511449098587036,0.625004768407962,16.250123978607014,0.06219482421875,9.474534454056993e-05,0.004019760365687883,0.971823662519455,
hf_wmms_parquet_cd308ef76edf,hf_wmms_parquet,marine_mammal_whale,exact,/mnt/data/subsim/dataset/hydrophone/raw/hf_wmms_parquet/sperm_whale/72009006_cd308ef76edf.wav,2.685938,2.685938,40960,0.03898870572447777,0.05856474117165841,807.5573158168907,1349.0566037735848,1706.4517077996315,0.025835637003183365,60.0,2436.094970703125,0.6876431107521057,0.07098980993032455,0.2413671463727951,0.06460969895124435,0.04499329254031181,15.0,13.77545084351367,0.06484375,0.00022967775294091552,0.005890879131974599,0.9741643629968166,
hf_wmms_parquet_5d70e62293f5,hf_wmms_parquet,marine_mammal_whale,exact,/mnt/data/subsim/dataset/hydrophone/raw/hf_wmms_parquet/humpback_whale/55113004_5d70e62293f5.wav,9.559329,9.559329,14900,0.09449184685945511,0.12438128804420324,701.6735937833562,1259.421052631579,619.9001002782691,0.002661023987457156,60.0,74941.015625,0.4978698790073395,0.2753157615661621,0.22681431472301483,0.19545115530490875,0.1474149525165558,0.5000000000000001,12.971621944198716,0.06899328859060402,0.0014672043034806848,0.015527311109152534,0.9973389760125428,
hf_wmms_parquet_416172709e14,hf_wmms_parquet,marine_mammal_whale,exact,/mnt/data/subsim/dataset/hydrophone/raw/hf_wmms_parquet/sperm_whale/85005002_416172709e14.wav,1.673437,1.673437,81920,0.028248239308595657,0.11505832062850599,2933.146156266926,6329.69696969697,4216.190471201672,0.03759218752384186,320.0,1234.513427734375,0.015188457444310188,0.502410888671875,0.4824006259441376,0.06459995359182358,0.03887851536273956,13.146591970121381,14.939309056956116,0.06451416015625,7.203054701676592e-05,0.002549912800841284,0.9624078124761581,
hf_wmms_parquet_b836aa836688,hf_wmms_parquet,marine_mammal_whale,exact,/mnt/data/subsim/dataset/hydrophone/raw/hf_wmms_parquet/short_finned_pacific_pilot_whale/81037007_b836aa836688.wav,1.420313,1.420313,40960,0.043766383081674576,0.2574645466265578,5423.011256056726,9561.09090909091,4044.997825140791,0.15742528438568115,2480.0,336.7693176269531,0.13845369219779968,0.012838762253522873,0.8487074971199036,0.09013129025697708,0.07979871332645416,0.704070407040704,14.785478547854785,0.06793212890625,0.0002334603195777163,0.005334238361363113,0.8425747156143188,
hf_wmms_parquet_6e7d1e4b5a7c,hf_wmms_parquet,marine_mammal_whale,exact,/mnt/data/subsim/dataset/hydrophone/raw/hf_wmms_parquet/long_finned_pilot_whale/7703400p_6e7d1e4b5a7c.wav,0.721875,0.721875,81920,0.07924675196409225,0.08717341675826498,2476.4209011317134,3616.4285714285716,3678.47165662644,0.03112773969769478,40.0,4022.72509765625,0.37931299209594727,0.08254270255565643,0.5381442308425903,0.2952231168746948,0.15838678181171417,1.3852813852813852,15.238095238095237,0.060205078125,0.0009062278550118208,0.011435520479262154,0.9688722603023052,
hf_wmms_parquet_333d121a9725,hf_wmms_parquet,marine_mammal_other,exact,/mnt/data/subsim/dataset/hydrophone/raw/hf_wmms_parquet/clymene_dolphin/8303503p_333d121a9725.wav,1.351879,1.351879,166600,0.013832724653184414,0.18253101384411824,13312.837013204473,23229.60686639908,13371.193905643846,0.1287398785352707,1057.51953125,35.455902099609375,0.0006299432134255767,0.1257992684841156,0.8735707998275757,0.0232599675655365,0.026057252660393715,0.7397113083477265,14.054514858606803,0.06871848739495798,1.4654438018624205e-05,0.0010594035799151992,0.8712601214647293,
hf_wmms_parquet_0cc387295e24,hf_wmms_parquet,marine_mammal_other,exact,/mnt/data/subsim/dataset/hydrophone/raw/hf_wmms_parquet/ross_seal/66034001_0cc387295e24.wav,4.904867,4.904867,30000,0.011147234588861465,0.12407489211322165,1441.6761967645316,2197.265625,1574.2962668649864,0.053792212158441544,600.5859375,1991.89013671875,0.04905753210186958,0.6143638491630554,0.3365786671638489,0.1735222488641739,0.11292696744203568,0.5,15.087056392970247,0.0627,2.3074295313563198e-05,0.0020699569142062844,0.9462077878415585,
hf_wmms_parquet_4c402d44c81f,hf_wmms_parquet,marine_mammal_whale,exact,/mnt/data/subsim/dataset/hydrophone/raw/hf_wmms_parquet/humpback_whale/6301901v_4c402d44c81f.wav,11.193221,11.193221,14900,0.042371466755867004,0.042115866601110455,259.1054816408404,348.06306306306305,198.48692360430255,0.0015495693078264594,340.0,346769.375,0.10968086868524551,0.8725214004516602,0.01779777742922306,0.15832605957984924,0.14714185893535614,0.5000000000000001,8.308600003597576,0.07140939597315436,0.0002886138390749693,0.006811514001416876,0.9984504306921735,
hf_wmms_parquet_3ca85015468e,hf_wmms_parquet,marine_mammal_other,exact,/mnt/data/subsim/dataset/hydrophone/raw/hf_wmms_parquet/common_dolphin/75003047_3ca85015468e.wav,0.982353,0.982353,81600,0.032194025814533234,0.3069773824523759,10841.543701701192,21478.368506493505,8837.27112812215,0.10294999927282333,10638.28125,1635.2598876953125,0.011081604287028313,0.012573909945786,0.9763445258140564,0.06935320049524307,0.11231155693531036,2.035928143712575,14.251497005988025,0.06223039215686275,0.0002649175876285881,0.008228780990191307,0.8970500007271767,
hf_wmms_parquet_f4593fbc155c,hf_wmms_parquet,marine_mammal_whale,exact,/mnt/data/subsim/dataset/hydrophone/raw/hf_wmms_parquet/sperm_whale/90039006_f4593fbc155c.wav,20.0,89.189431,160000,0.19688189029693604,0.455325142289107,43323.75117231345,64722.68625960307,22178.849011290757,0.03836704418063164,40000.0,5908.2177734375,0.04699540138244629,0.03944222629070282,0.9135623574256897,0.15544094145298004,0.10321443527936935,0.5,14.8,0.0637,0.005841197911649942,0.029668538344540554,0.9616329558193684,
hf_wmms_parquet_d93702e3ece5,hf_wmms_parquet,marine_mammal_other,exact,/mnt/data/subsim/dataset/hydrophone/raw/hf_wmms_parquet/spinner_dolphin/71003009_d93702e3ece5.wav,0.9453,0.9453,81920,0.024776959791779518,0.12150365453653245,2995.6061353293767,5515.675675675676,6977.290107063219,0.026803499087691307,40.0,14386.9716796875,0.7967532873153687,0.07649151235818863,0.12675516307353973,0.21247169375419617,0.11429688334465027,11.636513901264221,14.81010860160901,0.06407470703125,0.00012095228885300457,0.004881643666720257,0.9731965009123087,
hf_wmms_parquet_d3b141633358,hf_wmms_parquet,marine_mammal_other,exact,/mnt/data/subsim/dataset/hydrophone/raw/hf_wmms_parquet/white_sided_dolphin/6107202t_d3b141633358.wav,3.078975,3.078975,80000,0.08408154547214508,0.3001863452380469,10974.392047642219,14508.041317991632,4822.995779315142,0.03595682606101036,11718.75,125.53990936279297,0.035842422395944595,0.02325766533613205,0.9408999085426331,0.09392903745174408,0.0717635527253151,2.0,12.666552992473145,0.07367499999999999,0.0012973279226571321,0.015429401485864545,0.9640431739389896,
hf_wmms_parquet_9ff36c17350e,hf_wmms_parquet,marine_mammal_other,exact,/mnt/data/subsim/dataset/hydrophone/raw/hf_wmms_parquet/atlantic_spotted_dolphin/6102602u_9ff36c17350e.wav,1.692,1.692,80000,0.09341564029455185,0.14801380033835948,5051.4597997036735,7145.157442748092,3227.341742459799,0.007823600433766842,7500.0,8232.244140625,0.05514036864042282,0.0019309369381517172,0.9429287910461426,0.1650582253932953,0.17686761915683746,0.5910165484633569,7.683215130023641,0.0633625,0.0011399690993130207,0.012203193123831772,0.9921763995662332,
hf_wmms_parquet_c21c0243fd4e,hf_wmms_parquet,marine_mammal_whale,exact,/mnt/data/subsim/dataset/hydrophone/raw/hf_wmms_parquet/short_finned_pacific_pilot_whale/8103700l_c21c0243fd4e.wav,1.420313,1.420313,40960,0.04648975282907486,0.23217877094972067,4522.359707035524,6958.909090909091,2931.1155731231593,0.11646376550197601,3440.0,4043.42431640625,0.051542382687330246,0.003693562699481845,0.9447639584541321,0.1048978939652443,0.10208787769079208,0.704070407040704,14.785478547854785,0.06029052734375,0.0004557847569230944,0.009803983225917282,0.883536234498024,
hf_wmms_parquet_bd0b42c5e055,hf_wmms_parquet,marine_mammal_whale,exact,/mnt/data/subsim/dataset/hydrophone/raw/hf_wmms_parquet/bowhead_whale/8800600n_bd0b42c5e055.wav,5.5674,5.5674,10000,0.04899374395608902,0.1825480933306989,719.7946631882814,1292.1818181818182,720.1038587635622,0.10588695853948593,220.0,9068.2626953125,0.05672214925289154,0.9286370277404785,0.014640825800597668,0.08369073271751404,0.16458067297935486,0.5,9.340086934655314,0.072,0.0005217393045313656,0.010649100525739143,0.8941130414605141,
hf_wmms_parquet_81e63b1c03fa,hf_wmms_parquet,marine_mammal_orca,exact,/mnt/data/subsim/dataset/hydrophone/raw/hf_wmms_parquet/false_killer_whale/6102300j_81e63b1c03fa.wav,1.093738,1.093738,81920,0.03641675040125847,0.17443469720306257,6430.110823942429,10731.162790697674,4844.773446140466,0.07283805310726166,3600.0,6197.10205078125,1.823200727812946e-05,0.0034774383530020714,0.9965041279792786,0.06131453812122345,0.07198284566402435,0.914295918481233,12.800142858737264,0.070068359375,0.0001881314383354038,0.005166068807823567,0.9271619468927383,
hf_wmms_parquet_1f247bdd5d19,hf_wmms_parquet,marine_mammal_whale,exact,/mnt/data/subsim/dataset/hydrophone/raw/hf_wmms_parquet/humpback_whale/55113003_1f247bdd5d19.wav,9.144832,9.144832,14900,0.08396255970001221,0.11509867382960141,638.0156461903858,1252.8176795580112,633.4228574772933,0.0024700784124433994,60.0,42076.74609375,0.3331339955329895,0.3956281542778015,0.2712378203868866,0.16660642623901367,0.12824609875679016,0.5000000000000001,10.825786375845821,0.07446308724832215,0.001411985489539802,0.01681684663459325,0.9975299215875566,
hf_wmms_parquet_9c1188ee0afa,hf_wmms_parquet,marine_mammal_orca,exact,/mnt/data/subsim/dataset/hydrophone/raw/hf_wmms_parquet/false_killer_whale/61023008_9c1188ee0afa.wav,0.984363,0.984363,81920,0.024598486721515656,0.16213199732136213,6355.761171619959,10561.558441558442,5164.660538286531,0.06838008016347885,3680.0,380.2431640625,2.0556108211167157e-05,0.011403519660234451,0.9885759353637695,0.027831818908452988,0.030676046386361122,1.0158856136608836,12.190627363930604,0.07037353515625,8.318624168168753e-05,0.0033817625701968463,0.9316199198365211,
hf_wmms_parquet_6315add456e5,hf_wmms_parquet,marine_mammal_other,exact,/mnt/data/subsim/dataset/hydrophone/raw/hf_wmms_parquet/ross_seal/6608500c_6315add456e5.wav,4.25285,4.25285,20000,0.06288021057844162,0.1653969149736644,1315.2058954926329,2501.5476190476193,1099.0822542428348,0.045500315725803375,650.0,577.5264282226562,0.006091035902500153,0.5456085205078125,0.44830045104026794,0.2119499146938324,0.12060648202896118,0.5,15.048732026758529,0.06705,0.000244624592596665,0.0038903271846968627,0.9544996842741966,
hf_wmms_parquet_24d1ae8cd058,hf_wmms_parquet,marine_mammal_other,exact,/mnt/data/subsim/dataset/hydrophone/raw/hf_wmms_parquet/atlantic_spotted_dolphin/6102500o_24d1ae8cd058.wav,1.330165,1.330165,60600,0.003171185264363885,0.37731214410659125,12435.704486943037,16214.465807629873,4829.946465435521,0.20995959639549255,11687.988281250002,132.7891387939453,3.332652704557404e-05,9.782004781300202e-05,0.9998685717582703,0.08303821831941605,0.06961172074079514,0.7517864231838032,15.035728463676064,0.06668316831683169,1.5510009916397394e-06,0.000489091888947638,0.7900404036045074,
hf_wmms_parquet_a170f2525415,hf_wmms_parquet,marine_mammal_other,exact,/mnt/data/subsim/dataset/hydrophone/raw/hf_wmms_parquet/leopard_seal/6608400t_a170f2525415.wav,6.794,6.794,5000,0.048326410353183746,0.11887309017044953,248.88898931718515,346.86567164179104,167.2539858892343,0.019123924896121025,330.0,1571.9080810546875,0.3797743320465088,0.6153514385223389,0.0048741428181529045,0.22377604246139526,0.12315300107002258,0.5,13.688548719458346,0.0681,0.00029530338360928,0.006110600424178097,0.980876075103879,
hf_wmms_parquet_51a3d1c621f5,hf_wmms_parquet,marine_mammal_other,exact,/mnt/data/subsim/dataset/hydrophone/raw/hf_wmms_parquet/spinner_dolphin/7100800l_51a3d1c621f5.wav,1.099838,1.099838,80000,0.02467946894466877,0.25992771577296386,10028.477147959238,12620.907738095239,4790.297934975992,0.10432199388742447,11367.1875,308.0417785644531,0.04402842000126839,0.010149077512323856,0.9458224177360535,0.07763063907623291,0.04681870713829994,0.9092252264539079,16.366054076170343,0.05885,0.000155825779074803,0.006313984284582847,0.8956780061125755,
hf_wmms_parquet_59085d7015df,hf_wmms_parquet,marine_mammal_whale,exact,/mnt/data/subsim/dataset/hydrophone/raw/hf_wmms_parquet/northern_right_whale/81014029_59085d7015df.wav,3.887114,3.887114,14900,0.01642097719013691,0.15504946734119515,776.3124814934242,1665.657894736842,1204.3199863697928,0.12392407655715942,130.0,1012.5133056640625,0.754357635974884,0.16596363484859467,0.07967869192361832,0.15372177958488464,0.13725712895393372,0.5000000000000001,14.406574812666184,0.06422818791946308,4.519628782873042e-05,0.0027523506855076053,0.8760759234428406,
hf_wmms_parquet_5637ce3b9d0b,hf_wmms_parquet,marine_mammal_other,exact,/mnt/data/subsim/dataset/hydrophone/raw/hf_wmms_parquet/common_dolphin/58014036_5637ce3b9d0b.wav,1.766515,1.766515,43900,0.04540128633379936,0.08544275232433687,696.548026352393,843.5177364864865,1889.68557077891,0.00721746776252985,171.484375,4813.07470703125,0.6977956891059875,0.23199017345905304,0.0702141523361206,0.28852295875549316,0.15206286311149597,2.2643455834945194,14.718246292714378,0.07079726651480638,0.00020630215294659138,0.004543971539160203,0.9927825322374701,
hf_wmms_parquet_3bf8d5a2cac8,hf_wmms_parquet,marine_mammal_whale,exact,/mnt/data/subsim/dataset/hydrophone/raw/hf_wmms_parquet/beluga_white_whale/62018001_3bf8d5a2cac8.wav,1.8635,1.8635,40000,0.02806643210351467,0.021760420719354967,328.5079376115346,536.4216549295775,641.0296784047002,0.0029657052364200354,19.53125,74958.015625,0.6089245080947876,0.3049415349960327,0.0861339345574379,0.07170592248439789,0.0493638701736927,1.0732492621411323,14.488865038905287,0.06283749999999999,0.00012328072625678033,0.004392461635226866,0.99703429476358,
hf_wmms_parquet_0e36eceeaa1e,hf_wmms_parquet,marine_mammal_orca,exact,/mnt/data/subsim/dataset/hydrophone/raw/hf_wmms_parquet/killer_whale/9761900t_0e36eceeaa1e.wav,3.059087,3.059087,21900,0.006184705067425966,0.27129700117922767,2569.543628222654,4711.928558349609,2304.6840422561722,0.22084254026412964,1293.896484375,56.3632698059082,0.033307481557130814,0.053501468151807785,0.9131909608840942,0.08010467886924744,0.08408234268426895,0.5,9.153058482849211,0.07050228310502284,3.691156507557025e-06,0.0005968201339787477,0.7791574597358704,
hf_wmms_parquet_6e49136c5b16,hf_wmms_parquet,marine_mammal_whale,exact,/mnt/data/subsim/dataset/hydrophone/raw/hf_wmms_parquet/sperm_whale/9357000r_6e49136c5b16.wav,8.215074,8.215074,81600,0.03763202205300331,0.13841745120825122,4419.87843420888,7463.228608346095,4493.775054296149,0.0023394394665956497,2868.75,142774.34375,2.3605705791851506e-05,6.394351657945663e-05,0.9999125003814697,0.06068144366145134,0.0589793398976326,2.0,15.337659431640189,0.062120098039215685,0.0001236540119862184,0.00328587211733588,0.9976605605334044,
hf_wmms_parquet_447a6b9d5510,hf_wmms_parquet,marine_mammal_other,exact,/mnt/data/subsim/dataset/hydrophone/raw/hf_wmms_parquet/atlantic_spotted_dolphin/6102603i_447a6b9d5510.wav,1.3113,1.3113,80000,0.1012105643749237,0.1634938943595512,5882.166245268271,8851.717202970298,3543.4533383265075,0.010810491628944874,39.0625,13150.134765625,0.11278750747442245,0.004063354339450598,0.8831491470336914,0.11374615877866745,0.11726973205804825,0.7626019980172347,6.863417982155114,0.063475,0.0008931640768423676,0.00882481075320272,0.9891895083710551,
hf_wmms_parquet_c592b784a3fa,hf_wmms_parquet,marine_mammal_whale,exact,/mnt/data/subsim/dataset/hydrophone/raw/hf_wmms_parquet/sperm_whale/84016002_c592b784a3fa.wav,20.0,43.962325,40000,0.04730575904250145,0.07034883793604742,1028.2046559449977,1814.4781650641025,2418.846239344768,0.0636114776134491,19.53125,6566.9384765625,0.8428224921226501,0.031142394989728928,0.12603503465652466,0.07423276454210281,0.04022569954395294,1.0,14.85,0.0632875,0.00030398659873753786,0.006425995584554467,0.9363885223865509,
hf_wmms_parquet_9e7d8842d7d7,hf_wmms_parquet,marine_mammal_other,exact,/mnt/data/subsim/dataset/hydrophone/raw/hf_wmms_parquet/atlantic_spotted_dolphin/61025007_9e7d8842d7d7.wav,1.763986,1.763986,43900,0.06337527185678482,0.08993000852294739,1444.7948087313744,2659.745829814189,3114.4336042114296,0.026007333770394325,21.435546875,43375.41015625,0.8740889430046082,0.011938919313251972,0.11397210508584976,0.26693108677864075,0.1993691325187683,1.133795632691538,13.038649775952685,0.07043280182232346,0.00027892793877981603,0.00440121092349292,0.9739926662296057,
hf_wmms_parquet_871608270f6e,hf_wmms_parquet,marine_mammal_whale,exact,/mnt/data/subsim/dataset/hydrophone/raw/hf_wmms_parquet/humpback_whale/55113001_871608270f6e.wav,20.0,38.383356,14900,0.06309787929058075,0.10526209819496038,566.5756483587816,1098.1453634085212,588.1550948960104,0.002804229035973549,60.0,67075.03125,0.42339566349983215,0.4191117584705353,0.15749254822731018,0.16501031816005707,0.1178552657365799,0.5000000000000001,14.3,0.06543624161073826,0.0006556689040735364,0.010391298589349314,0.9971957709640265,
hf_wmms_parquet_eb88ea339ab5,hf_wmms_parquet,marine_mammal_orca,exact,/mnt/data/subsim/dataset/hydrophone/raw/hf_wmms_parquet/false_killer_whale/95003008_eb88ea339ab5.wav,2.248,2.248,80000,0.011349968612194061,0.27090897969850813,9585.426583778264,12722.47665229885,4917.544302264073,0.06081583723425865,6289.0625,315.3515319824219,0.0002800351066980511,0.000293588760541752,0.9994264841079712,0.043424516916275024,0.04745388403534889,1.5,15.124555160142346,0.0625375,1.7672085959929973e-05,0.0015570162845548845,0.9391841627657413,
hf_wmms_parquet_8492a0e47660,hf_wmms_parquet,marine_mammal_other,exact,/mnt/data/subsim/dataset/hydrophone/raw/hf_wmms_parquet/spinner_dolphin/71001037_8492a0e47660.wav,1.1867,1.1867,80000,0.03369124233722687,0.18074472007162795,5913.250233904908,10719.436813186812,5366.04059989788,0.06687073409557343,39.0625,1271.6458740234375,0.273660272359848,0.08828316628932953,0.6380565166473389,0.12598943710327148,0.06948690116405487,1.6853459172495153,17.69613213111991,0.054275000000000004,0.00014404866669792682,0.004275552241494101,0.9331292659044266,
hf_wmms_parquet_ec3ef11fe13c,hf_wmms_parquet,marine_mammal_whale,exact,/mnt/data/subsim/dataset/hydrophone/raw/hf_wmms_parquet/melon_headed_whale/9101204m_ec3ef11fe13c.wav,6.940842,6.940842,60600,0.026400523260235786,0.08804034102526306,1636.9849151470496,2863.7759779951107,2506.71120881715,0.02754053846001625,59.17968750000001,3340.37939453125,0.31344419717788696,0.32799282670021057,0.35856300592422485,0.0973835289478302,0.06027715653181076,0.5000000000000001,14.407474769088122,0.06671617161716172,7.198123057605699e-05,0.0027265077234945537,0.9724594615399837,
hf_wmms_parquet_57bb6fc2fc6a,hf_wmms_parquet,marine_mammal_other,exact,/mnt/data/subsim/dataset/hydrophone/raw/hf_wmms_parquet/white_beaked_dolphin/72005005_57bb6fc2fc6a.wav,2.506469,2.506469,60600,0.003401366528123617,0.2550644870334648,6203.2385791995175,10586.72273596939,5055.735176544027,0.09789951890707016,2189.6484375000005,88.28081512451172,0.020883547142148018,0.004938592668622732,0.9741777777671814,0.18648137152194977,0.10609912872314453,0.5000000000000001,14.362836752429358,0.07181518151815182,1.129923134612909e-06,0.0003321968170551854,0.9021004810929298,
hf_wmms_parquet_b12c2d98a425,hf_wmms_parquet,marine_mammal_other,exact,/mnt/data/subsim/dataset/hydrophone/raw/hf_wmms_parquet/narwhal/75014012_b12c2d98a425.wav,1.417969,1.417969,81920,0.05933206528425217,0.14736697113439337,4327.848073677613,10570.0,6874.638461539239,0.059963408857584,40.0,516.7440185546875,0.2578064799308777,0.4065778851509094,0.3356155455112457,0.2417636215686798,0.12285412847995758,0.7052341597796143,15.515151515151516,0.06053466796875,0.00035248036147095263,0.00594080721404732,0.940036591142416,
hf_wmms_parquet_f9ef8cbc0b4f,hf_wmms_parquet,marine_mammal_whale,exact,/mnt/data/subsim/dataset/hydrophone/raw/hf_wmms_parquet/minke_whale/64104003_f9ef8cbc0b4f.wav,0.708594,0.708594,1280,0.019678430631756783,0.3189845474613687,207.96897706766975,401.53846153846155,168.27859752089338,0.218263640999794,20.0,11.78478717803955,0.6331680417060852,0.3668319582939148,0.0,0.29906225204467773,0.16295315325260162,5.644983461962513,11.289966923925027,0.07109375,5.8938752772519365e-05,0.002995094165406144,0.781736359000206,
hf_wmms_parquet_f8cb8bd3e8c5,hf_wmms_parquet,marine_mammal_other,exact,/mnt/data/subsim/dataset/hydrophone/raw/hf_wmms_parquet/rough_toothed_dolphin/8501300y_f8cb8bd3e8c5.wav,0.958594,0.958594,81920,0.020284369587898254,0.06083257987698499,1130.8624873150582,1756.8,2807.3666241378505,0.01516996044665575,80.0,7044.287109375,0.7184499502182007,0.12892504036426544,0.15262503921985626,0.07510851323604584,0.04174721986055374,4.172779136104319,14.604726976365118,0.07838134765625,7.62896379455924e-05,0.0037610061092234357,0.9848300395533442,
hf_wmms_parquet_a1c7c00b7fed,hf_wmms_parquet,marine_mammal_other,exact,/mnt/data/subsim/dataset/hydrophone/raw/hf_wmms_parquet/common_dolphin/7500303r_a1c7c00b7fed.wav,2.910221,2.910221,81600,0.09411493688821793,0.28281109852488495,10442.927931933324,16836.582880434784,5601.090014595271,0.014564597979187965,7251.5625,1256.189697265625,0.0028638860676437616,0.0010396172292530537,0.9960964918136597,0.20453329384326935,0.18732085824012756,0.5,9.621263801510903,0.07605392156862745,0.002013863530009985,0.02139791617116516,0.985435402020812,
hf_wmms_parquet_27569b03e1be,hf_wmms_parquet,marine_mammal_other,exact,/mnt/data/subsim/dataset/hydrophone/raw/hf_wmms_parquet/narwhal/7501400u_27569b03e1be.wav,1.417969,1.417969,81920,0.08760309964418411,0.1682693549359068,5270.008415214075,12726.42857142857,7193.762628531591,0.054790109395980835,840.0,921.0083618164062,0.0589776374399662,0.4034299850463867,0.537592351436615,0.15946151316165924,0.1217951774597168,0.7052341597796143,16.22038567493113,0.056787109375,0.0006037726998329163,0.006892138546219899,0.9452098906040192,
hf_wmms_parquet_e2c260c17a2a,hf_wmms_parquet,marine_mammal_orca,exact,/mnt/data/subsim/dataset/hydrophone/raw/hf_wmms_parquet/killer_whale/9750400c_e2c260c17a2a.wav,3.284749,3.284749,21900,0.013889416120946407,0.2671717522763606,2851.0244395449677,4319.497282608696,1639.7436276064677,0.16238722205162048,2224.21875,850.7839965820312,0.010398178361356258,0.01087658666074276,0.9787251949310303,0.07031939178705215,0.0957295298576355,0.5,8.219806494661922,0.08212328767123288,3.1479965400649235e-05,0.0022664714718215063,0.8376127779483795,
hf_wmms_parquet_2e5e405980ce,hf_wmms_parquet,marine_mammal_other,exact,/mnt/data/subsim/dataset/hydrophone/raw/hf_wmms_parquet/clymene_dolphin/8300600b_2e5e405980ce.wav,1.417969,1.417969,81920,0.007102189585566521,0.2244940125173254,8665.101739577223,12694.285714285714,6098.200360047502,0.06544122844934464,40.0,997.705078125,0.26660221815109253,0.011269849725067616,0.7221278548240662,0.10912103205919266,0.06279940158128738,1.4104683195592287,14.104683195592287,0.0743896484375,9.189609045279212e-06,0.001293912100383937,0.9345587715506554,
hf_wmms_parquet_223746d520cf,hf_wmms_parquet,marine_mammal_whale,exact,/mnt/data/subsim/dataset/hydrophone/raw/hf_wmms_parquet/fin_finback_whale/61039001_223746d520cf.wav,20.0,72.31,600,0.007501685060560703,0.32794399533294444,91.40200596755903,143.5735887096774,50.502672078761556,0.19075335562229156,18.75,51.75682830810547,0.983159601688385,0.016840314492583275,0.0,0.14277982711791992,0.11609825491905212,0.5,10.4,0.08166666666666667,7.620153610332636e-06,0.0010157922583792509,0.8092466443777084,
hf_wmms_parquet_92fa05f83145,hf_wmms_parquet,marine_mammal_whale,exact,/mnt/data/subsim/dataset/hydrophone/raw/hf_wmms_parquet/bowhead_whale/8800601b_92fa05f83145.wav,4.3098,4.3098,10000,0.03133450075984001,0.20560595865141426,800.8985470238996,1469.5294117647059,786.7132165174976,0.13136745989322662,230.0,917.1931762695312,0.06467846781015396,0.857552170753479,0.077769435942173,0.11124055087566376,0.14468522369861603,0.5,9.049143811777808,0.0615,0.00011284180072834715,0.003601199891123528,0.8686325401067734,
hf_wmms_parquet_1b5e406eefbd,hf_wmms_parquet,marine_mammal_other,exact,/mnt/data/subsim/dataset/hydrophone/raw/hf_wmms_parquet/clymene_dolphin/8303503o_1b5e406eefbd.wav,0.585437,0.585437,81920,0.0508563295006752,0.09391550940406189,3341.1183628829895,6790.222222222223,7366.339819296434,0.07482101768255234,40.0,5759.77099609375,0.7834627032279968,0.051587946712970734,0.16494937241077423,0.19650642573833466,0.11262105405330658,5.124377072082403,13.665005525553077,0.07740478515625,0.0003184078086633235,0.006260927829107982,0.9251789823174477,
hf_wmms_parquet_4b0cc0f7002f,hf_wmms_parquet,marine_mammal_other,exact,/mnt/data/subsim/dataset/hydrophone/raw/hf_wmms_parquet/pantropical_spotted_dolphin/9004401s_4b0cc0f7002f.wav,1.051815,1.051815,60600,0.033545468002557755,0.35163714523290296,10563.175597311618,17340.61859631148,6267.901829801453,0.14445608854293823,11895.117187500002,42.97779083251953,3.5576135815063026e-06,2.3229760699905455e-05,0.9999732971191406,0.10584257543087006,0.07337316870689392,0.9507373705679323,15.211797929086917,0.0663036303630363,9.163258073385805e-05,0.0027315934517336206,0.8555439114570618,
hf_wmms_parquet_bb5937ff1393,hf_wmms_parquet,marine_mammal_other,exact,/mnt/data/subsim/dataset/hydrophone/raw/hf_wmms_parquet/pantropical_spotted_dolphin/90028009_bb5937ff1393.wav,0.708984,0.708984,81920,0.01594124175608158,0.2987826925394721,14433.9119938925,28909.81818181818,11007.819194412585,0.2802584171295166,31480.0,57.306739807128906,9.924579899234232e-06,3.749644383788109e-05,0.9999526739120483,0.07174251228570938,0.05520612746477127,1.4104683195592287,18.336088154269973,0.05455322265625,1.1008740329998545e-05,0.0006905823584983981,0.7197415828704834,
hf_wmms_parquet_489a14e9afcc,hf_wmms_parquet,marine_mammal_whale,exact,/mnt/data/subsim/dataset/hydrophone/raw/hf_wmms_parquet/short_finned_pacific_pilot_whale/5702100i_489a14e9afcc.wav,1.041867,1.041867,30000,0.09041811525821686,0.24322508398656215,3443.0821859397383,5090.584590517241,1690.6115670043137,0.041815295815467834,3017.578125,6906.29443359375,2.726868387981085e-06,0.006841341033577919,0.9931558966636658,0.09292919188737869,0.12646476924419403,0.9598157153826465,13.43742001535705,0.0602,0.002408993663266301,0.026642821036028375,0.9581847041845322,
hf_wmms_parquet_a380d276ce6d,hf_wmms_parquet,marine_mammal_whale,exact,/mnt/data/subsim/dataset/hydrophone/raw/hf_wmms_parquet/fin_finback_whale/6000900m_a380d276ce6d.wav,5.998333,5.998333,600,0.007008305750787258,0.23235130628126738,59.32381085637977,103.4659090909091,43.54236793540424,0.0424693264067173,18.75,3361.4580078125,0.9995570778846741,0.00044292659731581807,0.0,0.1466180384159088,0.1605352759361267,0.5,9.669352597943874,0.08,8.07902051747078e-06,0.0011527779756769984,0.9575306735932827,
hf_wmms_parquet_534b669a443d,hf_wmms_parquet,marine_mammal_other,exact,/mnt/data/subsim/dataset/hydrophone/raw/hf_wmms_parquet/ross_seal/6608500d_534b669a443d.wav,3.05515,3.05515,20000,0.06578448414802551,0.16575562174724232,1316.8269463572526,2447.0,1126.5676831025617,0.04900345951318741,450.0,701.4305419921875,0.005770131014287472,0.5424601435661316,0.4517696797847748,0.1855662763118744,0.10601718723773956,0.5,14.074595355383533,0.06812499999999999,0.00024800500250421464,0.003769961955502974,0.9509965404868126,
hf_wmms_parquet_198dc8d42774,hf_wmms_parquet,marine_mammal_whale,exact,/mnt/data/subsim/dataset/hydrophone/raw/hf_wmms_parquet/bowhead_whale/88006013_198dc8d42774.wav,3.6912,3.6912,10000,0.023626159876585007,0.22077429492563191,963.6082265216833,1595.4166666666667,718.3262259459464,0.09596913307905197,650.0,568.1329345703125,0.03519059717655182,0.7465969920158386,0.21821239590644836,0.16724109649658203,0.15587805211544037,0.5,9.211096662332034,0.0643,0.0001277652772841975,0.005407788567680568,0.904030866920948,
hf_wmms_parquet_a5c2ebed2a55,hf_wmms_parquet,marine_mammal_other,exact,/mnt/data/subsim/dataset/hydrophone/raw/hf_wmms_parquet/spinner_dolphin/7100300a_a5c2ebed2a55.wav,0.9453,0.9453,81920,0.025434521958231926,0.14931945556445156,4100.6178786767405,8725.945945945947,7229.7256563092,0.03561549261212349,40.0,6008.99609375,0.6910229325294495,0.08100561052560806,0.22797146439552307,0.22141873836517334,0.10960987210273743,11.636513901264221,15.867973501723938,0.065521240234375,0.00011323910439386964,0.004452181353177249,0.9643845073878765,
hf_wmms_parquet_2e6a0a671fdf,hf_wmms_parquet,marine_mammal_other,exact,/mnt/data/subsim/dataset/hydrophone/raw/hf_wmms_parquet/pantropical_spotted_dolphin/94008011_2e6a0a671fdf.wav,0.6938,0.6938,80000,0.051523759961128235,0.10844458858079743,5068.345078790985,9718.455188679245,5323.5504813621155,0.08237601071596146,39.0625,2932.053466796875,0.7541077733039856,0.007553389295935631,0.23833903670310974,0.11138314008712769,0.08050768822431564,4.324012683770539,14.413375612568464,0.077575,0.0002547571202740073,0.004944459031352966,0.9176239892840385,
hf_wmms_parquet_7a71a378b5df,hf_wmms_parquet,marine_mammal_other,exact,/mnt/data/subsim/dataset/hydrophone/raw/hf_wmms_parquet/striped_dolphin/5801100z_7a71a378b5df.wav,0.769835,0.769835,60600,0.054450228810310364,0.28912563503461874,7319.916562594665,11285.162908380684,3969.0275621973474,0.012934770435094833,14499.023437500002,135.6624755859375,8.11475001682993e-06,0.0038351942785084248,0.9961568117141724,0.13384275138378143,0.07906284928321838,1.2989796793277888,15.587756151933464,0.0632013201320132,0.0003499545273371041,0.00642705338392282,0.9870652295649052,
hf_wmms_parquet_6d5c2d3ccd49,hf_wmms_parquet,marine_mammal_whale,exact,/mnt/data/subsim/dataset/hydrophone/raw/hf_wmms_parquet/humpback_whale/6301901u_6d5c2d3ccd49.wav,14.027651,14.027651,14900,0.04370579123497009,0.033735066575443395,211.12066765383895,258.35125448028674,178.84319519022804,0.0016788749489933252,310.0,247068.6875,0.2977793514728546,0.6900162100791931,0.012204492464661598,0.20234252512454987,0.18419496715068817,0.5000000000000001,6.701050657378524,0.06657718120805368,0.0003205664688721299,0.007334645130696137,0.9983211250510067,
hf_wmms_parquet_1c2463862390,hf_wmms_parquet,marine_mammal_orca,exact,/mnt/data/subsim/dataset/hydrophone/raw/hf_wmms_parquet/false_killer_whale/6102300v_1c2463862390.wav,0.639844,0.639844,81920,0.014243808574974537,0.13784222073833827,4748.138267658673,7904.8,4467.252523764735,0.05704730004072189,3720.0,19199.38671875,4.0869763324735686e-05,0.02257765829563141,0.9773814082145691,0.256626158952713,0.1622789204120636,1.5628815628815629,15.628815628815628,0.06204833984375,2.0135223167017102e-05,0.001413612311596197,0.9429526999592781,
hf_wmms_parquet_fb1b135f6280,hf_wmms_parquet,marine_mammal_whale,exact,/mnt/data/subsim/dataset/hydrophone/raw/hf_wmms_parquet/beluga_white_whale/6503300d_fb1b135f6280.wav,1.314844,1.314844,81920,0.028050413355231285,0.10887467389588808,3212.1959663949674,6332.307692307692,3971.152867782642,0.025892235338687897,120.0,1714.5318603515625,0.39455556869506836,0.0742516741156578,0.5311927199363708,0.17697542905807495,0.10735200345516205,0.7605466428995841,12.929292929292929,0.0535400390625,6.268760625971481e-05,0.0022348193398650583,0.9741077646613121,
hf_wmms_parquet_cfa5b45477cc,hf_wmms_parquet,marine_mammal_other,exact,/mnt/data/subsim/dataset/hydrophone/raw/hf_wmms_parquet/bearded_seal/71012008_cfa5b45477cc.wav,0.836719,0.836719,5120,0.027072353288531303,0.14545879056735933,301.9255584680354,468.6666666666667,251.6860152406591,0.03679235652089119,330.0,3738.139892578125,0.16339722275733948,0.8278959393501282,0.008706782944500446,0.24678419530391693,0.1922222077846527,1.1951447245564892,10.756302521008404,0.067578125,0.00014025664131622761,0.0051808071435911675,0.9632076434791088,
hf_wmms_parquet_4cab33875e38,hf_wmms_parquet,marine_mammal_other,exact,/mnt/data/subsim/dataset/hydrophone/raw/hf_wmms_parquet/narwhal/7501400n_4cab33875e38.wav,1.417969,1.417969,81920,0.0715121179819107,0.1664442703535671,4866.554564810857,11272.142857142857,6775.99248364837,0.06631450355052948,40.0,401.80859375,0.14706546068191528,0.13593359291553497,0.7170009613037109,0.1714315265417099,0.10353484749794006,2.8209366391184574,14.104683195592287,0.069580078125,0.0004588281735777855,0.0064160898393113164,0.9336854964494705,
hf_wmms_parquet_26993e818e22,hf_wmms_parquet,marine_mammal_other,exact,/mnt/data/subsim/dataset/hydrophone/raw/hf_wmms_parquet/harp_seal/67010005_26993e818e22.wav,0.708984,0.708984,10240,0.016193412244319916,0.13142306102768977,402.71748261372613,615.3846153846154,618.0734634605744,0.06169692054390907,50.0,469.6555480957031,0.47194090485572815,0.4651780426502228,0.06288108229637146,0.3002723157405853,0.16107168793678284,1.4104683195592287,15.515151515151516,0.058251953125000006,3.896704947692342e-05,0.0024063519711965188,0.9383030794560909,
hf_wmms_parquet_575cee244dde,hf_wmms_parquet,marine_mammal_other,exact,/mnt/data/subsim/dataset/hydrophone/raw/hf_wmms_parquet/grampus_rissos_dolphin/5903002q_575cee244dde.wav,0.707812,0.707812,81920,0.02638288587331772,0.19628166876498285,6581.803385544875,10605.818181818182,4212.136916494696,0.015487517230212688,12280.0,9418.1259765625,5.831701128045097e-05,0.06879852712154388,0.931143045425415,0.052216608077287674,0.04389043524861336,4.2384105960264895,15.540838852097131,0.061053466796875,5.496889934875071e-05,0.0020835059367883594,0.9845124827697873,
hf_wmms_parquet_78fdcb80bc7b,hf_wmms_parquet,marine_mammal_orca,exact,/mnt/data/subsim/dataset/hydrophone/raw/hf_wmms_parquet/false_killer_whale/6102101f_78fdcb80bc7b.wav,0.644531,0.644531,81920,0.02777114138007164,0.14918843159908332,5941.856253270654,7663.2,4429.07006221773,0.04319437965750694,4800.0,573.2125854492188,3.208013731637038e-05,0.018582329154014587,0.9813854694366455,0.18345656991004944,0.100862517952919,1.5515151515151515,15.515151515151516,0.06085205078125,0.00024436673265881836,0.008799304620060549,0.9568056203424931,
hf_wmms_parquet_aad1d625922d,hf_wmms_parquet,marine_mammal_other,exact,/mnt/data/subsim/dataset/hydrophone/raw/hf_wmms_parquet/atlantic_spotted_dolphin/61025008_aad1d625922d.wav,3.527995,3.527995,43900,0.03523768484592438,0.1424346905306112,1854.8302090244592,3612.0325520833335,4039.7182298663056,0.029829896986484528,21.435546875,4297.33935546875,0.7946662902832031,0.02113465406000614,0.1841992288827896,0.06840343773365021,0.03738486021757126,1.0,14.455800980119966,0.06534168564920273,0.00017271030810661614,0.004901295554940259,0.9701701030135155,
hf_wmms_parquet_81535a1559cc,hf_wmms_parquet,marine_mammal_whale,exact,/mnt/data/subsim/dataset/hydrophone/raw/hf_wmms_parquet/short_finned_pacific_pilot_whale/57021009_81535a1559cc.wav,1.4212,1.4212,30000,0.1288977712392807,0.187944177319104,2494.761371705222,3357.0556640625,1253.6842960016147,0.026030581444501877,1083.984375,4768.52880859375,8.023003829293884e-06,0.006821477320045233,0.993170440196991,0.17214596271514893,0.17468903958797455,0.7036307345904869,11.25809175344779,0.05386666666666667,0.004247263539582491,0.03295063598628939,0.9739694185554981,
hf_wmms_parquet_ceb053995cc0,hf_wmms_parquet,marine_mammal_other,exact,/mnt/data/subsim/dataset/hydrophone/raw/hf_wmms_parquet/narwhal/6804000d_ceb053995cc0.wav,5.861386,5.861386,60600,0.004074645694345236,0.22094656798020265,5629.625925913496,10599.510869565218,4660.459747237131,0.1095685288310051,2160.0585937500005,22.298748016357422,0.00043061553151346743,0.0011949172476306558,0.9983744025230408,0.16060462594032288,0.08534728735685349,1.5000000000000004,14.842905405405405,0.06587458745874587,8.112494924716884e-07,0.00019909694072258545,0.8904314711689949,
hf_wmms_parquet_70e6196ac6c7,hf_wmms_parquet,marine_mammal_orca,exact,/mnt/data/subsim/dataset/hydrophone/raw/hf_wmms_parquet/killer_whale/92304008_70e6196ac6c7.wav,2.094612,2.094612,21900,0.01779889687895775,0.17451112903577423,1562.8911266033515,2342.3430686773254,940.9664219890332,0.008645492605865002,2127.978515625,24296.150390625,0.00600740360096097,0.17249563336372375,0.8214969635009766,0.21541953086853027,0.18732225894927979,1.5,10.02572375305197,0.07746575342465753,7.416947482852265e-05,0.004167082675333682,0.991354507394135,
hf_wmms_parquet_fba5c95883a6,hf_wmms_parquet,marine_mammal_whale,exact,/mnt/data/subsim/dataset/hydrophone/raw/hf_wmms_parquet/long_finned_pilot_whale/77028015_fba5c95883a6.wav,1.364062,1.364062,81920,0.13475842773914337,0.10164395085150747,3951.9347319854455,5717.777777777777,3101.159290306068,0.020885786041617393,4360.0,30186.31640625,0.0480634979903698,0.011525719426572323,0.9404107332229614,0.2516449987888336,0.19009096920490265,0.7331042382588774,11.72966781214204,0.08992919921875,0.002198515459895134,0.016314493251097906,0.9791142139583826,
hf_wmms_parquet_4656c70bee8c,hf_wmms_parquet,marine_mammal_whale,exact,/mnt/data/subsim/dataset/hydrophone/raw/hf_wmms_parquet/bowhead_whale/7202100q_4656c70bee8c.wav,2.835938,2.835938,10240,0.22570882737636566,0.07610454905471951,344.73824968445643,374.54545454545456,249.00395981454102,0.014673193916678429,260.0,70393.765625,0.00051779457135126,0.9976097345352173,0.0018725036643445492,0.28084796667099,0.2580817639827728,0.5,8.81542699724518,0.058447265625,0.006828736513853073,0.0302546275801434,0.9853268060833216,
hf_wmms_parquet_7d6765bd6267,hf_wmms_parquet,marine_mammal_other,exact,/mnt/data/subsim/dataset/hydrophone/raw/hf_wmms_parquet/pantropical_spotted_dolphin/64005018_7d6765bd6267.wav,2.502775,2.502775,55500,0.02368658222258091,0.29010172566467246,7358.945673188523,10362.364811683768,3233.9417941671327,0.04653018340468407,5853.515625,109.47116088867188,2.8898526579723693e-05,0.006452775560319424,0.9935182929039001,0.11892109364271164,0.1063678115606308,0.5,15.183148073489605,0.06255855855855856,8.251245890278369e-05,0.003483510542970583,0.9534698165953159,
hf_wmms_parquet_da00173ffb7e,hf_wmms_parquet,marine_mammal_other,exact,/mnt/data/subsim/dataset/hydrophone/raw/hf_wmms_parquet/frasers_dolphin/9101301g_da00173ffb7e.wav,0.935486,0.935486,81920,0.2028379589319229,0.2823028942766918,10116.389154398563,13419.72602739726,4709.50161671331,0.03899936005473137,10840.0,449.5224609375,0.006888399366289377,0.05923997983336449,0.9338715672492981,0.31852924823760986,0.16065815091133118,1.06896326743655,13.896522476675148,0.073785400390625,0.009455954656004906,0.04661826960668601,0.9610006399452686,
hf_wmms_parquet_69e67b41d0de,hf_wmms_parquet,marine_mammal_whale,exact,/mnt/data/subsim/dataset/hydrophone/raw/hf_wmms_parquet/short_finned_pacific_pilot_whale/8103700f_69e67b41d0de.wav,1.420313,1.420313,40960,0.034203607589006424,0.21265148259561667,3825.4269977600948,6453.818181818182,3228.1481579086408,0.0970802754163742,20.0,872.1463623046875,0.3601343333721161,0.009431833401322365,0.6304337382316589,0.1369851976633072,0.09189324080944061,0.704070407040704,15.489548954895488,0.060888671875,0.0002384017570875585,0.006970076371628544,0.9029197245836258,
hf_wmms_parquet_25437d74dcfc,hf_wmms_parquet,marine_mammal_whale,exact,/mnt/data/subsim/dataset/hydrophone/raw/hf_wmms_parquet/humpback_whale/6304300n_25437d74dcfc.wav,17.200268,17.200268,14900,0.06825457513332367,0.02441441687509511,132.08982434980067,161.9533527696793,213.54608400131687,0.0016126177506521344,60.0,495576.53125,0.6194322109222412,0.36824485659599304,0.012322776950895786,0.16058558225631714,0.11684666574001312,0.5000000000000001,9.534734903466468,0.06691275167785235,0.0006311698816716671,0.009247290462647186,0.9983873822493479,
hf_wmms_parquet_a7a1990c641f,hf_wmms_parquet,marine_mammal_orca,exact,/mnt/data/subsim/dataset/hydrophone/raw/hf_wmms_parquet/false_killer_whale/6102300f_a7a1990c641f.wav,1.171863,1.171863,81920,0.053167298436164856,0.18784766349298943,8129.121091182842,11086.521739130434,3800.5345085901236,0.06402917206287384,3560.0,1965.649658203125,9.559064892528113e-06,0.0025519223418086767,0.9974384903907776,0.04990929365158081,0.05645662918686867,0.8533422223148158,9.386764445462974,0.079193115234375,0.0002852900652214885,0.005365893577584258,0.9359708279371262,
hf_wmms_parquet_743158c605a6,hf_wmms_parquet,marine_mammal_whale,exact,/mnt/data/subsim/dataset/hydrophone/raw/hf_wmms_parquet/humpback_whale/63019007_743158c605a6.wav,3.0,3.0,5120,0.10058978199958801,0.20391952601080798,470.4308274132533,739.1525423728814,345.81992019794734,0.05674995481967926,270.0,403.5937805175781,0.038938820362091064,0.8839066028594971,0.07715459913015366,0.2686241865158081,0.18109704554080963,0.5,13.0,0.06357421875,0.0014768453547731042,0.014681862564971768,0.9432500451803207,
hf_wmms_parquet_c97cd08de848,hf_wmms_parquet,marine_mammal_whale,exact,/mnt/data/subsim/dataset/hydrophone/raw/hf_wmms_parquet/southern_right_whale/7900200y_c97cd08de848.wav,1.822266,1.822266,5120,0.027280699461698532,0.09658055525779827,243.1892253718059,337.7142857142857,181.95891012850228,0.01227694470435381,530.0,3278.175537109375,0.40596818923950195,0.5800033807754517,0.01402843277901411,0.14643840491771698,0.15288205444812775,0.5487674169346195,7.682743837084673,0.05859375,0.0001403155183652416,0.00514339885445745,0.9877230552956462,
hf_wmms_parquet_e18475e8829d,hf_wmms_parquet,marine_mammal_whale,exact,/mnt/data/subsim/dataset/hydrophone/raw/hf_wmms_parquet/sperm_whale/85005004_e18475e8829d.wav,1.410937,1.410937,81920,0.037044983357191086,0.1150255660434493,2906.515008144714,6313.873873873874,4168.120490942054,0.03652340546250343,320.0,1808.7445068359375,0.005008011590689421,0.4453769624233246,0.5496150255203247,0.03580786660313606,0.0370536744594574,4.252491694352159,15.592469545957918,0.06390380859375,0.000131266177049838,0.003543426535804166,0.9634765945374966,
hf_wmms_parquet_1f58f24b18c3,hf_wmms_parquet,marine_mammal_other,exact,/mnt/data/subsim/dataset/hydrophone/raw/hf_wmms_parquet/pantropical_spotted_dolphin/9400800v_1f58f24b18c3.wav,0.4218,0.4218,80000,0.029253151267766953,0.15271315532110363,7226.15687159556,13598.790322580646,6199.687553012643,0.09300795197486877,39.0625,606.5946044921875,0.425441712141037,0.007742606103420258,0.5668157339096069,0.09714760631322861,0.07032967358827591,4.74158368895211,16.595542911332384,0.07031875,4.839397661271505e-05,0.0016543166979888558,0.9069920480251312,
hf_wmms_parquet_7bb21d6ae784,hf_wmms_parquet,marine_mammal_other,exact,/mnt/data/subsim/dataset/hydrophone/raw/hf_wmms_parquet/white_beaked_dolphin/5903700j_7bb21d6ae784.wav,2.69868,2.69868,60600,0.08257278054952621,0.03126471361571246,428.6683115049468,589.7368225870254,1379.624647682465,0.0024957871064543724,29.589843750000004,740695.8125,0.9880493879318237,0.0021244201343506575,0.009826191700994968,0.15118682384490967,0.15390048921108246,0.5000000000000001,14.82206188088541,0.06622112211221122,0.0016061199130490422,0.01945096074445814,0.9975042128935456,
hf_wmms_parquet_012a5a5ae4d0,hf_wmms_parquet,marine_mammal_whale,exact,/mnt/data/subsim/dataset/hydrophone/raw/hf_wmms_parquet/northern_right_whale/59003001_012a5a5ae4d0.wav,2.1824,2.1824,10000,0.07016477733850479,0.06791000320762498,293.22972781813723,356.6666666666667,222.96971621700465,0.003419521963223815,190.0,6935.00244140625,0.36456429958343506,0.6135642528533936,0.021871419623494148,0.26627740263938904,0.14352378249168396,1.0,8.70601173020528,0.07035,0.0005831577000208199,0.008311259896102959,0.9965804780367762,
hf_wmms_parquet_46b38bc432f8,hf_wmms_parquet,marine_mammal_other,exact,/mnt/data/subsim/dataset/hydrophone/raw/hf_wmms_parquet/harp_seal/6700900p_46b38bc432f8.wav,1.354688,1.354688,10240,0.021628431975841522,0.15103453247783144,605.3751748112777,1113.076923076923,655.0992154461408,0.058903757482767105,20.0,131.63487243652344,0.21753473579883575,0.4596222937107086,0.3228430449962616,0.10788203030824661,0.0923721194267273,2.2145328719723185,8.858131487889272,0.06669921875,5.934125147177838e-05,0.002743668682746746,0.9410962425172329,
hf_wmms_parquet_d0f52315fe54,hf_wmms_parquet,marine_mammal_whale,exact,/mnt/data/subsim/dataset/hydrophone/raw/hf_wmms_parquet/minke_whale/64104005_d0f52315fe54.wav,1.335938,1.335938,1280,0.09837328642606735,0.09069631363370392,52.36783875213159,71.2,41.40459218802204,0.026926131919026375,30.0,11085.5546875,0.9984843730926514,0.00151561398524791,0.0,0.06465930491685867,0.1403840184211731,0.7485380116959064,1.4970760233918128,0.05234375,0.003743705339729786,0.03805611742477791,0.9730738680809736,
hf_wmms_parquet_e11e874f355c,hf_wmms_parquet,marine_mammal_other,exact,/mnt/data/subsim/dataset/hydrophone/raw/hf_wmms_parquet/bearded_seal/7801800b_e11e874f355c.wav,2.751562,2.751562,10240,0.14729154109954834,0.07637976929902396,315.2289620618783,477.77777777777777,383.2059344136546,0.011134450323879719,150.0,6915.14306640625,0.7203183174133301,0.2125633955001831,0.0671183317899704,0.31351128220558167,0.12775494158267975,0.5,11.266325951164111,0.069921875,0.001183789107017219,0.008037047464993983,0.9888655496761203,
hf_wmms_parquet_de45d26f07fd,hf_wmms_parquet,marine_mammal_other,exact,/mnt/data/subsim/dataset/hydrophone/raw/hf_wmms_parquet/atlantic_spotted_dolphin/61026004_de45d26f07fd.wav,1.612188,1.612188,80000,0.077369324862957,0.13833020608804875,4763.189572124792,6449.407762096775,2849.1057818146733,0.0038068462163209915,7812.5,7248.23583984375,0.08924394100904465,0.007426477037370205,0.9033296704292297,0.12129103392362595,0.12144549190998077,0.6202752471409188,8.683853459972863,0.0767125,0.0006434315582737327,0.008316365166752016,0.996193153783679,
hf_wmms_parquet_6cb742446052,hf_wmms_parquet,marine_mammal_other,exact,/mnt/data/subsim/dataset/hydrophone/raw/hf_wmms_parquet/bottlenose_dolphin/5600600a_6cb742446052.wav,1.18099,1.18099,60600,0.03503841906785965,0.20566741654673243,5012.505165068872,7080.675551470589,4207.791857795473,0.05965521186590195,7575.000000000001,1309.1103515625,3.244994513806887e-05,0.06632504612207413,0.933642566204071,0.17960409820079803,0.13256525993347168,0.8467471495640511,15.241448692152918,0.06103960396039604,0.0002577938139438629,0.007357461346564487,0.940344788134098,
hf_wmms_parquet_46b32cb87e4c,hf_wmms_parquet,marine_mammal_orca,exact,/mnt/data/subsim/dataset/hydrophone/raw/hf_wmms_parquet/false_killer_whale/61023005_46b32cb87e4c.wav,1.015613,1.015613,81920,0.013068211264908314,0.1704968869443977,6109.206746881242,10683.5,5683.922605465332,0.07108042389154434,3560.0,905.63720703125,3.997626117779873e-05,0.025175435468554497,0.9747846722602844,0.03290287032723427,0.03278811648488045,0.9846272190771524,16.73866272431159,0.060156249999999994,2.3906630303827114e-05,0.0018293728053045421,0.9289195761084557,
hf_wmms_parquet_82adc9f3109d,hf_wmms_parquet,marine_mammal_whale,exact,/mnt/data/subsim/dataset/hydrophone/raw/hf_wmms_parquet/northern_right_whale/7001800u_82adc9f3109d.wav,2.0602,2.0602,10000,0.14320272207260132,0.08023882335808942,243.8079689533933,340.75,342.8902040358991,0.009740402922034264,20.0,4220.38720703125,0.4417107403278351,0.5184334516525269,0.039855748414993286,0.22441981732845306,0.15210983157157898,0.5,11.64935443160858,0.0688,0.00433103833347559,0.030244106192685246,0.9902595970779657,
hf_wmms_parquet_af2f0f111b56,hf_wmms_parquet,marine_mammal_whale,exact,/mnt/data/subsim/dataset/hydrophone/raw/hf_wmms_parquet/melon_headed_whale/9101203i_af2f0f111b56.wav,0.193225,0.193225,81920,0.04686162993311882,0.17134192570128887,6696.446154980723,13008.57142857143,6062.808717081001,0.06842909753322601,80.0,99.7218017578125,0.12633664906024933,0.11745312809944153,0.7562101483345032,0.2457176148891449,0.13967034220695496,5.175311137785077,15.525933413355233,0.069378662109375,0.00011091360647697002,0.0023668320251109425,0.931570902466774,
hf_wmms_parquet_3bf933505ab3,hf_wmms_parquet,marine_mammal_other,exact,/mnt/data/subsim/dataset/hydrophone/raw/hf_wmms_parquet/leopard_seal/6608400j_3bf933505ab3.wav,2.6058,2.6058,5000,0.06336506456136703,0.12918329751304883,293.1208430456228,350.98039215686276,138.91916511227845,0.016716454178094864,350.0,9809.4140625,0.16811013221740723,0.8289607167243958,0.002929122420027852,0.22344936430454254,0.12351328879594803,1.0,14.199094328037456,0.06570000000000001,0.0003958008310291916,0.006246357259521527,0.9832835458219051,
hf_wmms_parquet_2eb4196d007d,hf_wmms_parquet,marine_mammal_whale,exact,/mnt/data/subsim/dataset/hydrophone/raw/hf_wmms_parquet/humpback_whale/9220100d_2eb4196d007d.wav,2.422483,2.422483,14900,0.02375291846692562,0.13586745719510168,757.1668177942706,1490.212765957447,976.560859701853,0.08930081874132156,70.0,36464.609375,0.9611642360687256,0.023762889206409454,0.015072793699800968,0.13471829891204834,0.2121887058019638,0.5000000000000001,7.01759246433024,0.06416107382550336,0.00014034051855560392,0.005908348430745912,0.9106991812586784,
hf_wmms_parquet_acfa861737b5,hf_wmms_parquet,marine_mammal_other,exact,/mnt/data/subsim/dataset/hydrophone/raw/hf_wmms_parquet/frasers_dolphin/9101300j_acfa861737b5.wav,3.781238,3.781238,81920,0.15146790444850922,0.24303811362418404,8367.61936553535,12708.57142857143,4979.0778582391895,0.04408378154039383,12800.0,84.16911315917969,0.006016900297254324,0.07768909633159637,0.9162940979003906,0.1912980079650879,0.12195916473865509,0.5,15.867819821215848,0.0591796875,0.004088929388672113,0.026995351942926824,0.9559162184596062,
hf_wmms_parquet_0a8b37c9fcbe,hf_wmms_parquet,marine_mammal_whale,exact,/mnt/data/subsim/dataset/hydrophone/raw/hf_wmms_parquet/long_finned_pilot_whale/7703400o_0a8b37c9fcbe.wav,0.754687,0.754687,81920,0.06575006246566772,0.09925108778286398,2251.62800822733,3788.4745762711864,3907.1552380244407,0.03555930778384209,40.0,4114.77978515625,0.49262118339538574,0.11204320192337036,0.3953355550765991,0.2564464509487152,0.1384042203426361,2.650103519668737,14.575569358178054,0.06673583984375,0.000608388683758676,0.00925305103804428,0.9644406922161579,
hf_wmms_parquet_7e943a0a01df,hf_wmms_parquet,marine_mammal_whale,exact,/mnt/data/subsim/dataset/hydrophone/raw/hf_wmms_parquet/long_finned_pilot_whale/54024004_7e943a0a01df.wav,3.5002,3.5002,30000,0.0590493306517601,0.160801866577782,2102.135117442901,2768.4096534653463,1125.3347662638655,0.026090474799275398,3603.515625,12181.357421875,8.670127499499358e-06,0.03499746695160866,0.9649936556816101,0.12878023087978363,0.17377790808677673,0.5,10.285126564196332,0.06936666666666666,0.0008478097734041512,0.01435765255985205,0.9739095252007246,
hf_wmms_parquet_eacbca5f7451,hf_wmms_parquet,marine_mammal_other,exact,/mnt/data/subsim/dataset/hydrophone/raw/hf_wmms_parquet/pantropical_spotted_dolphin/9400801i_eacbca5f7451.wav,0.4978,0.4978,80000,0.0239507257938385,0.179142706476157,7392.941450486822,13918.918918918918,5987.11292523496,0.07857592403888702,39.0625,673.9381103515625,0.2868184447288513,0.01279529556632042,0.7003862261772156,0.09495990723371506,0.051445670425891876,8.035355564483728,14.061872237846524,0.06686875,5.4091462516225874e-05,0.002258447738894111,0.921424075961113,
hf_wmms_parquet_a2d221bf98bd,hf_wmms_parquet,marine_mammal_whale,exact,/mnt/data/subsim/dataset/hydrophone/raw/hf_wmms_parquet/bowhead_whale/78018002_a2d221bf98bd.wav,20.0,45.3,10240,0.15275055170059204,0.11228082168369963,440.3266154351893,948.3458646616541,458.99680209330256,0.008322805166244507,150.0,9937.6650390625,0.6842652559280396,0.11038748174905777,0.20534734427928925,0.2332431674003601,0.10321148484945297,0.5,11.1,0.0703125,0.0013211002806201577,0.008648743103730398,0.9916771948337555,
hf_wmms_parquet_04e2531a9250,hf_wmms_parquet,marine_mammal_other,exact,/mnt/data/subsim/dataset/hydrophone/raw/hf_wmms_parquet/striped_dolphin/75003014_04e2531a9250.wav,1.287647,1.287647,81600,0.004058515653014183,0.4332974845580607,14387.603779191008,31354.269801980197,13947.74127057422,0.043412186205387115,31357.03125,3729.47412109375,0.3612358868122101,0.05652798339724541,0.5822359919548035,0.23296986520290375,0.1182917132973671,0.7766103243490179,14.755596162631338,0.06707107843137255,1.4648035175923724e-06,0.0003609209973463006,0.9565878137946129,
hf_wmms_parquet_c98c64dc4cd6,hf_wmms_parquet,marine_mammal_other,exact,/mnt/data/subsim/dataset/hydrophone/raw/hf_wmms_parquet/bearded_seal/70025005_c98c64dc4cd6.wav,1.417969,1.417969,20480,0.05188867077231407,0.18017149350872963,1704.0190885011139,3298.8888888888887,1454.859004181743,0.09044505655765533,510.0,174.5637664794922,0.025086821988224983,0.4209834933280945,0.5539298057556152,0.17202559113502502,0.11576959490776062,12.694214876033058,16.22038567493113,0.0578369140625,0.0001575788191985339,0.003036863670818398,0.9095549434423447,
hf_wmms_parquet_71b139dfe419,hf_wmms_parquet,marine_mammal_other,exact,/mnt/data/subsim/dataset/hydrophone/raw/hf_wmms_parquet/white_sided_dolphin/6107200r_71b139dfe419.wav,2.199187,2.199187,80000,0.04179792106151581,0.24154512487637408,8407.523652158558,12750.689338235294,5703.844248056901,0.0277254581451416,39.0625,1145.6844482421875,0.20022143423557281,0.01650312915444374,0.7832754254341125,0.08653254061937332,0.06739345192909241,2.5,13.641401654019951,0.062525,0.00026398568297736347,0.006315761077746632,0.9722745418548584,
hf_wmms_parquet_6fc9f133b94a,hf_wmms_parquet,marine_mammal_whale,exact,/mnt/data/subsim/dataset/hydrophone/raw/hf_wmms_parquet/melon_headed_whale/91012018_6fc9f133b94a.wav,0.9453,0.9453,81920,0.057640545070171356,0.17554688912420258,6416.660900331814,12699.45945945946,5520.967616421323,0.044458430260419846,80.0,63.95927810668945,0.0743158683180809,0.13052229583263397,0.7951619029045105,0.10298319905996323,0.0617453008890152,1.0578649001149292,16.925838401838867,0.056103515625,0.00018285427358932793,0.003172320340891114,0.9555415697395802,
hf_shipsear_7002a76aa069,hf_shipsear,surface_vessel,coarse,/mnt/data/subsim/dataset/hydrophone/raw/hf_shipsear/class_0/0_4_3_7002a76aa069.wav,5.0,5.0,16000,0.0024885586462914944,0.052063150789384866,264.01536769925684,305.75757575757575,439.0901527142787,0.01424489263445139,190.0,3527.153076171875,0.48184889554977417,0.4942260682582855,0.02392473630607128,0.23181484639644623,0.1233777329325676,8.0,14.8,0.0624375,7.351673048106022e-07,0.00029541891874268104,0.9857551073655486,intermittent_machinery_archetype
hf_shipsear_ab1d50135ca9,hf_shipsear,surface_vessel,coarse,/mnt/data/subsim/dataset/hydrophone/raw/hf_shipsear/class_0/0_1_22_ab1d50135ca9.wav,5.0,5.0,16000,0.04731995612382889,0.15568944611807647,972.76243205213,1766.1616161616162,998.9465180086945,0.08523325622081757,290.0,417.54327392578125,0.061910636723041534,0.6158307194709778,0.32225868105888367,0.14377321302890778,0.07856804877519608,15.5,15.0,0.06543750000000001,0.00014868479047436267,0.0031421159834158726,0.9147667437791824,intermittent_machinery_archetype
hf_shipsear_9227c446ae42,hf_shipsear,surface_vessel,coarse,/mnt/data/subsim/dataset/hydrophone/raw/hf_shipsear/class_0/0_4_12_9227c446ae42.wav,5.0,5.0,16000,0.007708999793976545,0.06831335391692396,341.3487797366257,405.55555555555554,501.61800413995184,0.016657287254929543,190.0,1885.1185302734375,0.40097764134407043,0.5557622909545898,0.04326007142663002,0.209076389670372,0.11877117305994034,8.5,14.8,0.062375,6.849175406387076e-06,0.000888464857769258,0.9833427127450705,intermittent_machinery_archetype
hf_shipsear_13f637bff90b,hf_shipsear,surface_vessel,coarse,/mnt/data/subsim/dataset/hydrophone/raw/hf_shipsear/class_0/0_0_24_13f637bff90b.wav,5.0,5.0,16000,0.04164377227425575,0.19036487956099452,1162.1252049920442,2111.1111111111113,1384.6439745560876,0.14213179051876068,120.0,186.79122924804688,0.13417786359786987,0.5396065711975098,0.326215535402298,0.11513537913560867,0.07420390099287033,5.5,15.2,0.062125,0.00011124485899927095,0.0026713444273003904,0.8578682094812393,intermittent_machinery_archetype
hf_shipsear_ab91a7382774,hf_shipsear,surface_vessel,coarse,/mnt/data/subsim/dataset/hydrophone/raw/hf_shipsear/class_0/0_1_93_ab91a7382774.wav,5.0,5.0,16000,0.04746862128376961,0.26420330254128177,1692.3987376738974,3698.3838383838383,1818.1694921174455,0.22522209584712982,300.0,62.79613494873047,0.05246802046895027,0.4936083257198334,0.4539235830307007,0.13581286370754242,0.0724688321352005,14.5,14.6,0.06537499999999999,0.00015122063632588834,0.0031856968294633778,0.7747779041528702,intermittent_machinery_archetype
hf_shipsear_f463dd8d6ad3,hf_shipsear,surface_vessel,coarse,/mnt/data/subsim/dataset/hydrophone/raw/hf_shipsear/class_0/0_1_92_f463dd8d6ad3.wav,5.0,5.0,16000,0.06881723552942276,0.25665320816510206,1616.1647930890622,3518.686868686869,1799.4050928695062,0.2047809213399887,310.0,85.97885131835938,0.04258602112531662,0.5249468088150024,0.43246713280677795,0.16122254729270935,0.08979199081659317,14.5,14.8,0.0635625,0.0003194040327798575,0.004641337745086479,0.7952190786600113,intermittent_machinery_archetype
hf_shipsear_d0e5ff5008ad,hf_shipsear,surface_vessel,coarse,/mnt/data/subsim/dataset/hydrophone/raw/hf_shipsear/class_0/0_4_10_d0e5ff5008ad.wav,5.0,5.0,16000,0.007775201462209225,0.08722609032612907,436.4101358585165,590.7070707070707,754.9924701866582,0.032231464982032776,140.0,2270.764404296875,0.5680609941482544,0.3443852961063385,0.08755373954772949,0.12143585085868835,0.06392775475978851,1.0,14.8,0.0634375,6.291335012065247e-06,0.0008091539546383008,0.9677685350179672,intermittent_machinery_archetype
hf_shipsear_bc5455b80c6f,hf_shipsear,surface_vessel,coarse,/mnt/data/subsim/dataset/hydrophone/raw/hf_shipsear/class_0/0_2_20_bc5455b80c6f.wav,5.0,5.0,16000,0.02718953788280487,0.19322741534269178,1230.8631204717287,2904.949494949495,1498.08658770197,0.14091485738754272,180.0,160.03048706054688,0.3769755959510803,0.2904777228832245,0.33254680037498474,0.14073610305786133,0.08652246743440628,14.0,13.8,0.07103124999999999,5.781871368526481e-05,0.002126505935200313,0.8590851426124573,intermittent_machinery_archetype
hf_shipsear_f1da5fa19196,hf_shipsear,surface_vessel,coarse,/mnt/data/subsim/dataset/hydrophone/raw/hf_shipsear/class_0/0_1_47_f1da5fa19196.wav,5.0,5.0,16000,0.05388239771127701,0.09683871048388105,679.1135973434832,797.1717171717172,543.9644486853151,0.024424856528639793,620.0,7525.080078125,0.0670609325170517,0.8237379193305969,0.10920105129480362,0.22772656381130219,0.11627249419689178,6.0,15.4,0.057625,0.0003619934432208538,0.006718213342209422,0.9755751434713602,intermittent_machinery_archetype
hf_shipsear_594e201ad408,hf_shipsear,surface_vessel,coarse,/mnt/data/subsim/dataset/hydrophone/raw/hf_shipsear/class_0/0_2_123_594e201ad408.wav,5.0,5.0,16000,0.15796025097370148,0.09083863548294353,373.8874188415904,333.1313131313131,799.245164566901,0.03260161727666855,130.0,1144.8466796875,0.7031993269920349,0.23653605580329895,0.06026461347937584,0.20342956483364105,0.10922607779502869,1.0,15.6,0.055125,0.0032941149547696114,0.02085407521476519,0.9673983827233315,intermittent_machinery_archetype
hf_shipsear_26772d6429a7,hf_shipsear,surface_vessel,coarse,/mnt/data/subsim/dataset/hydrophone/raw/hf_shipsear/class_0/0_2_29_26772d6429a7.wav,5.0,5.0,16000,0.053513385355472565,0.19935249190614882,1227.4381697480785,2582.4242424242425,1582.5224974894245,0.17538490891456604,190.0,125.06000518798828,0.27843576669692993,0.3887968361377716,0.33276739716529846,0.1183675155043602,0.077155202627182,0.5,14.2,0.06925,0.0001954904291778803,0.0036531127282575346,0.824615091085434,intermittent_machinery_archetype
hf_shipsear_736d84b439e7,hf_shipsear,surface_vessel,coarse,/mnt/data/subsim/dataset/hydrophone/raw/hf_shipsear/class_0/0_2_62_736d84b439e7.wav,5.0,5.0,16000,0.0103364372625947,0.11850148126851585,656.7737098379082,1089.2929292929293,784.8369691074093,0.04364844039082527,260.0,606.1268920898438,0.16814085841178894,0.6701841950416565,0.16167500615119934,0.15847736597061157,0.096797414124012,5.0,15.2,0.0584375,8.455032912024762e-06,0.0008179832853824489,0.9563515596091747,intermittent_machinery_archetype
hf_shipsear_285e1681b7ba,hf_shipsear,surface_vessel,coarse,/mnt/data/subsim/dataset/hydrophone/raw/hf_shipsear/class_0/0_2_67_285e1681b7ba.wav,5.0,5.0,16000,0.036671433597803116,0.08541356766959587,420.3374353877231,629.89898989899,729.2248693288806,0.040726564824581146,140.0,1320.2418212890625,0.7622858285903931,0.13228793442249298,0.10542634129524231,0.048850640654563904,0.027680328115820885,3.0,14.4,0.0670625,0.00017203373135998845,0.004691219144636966,0.9592734351754189,intermittent_machinery_archetype
hf_shipsear_2b52c34bc807,hf_shipsear,surface_vessel,coarse,/mnt/data/subsim/dataset/hydrophone/raw/hf_shipsear/class_0/0_2_103_2b52c34bc807.wav,5.0,5.0,16000,0.005721280816942453,0.08068850860635758,467.68730513495,594.2424242424242,549.1793479523159,0.023340972140431404,320.0,2146.782958984375,0.13611634075641632,0.7970349192619324,0.06684861332178116,0.15519531071186066,0.08719570189714432,8.5,14.0,0.0634375,3.76275193048059e-06,0.0006576764976611985,0.9766590278595686,intermittent_machinery_archetype
hf_shipsear_f34b92736c0d,hf_shipsear,surface_vessel,coarse,/mnt/data/subsim/dataset/hydrophone/raw/hf_shipsear/class_0/0_3_29_f34b92736c0d.wav,5.0,5.0,16000,0.018948141485452652,0.09078863485793573,441.42420128426994,402.72727272727275,724.4772057868356,0.03319118544459343,270.0,875.600341796875,0.18735013902187347,0.7558712959289551,0.05677865445613861,0.22009660303592682,0.12002991139888763,1.0,15.0,0.06337499999999999,4.332802564022131e-05,0.0022866636113731548,0.9668088145554066,intermittent_machinery_archetype
hf_shipsear_c2a15c665f4e,hf_shipsear,surface_vessel,coarse,/mnt/data/subsim/dataset/hydrophone/raw/hf_shipsear/class_0/0_0_18_c2a15c665f4e.wav,5.0,5.0,16000,0.027517519891262054,0.26824085301066264,1639.7811585645568,3899.3939393939395,1823.9241514357573,0.20146164298057556,150.0,108.2602310180664,0.21345698833465576,0.34781527519226074,0.4387277662754059,0.2527472972869873,0.1337565779685974,20.0,15.0,0.06325,4.325470217736438e-05,0.001571896825975499,0.7985383570194244,intermittent_machinery_archetype
hf_shipsear_a757e22308fa,hf_shipsear,surface_vessel,coarse,/mnt/data/subsim/dataset/hydrophone/raw/hf_shipsear/class_0/0_2_30_a757e22308fa.wav,5.0,5.0,16000,0.058919794857501984,0.17981474768434605,1049.3840554228898,2057.979797979798,1452.7173671923747,0.14204469323158264,150.0,121.93223571777344,0.21825484931468964,0.5517078042030334,0.23003733158111572,0.12910215556621552,0.08313708007335663,14.5,13.8,0.0688125,0.00023396799224428833,0.003970957346443091,0.8579553067684174,intermittent_machinery_archetype
hf_shipsear_1ad244fa1b8e,hf_shipsear,surface_vessel,coarse,/mnt/data/subsim/dataset/hydrophone/raw/hf_shipsear/class_0/0_2_50_1ad244fa1b8e.wav,5.0,5.0,16000,0.03550977259874344,0.09891373642170527,533.8488954326252,928.3838383838383,768.9279653757798,0.03715750575065613,110.0,974.8272705078125,0.4454565942287445,0.4199298620223999,0.13461363315582275,0.19470447301864624,0.11545537412166595,7.5,13.8,0.06909375000000001,0.00012962505570612848,0.0036504051199433766,0.9628424942493439,intermittent_machinery_archetype
hf_shipsear_a71e4a8ccf1d,hf_shipsear,surface_vessel,coarse,/mnt/data/subsim/dataset/hydrophone/raw/hf_shipsear/class_0/0_2_70_a71e4a8ccf1d.wav,5.0,5.0,16000,0.04301593080163002,0.07995099938749234,349.3925767596767,460.6060606060606,658.9694978396496,0.028960974887013435,100.0,2608.788330078125,0.7899845838546753,0.1379520297050476,0.07206330448389053,0.0931529626250267,0.055415742099285126,20.0,15.6,0.0575,0.00024864418082870543,0.0057802813094887905,0.9710390251129866,intermittent_machinery_archetype
hf_shipsear_f3ec8b5233b5,hf_shipsear,surface_vessel,coarse,/mnt/data/subsim/dataset/hydrophone/raw/hf_shipsear/class_0/0_1_81_f3ec8b5233b5.wav,5.0,5.0,16000,0.11151265352964401,0.16997712471405893,893.9795364441599,1962.828282828283,1325.4880106491064,0.09212817251682281,150.0,244.65296936035156,0.279416561126709,0.5096039772033691,0.21097952127456665,0.22528983652591705,0.12370160222053528,14.5,14.6,0.06793750000000001,0.0012518091825768352,0.0112257142390826,0.9078718274831772,intermittent_machinery_archetype
hf_shipsear_fc78d622a949,hf_shipsear,surface_vessel,coarse,/mnt/data/subsim/dataset/hydrophone/raw/hf_shipsear/class_0/0_2_56_fc78d622a949.wav,5.0,5.0,16000,0.02111048996448517,0.12195152439405492,715.0957466663615,1363.1313131313132,913.3643973837987,0.05172044411301613,200.0,524.45654296875,0.2377302646636963,0.5277112722396851,0.2345583438873291,0.1250084638595581,0.08684033900499344,0.5,13.8,0.06962499999999999,3.970442776335403e-05,0.0018807913898857504,0.9482795558869839,intermittent_machinery_archetype
hf_shipsear_207b2b3cc86c,hf_shipsear,surface_vessel,coarse,/mnt/data/subsim/dataset/hydrophone/raw/hf_shipsear/class_0/0_2_122_207b2b3cc86c.wav,5.0,5.0,16000,0.16926266252994537,0.08561357016962712,326.718611526582,253.13131313131314,762.451846120403,0.025782616809010506,130.0,2066.165283203125,0.824228823184967,0.12821170687675476,0.047559525817632675,0.27282869815826416,0.14764773845672607,16.0,15.6,0.06125,0.003836989402770996,0.022668847017986025,0.9742173831909895,intermittent_machinery_archetype
hf_shipsear_0d19fb8e4601,hf_shipsear,surface_vessel,coarse,/mnt/data/subsim/dataset/hydrophone/raw/hf_shipsear/class_0/0_1_27_0d19fb8e4601.wav,5.0,5.0,16000,0.03836553916335106,0.16745209315116438,1027.873093138352,1931.8181818181818,1195.8390056639846,0.1174159124493599,290.0,516.7020263671875,0.06753122806549072,0.601883053779602,0.33058562874794006,0.1869865506887436,0.09884990006685257,15.5,14.4,0.0675625,9.33000846998766e-05,0.0024318721105468077,0.8825840875506401,intermittent_machinery_archetype
hf_shipsear_637d2121fe83,hf_shipsear,surface_vessel,coarse,/mnt/data/subsim/dataset/hydrophone/raw/hf_shipsear/class_0/0_1_37_637d2121fe83.wav,5.0,5.0,16000,0.04101182147860527,0.12372654658183227,788.7939035803925,1239.8989898989898,768.5732771878971,0.05103975534439087,620.0,1413.868896484375,0.07917071133852005,0.6826074719429016,0.23822186887264252,0.1899428367614746,0.11231108754873276,0.5,13.6,0.073625,0.00014040480891708285,0.003423520435123922,0.9489602446556091,intermittent_machinery_archetype
hf_shipsear_5fd89b4b3838,hf_shipsear,surface_vessel,coarse,/mnt/data/subsim/dataset/hydrophone/raw/hf_shipsear/class_0/0_2_109_5fd89b4b3838.wav,5.0,5.0,16000,0.002738048555329442,0.08643858048225603,475.90276974334165,605.3535353535353,576.181647998429,0.027150912210345268,180.0,1374.689697265625,0.16638103127479553,0.7626510858535767,0.07096771895885468,0.1464788019657135,0.08643410354852676,16.5,14.8,0.059875,7.444193101946439e-07,0.00027187951377772256,0.9728490877896547,intermittent_machinery_archetype
hf_shipsear_3493d47edabb,hf_shipsear,surface_vessel,coarse,/mnt/data/subsim/dataset/hydrophone/raw/hf_shipsear/class_0/0_1_10_3493d47edabb.wav,5.0,5.0,16000,0.10634112358093262,0.12182652283153539,720.4194323165177,1491.919191919192,809.1684363353248,0.037142980843782425,280.0,1582.114501953125,0.052933402359485626,0.730516791343689,0.21654994785785675,0.19223810732364655,0.103091761469841,15.5,15.4,0.063125,0.0009069363004527986,0.008528556685354481,0.9628570191562176,intermittent_machinery_archetype
hf_shipsear_1078e7ec412a,hf_shipsear,surface_vessel,coarse,/mnt/data/subsim/dataset/hydrophone/raw/hf_shipsear/class_0/0_1_69_1078e7ec412a.wav,5.0,5.0,16000,0.03759836032986641,0.22829035362942038,1270.7977567199773,3349.3939393939395,1638.1388419590955,0.13601438701152802,270.0,197.33966064453125,0.16936254501342773,0.5133489966392517,0.31728845834732056,0.14488759636878967,0.07779919356107712,14.5,14.4,0.068125,0.00013661682896781713,0.003633584756504964,0.863985612988472,intermittent_machinery_archetype
hf_shipsear_19dbf5a0a72b,hf_shipsear,surface_vessel,coarse,/mnt/data/subsim/dataset/hydrophone/raw/hf_shipsear/class_0/0_1_78_19dbf5a0a72b.wav,5.0,5.0,16000,0.06550297886133194,0.19472743409292617,1088.577711888758,2561.4141414141413,1471.293894426913,0.11981058865785599,150.0,175.98556518554688,0.18223774433135986,0.5415394306182861,0.2762227952480316,0.22627748548984528,0.1201794371008873,14.5,15.0,0.06568750000000001,0.00034805829636752605,0.005313625462729604,0.880189411342144,intermittent_machinery_archetype
hf_shipsear_e5a252c5b54a,hf_shipsear,surface_vessel,coarse,/mnt/data/subsim/dataset/hydrophone/raw/hf_shipsear/class_0/0_2_127_e5a252c5b54a.wav,5.0,5.0,16000,0.16852445900440216,0.10607632595407443,491.81560545866495,791.6161616161617,872.1024811735988,0.04504401236772537,190.0,1087.1513671875,0.6390995383262634,0.25812792778015137,0.1027725487947464,0.2630464732646942,0.13670456409454346,0.5,15.0,0.06628125,0.003190533956512809,0.018932171480286634,0.9549559876322746,intermittent_machinery_archetype
hf_shipsear_1a6600ef7076,hf_shipsear,surface_vessel,coarse,/mnt/data/subsim/dataset/hydrophone/raw/hf_shipsear/class_0/0_2_21_1a6600ef7076.wav,5.0,5.0,16000,0.028516080230474472,0.1855148189352367,1087.177534355087,2367.6767676767677,1424.9297888248202,0.1302514225244522,160.0,154.6603546142578,0.31985026597976685,0.4098620116710663,0.2702876329421997,0.14062350988388062,0.08943171799182892,7.0,13.2,0.0726875,6.753791240043938e-05,0.002368415008381649,0.8697485774755478,intermittent_machinery_archetype
hf_shipsear_0aedea360774,hf_shipsear,surface_vessel,coarse,/mnt/data/subsim/dataset/hydrophone/raw/hf_shipsear/class_0/0_0_39_0aedea360774.wav,5.0,5.0,16000,0.05805516988039017,0.21104013800172503,1302.1762119380094,2537.777777777778,1556.3853155881368,0.16209110617637634,170.0,111.38939666748047,0.2668071687221527,0.3246401250362396,0.40855273604393005,0.15388132631778717,0.08450226485729218,4.5,16.6,0.0521875,0.0002141645090887323,0.0036889825579062454,0.8379088938236237,intermittent_machinery_archetype
hf_shipsear_aaf5af90bbf3,hf_shipsear,surface_vessel,coarse,/mnt/data/subsim/dataset/hydrophone/raw/hf_shipsear/class_0/0_1_17_aaf5af90bbf3.wav,5.0,5.0,16000,0.0992455780506134,0.1277765972074651,779.9400105459752,1475.2525252525252,859.199526032264,0.053570281714200974,280.0,1278.5902099609375,0.025734374299645424,0.7454670071601868,0.22879858314990997,0.18173900246620178,0.09729562699794769,15.5,15.2,0.06575,0.0007529072463512421,0.007586305215126935,0.946429718285799,intermittent_machinery_archetype
hf_shipsear_891afb677f38,hf_shipsear,surface_vessel,coarse,/mnt/data/subsim/dataset/hydrophone/raw/hf_shipsear/class_0/0_2_90_891afb677f38.wav,5.0,5.0,16000,0.0049353050999343395,0.13130164127051588,728.9727756572438,1215.858585858586,890.8158009936678,0.06441617012023926,320.0,272.23846435546875,0.16983765363693237,0.6402863264083862,0.18987597525119781,0.22283399105072021,0.12323871999979019,2.5,14.6,0.06684375000000001,1.9619642444013152e-06,0.0003975365664890466,0.9355838298797607,intermittent_machinery_archetype
hf_shipsear_5f21eb430e5e,hf_shipsear,surface_vessel,coarse,/mnt/data/subsim/dataset/hydrophone/raw/hf_shipsear/class_0/0_3_4_5f21eb430e5e.wav,5.0,5.0,16000,0.023577479645609856,0.12367654595682447,614.330567729678,852.020202020202,943.7368300872932,0.06547639518976212,80.0,839.0283813476562,0.3748098313808441,0.497318834066391,0.12787136435508728,0.2591864764690399,0.13726407289505005,3.5,14.4,0.0645,4.904089655610733e-05,0.002079988925498184,0.9345236048102379,intermittent_machinery_archetype
hf_shipsear_522150389bcc,hf_shipsear,surface_vessel,coarse,/mnt/data/subsim/dataset/hydrophone/raw/hf_shipsear/class_0/0_2_27_522150389bcc.wav,5.0,5.0,16000,0.047961585223674774,0.19860248253103163,1224.534012184118,2683.4343434343436,1588.0617643963587,0.17005199193954468,150.0,116.9300308227539,0.2976771891117096,0.3796306550502777,0.32269221544265747,0.15083077549934387,0.096288301050663,2.0,14.0,0.0691875,0.00015765689022373408,0.0032871492775977808,0.8299480080604553,intermittent_machinery_archetype
hf_shipsear_edbf3117f043,hf_shipsear,surface_vessel,coarse,/mnt/data/subsim/dataset/hydrophone/raw/hf_shipsear/class_0/0_2_87_edbf3117f043.wav,5.0,5.0,16000,0.003389808116480708,0.13157664470805885,724.6643880777592,1271.5151515151515,884.5425131151246,0.0626232773065567,190.0,491.13214111328125,0.24885819852352142,0.5431463718414307,0.20799526572227478,0.20662347972393036,0.11505840718746185,2.5,16.0,0.0615,9.481329357186041e-07,0.00027970106355850393,0.9373767226934433,intermittent_machinery_archetype
hf_shipsear_e4d187053f4b,hf_shipsear,surface_vessel,coarse,/mnt/data/subsim/dataset/hydrophone/raw/hf_shipsear/class_0/0_2_32_e4d187053f4b.wav,5.0,5.0,16000,0.05207737162709236,0.16127701596269953,858.0761827097293,1568.080808080808,1282.5887445831388,0.1070917472243309,150.0,175.58395385742188,0.2592036724090576,0.5642431974411011,0.1765531450510025,0.15368230640888214,0.09785784780979156,7.0,14.0,0.069875,0.00022292259382084012,0.004280603779561483,0.8929082527756691,intermittent_machinery_archetype
hf_shipsear_f5c10e19bf2b,hf_shipsear,surface_vessel,coarse,/mnt/data/subsim/dataset/hydrophone/raw/hf_shipsear/class_0/0_2_117_f5c10e19bf2b.wav,5.0,5.0,16000,0.12220524251461029,0.08323854048175602,327.0248377776298,258.6868686868687,741.5805606601649,0.029336782172322273,130.0,1490.06298828125,0.7477526068687439,0.1938069760799408,0.058440376073122025,0.2775372862815857,0.15033847093582153,16.0,15.8,0.05496875,0.0018082056194543839,0.014796465210757276,0.9706632178276777,intermittent_machinery_archetype
hf_shipsear_120968675cb7,hf_shipsear,surface_vessel,coarse,/mnt/data/subsim/dataset/hydrophone/raw/hf_shipsear/class_0/0_1_35_120968675cb7.wav,5.0,5.0,16000,0.033279288560152054,0.1289266115826448,817.3639032675909,1214.6464646464647,908.836289637706,0.07160333544015884,630.0,840.7095947265625,0.08819132298231125,0.69815993309021,0.21364867687225342,0.1392168402671814,0.07519055902957916,0.5,15.2,0.06275,0.0001070587823051028,0.0032169792965489005,0.9283966645598412,intermittent_machinery_archetype
hf_shipsear_60834766f443,hf_shipsear,surface_vessel,coarse,/mnt/data/subsim/dataset/hydrophone/raw/hf_shipsear/class_0/0_1_44_60834766f443.wav,5.0,5.0,16000,0.06182960793375969,0.08878860985762323,654.1844756934917,642.7272727272727,487.9777228692438,0.02037259377539158,620.0,12893.3857421875,0.05618005245923996,0.8923484683036804,0.05147149786353111,0.26772037148475647,0.12452138215303421,15.0,15.0,0.0620625,0.0005023159901611507,0.008124198210850309,0.9796274062246084,intermittent_machinery_archetype
hf_shipsear_1b8b78e4e59a,hf_shipsear,surface_vessel,coarse,/mnt/data/subsim/dataset/hydrophone/raw/hf_shipsear/class_0/0_0_31_1b8b78e4e59a.wav,5.0,5.0,16000,0.07527758181095123,0.1903398792484906,1217.8703601658817,2047.979797979798,1203.3838030241266,0.12185587733983994,140.0,85.84986877441406,0.16664843261241913,0.3935997784137726,0.4397517740726471,0.20386403799057007,0.11075776815414429,8.0,14.4,0.0738125,0.0003215030883438885,0.00427090085262072,0.8781441226601601,intermittent_machinery_archetype
hf_shipsear_6394f068a637,hf_shipsear,surface_vessel,coarse,/mnt/data/subsim/dataset/hydrophone/raw/hf_shipsear/class_0/0_2_107_6394f068a637.wav,5.0,5.0,16000,0.004933524876832962,0.07118838985487319,408.6189246746798,499.4949494949495,423.952049488102,0.014445411041378975,230.0,3178.373779296875,0.11319135129451752,0.8527501225471497,0.03405844420194626,0.16988997161388397,0.10563837736845016,8.5,14.4,0.0638125,2.7202684123039944e-06,0.0005513843508779193,0.985554588958621,intermittent_machinery_archetype
hf_shipsear_01671d8ca0b0,hf_shipsear,surface_vessel,coarse,/mnt/data/subsim/dataset/hydrophone/raw/hf_shipsear/class_0/0_3_25_01671d8ca0b0.wav,5.0,5.0,16000,0.041534338146448135,0.11738896736209202,587.0028487507207,587.7777777777778,870.7693148148782,0.034274760633707047,350.0,1000.9895629882812,0.12540271878242493,0.7852330207824707,0.08936420828104019,0.16931641101837158,0.09020747244358063,1.5,14.8,0.062375,0.00020024209516122937,0.004821121609073533,0.965725239366293,intermittent_machinery_archetype
hf_shipsear_ba691197d453,hf_shipsear,surface_vessel,coarse,/mnt/data/subsim/dataset/hydrophone/raw/hf_shipsear/class_0/0_0_46_ba691197d453.wav,5.0,5.0,16000,0.06745882332324982,0.15523944049300617,832.4315895249968,1423.1313131313132,1257.5442660878016,0.0994994267821312,230.0,271.5566101074219,0.25321173667907715,0.536577582359314,0.21021074056625366,0.12287497520446777,0.07898771017789841,5.5,15.0,0.06109375,0.0003799203550443053,0.0056318852942063265,0.9005005732178688,intermittent_machinery_archetype
hf_shipsear_f659b6838dbe,hf_shipsear,surface_vessel,coarse,/mnt/data/subsim/dataset/hydrophone/raw/hf_shipsear/class_0/0_1_72_f659b6838dbe.wav,5.0,5.0,16000,0.04854847118258476,0.16490206127576595,858.6224512550939,1932.2222222222222,1265.3572035387908,0.09535839408636093,200.0,379.0466003417969,0.19369077682495117,0.5974236130714417,0.2088855504989624,0.2677457332611084,0.1421954184770584,2.0,15.4,0.06296874999999999,0.0002520148700568825,0.00519099497703841,0.9046416059136391,intermittent_machinery_archetype
hf_shipsear_8107ad2d316a,hf_shipsear,surface_vessel,coarse,/mnt/data/subsim/dataset/hydrophone/raw/hf_shipsear/class_1/1_0_175_8107ad2d316a.wav,5.0,5.0,16000,0.054387133568525314,0.10591382392279904,556.5976976130041,638.4848484848485,946.9428860259977,0.056499578058719635,310.0,1560.605224609375,0.26614007353782654,0.6445875763893127,0.08927232772111893,0.11165313422679901,0.06231985613703728,1.0,14.2,0.068375,0.00026942294789478183,0.004953799367829661,0.9435004219412804,intermittent_machinery_archetype
hf_shipsear_8a4cca065886,hf_shipsear,surface_vessel,coarse,/mnt/data/subsim/dataset/hydrophone/raw/hf_shipsear/class_1/1_0_61_8a4cca065886.wav,5.0,5.0,16000,0.022068805992603302,0.1837272965912074,960.1881844929803,2071.6161616161617,1463.707922967165,0.1346670538187027,80.0,211.9470672607422,0.48626014590263367,0.2591133415699005,0.25462645292282104,0.10895293951034546,0.05757453292608261,5.0,15.2,0.064,3.911610474460758e-05,0.001772461308325674,0.8653329461812973,intermittent_machinery_archetype
hf_shipsear_ef14458d6a9b,hf_shipsear,surface_vessel,coarse,/mnt/data/subsim/dataset/hydrophone/raw/hf_shipsear/class_1/1_0_5_ef14458d6a9b.wav,5.0,5.0,16000,0.006606081034988165,0.36616707708846363,2632.6885743492917,4559.79797979798,1926.945604104336,0.2258930802345276,140.0,56.6223030090332,0.14929719269275665,0.1577269434928894,0.6929759383201599,0.0878419280052185,0.04932411387562752,0.5,15.0,0.06343750000000001,2.281079332533409e-06,0.0003452999320030587,0.7741069197654724,intermittent_machinery_archetype
hf_shipsear_2e3a4c7b1970,hf_shipsear,surface_vessel,coarse,/mnt/data/subsim/dataset/hydrophone/raw/hf_shipsear/class_1/1_2_70_2e3a4c7b1970.wav,5.0,5.0,16000,0.02847096510231495,0.23000287503593794,1575.1620698108295,3305.050505050505,1671.8050698188226,0.20396751165390015,20.0,180.88807678222656,0.1925942301750183,0.3635508418083191,0.4438549876213074,0.09932833909988403,0.05689104273915291,13.0,13.8,0.07415625,5.127216354594566e-05,0.0018008579393037824,0.7960324883460999,intermittent_machinery_archetype
hf_shipsear_c6e09cc84237,hf_shipsear,surface_vessel,coarse,/mnt/data/subsim/dataset/hydrophone/raw/hf_shipsear/class_1/1_1_5_c6e09cc84237.wav,5.0,5.0,16000,0.008375599049031734,0.13027662845785573,687.2210397920928,1164.6464646464647,1084.9639820827326,0.06319648027420044,130.0,270.14642333984375,0.3457416594028473,0.45131248235702515,0.20294582843780518,0.030078783631324768,0.01696600578725338,11.0,14.6,0.064,7.646781341463793e-06,0.0009129832141898936,0.9368035197257996,intermittent_machinery_archetype
hf_shipsear_3e5887ba0215,hf_shipsear,surface_vessel,coarse,/mnt/data/subsim/dataset/hydrophone/raw/hf_shipsear/class_1/1_0_78_3e5887ba0215.wav,5.0,5.0,16000,0.05353807285428047,0.18110226377829722,961.3549268862482,2256.3636363636365,1336.6969279627442,0.10993967205286026,210.0,517.0595092773438,0.22716957330703735,0.5239545106887817,0.24887585639953613,0.2646596133708954,0.1360192745923996,0.5,14.4,0.0669375,0.00022133550373837352,0.00413417016964112,0.8900603279471397,intermittent_machinery_archetype
hf_shipsear_434df25cfb09,hf_shipsear,surface_vessel,coarse,/mnt/data/subsim/dataset/hydrophone/raw/hf_shipsear/class_1/1_1_20_434df25cfb09.wav,5.0,5.0,16000,0.008292598649859428,0.3071788397354967,2040.5276586896196,4370.707070707071,1979.6260263292054,0.216151162981987,150.0,33.35424041748047,0.12236737459897995,0.3723466098308563,0.5052860379219055,0.0843053087592125,0.04615696147084236,0.5,15.0,0.06437499999999999,3.988714979641372e-06,0.00048099698870968387,0.783848837018013,intermittent_machinery_archetype
hf_shipsear_ce2405674b7f,hf_shipsear,surface_vessel,coarse,/mnt/data/subsim/dataset/hydrophone/raw/hf_shipsear/class_1/1_0_187_ce2405674b7f.wav,5.0,5.0,16000,0.09135480970144272,0.3968049600620008,2960.137653290139,4500.30303030303,1678.9218021692834,0.21519774198532104,150.0,44.97578430175781,0.06987913697957993,0.10485384613275528,0.8252668976783752,0.1813938170671463,0.10438437014818192,0.5,15.2,0.0631875,0.0003745309659279883,0.004099739982469404,0.784802258014679,intermittent_machinery_archetype
hf_shipsear_f34d69f511aa,hf_shipsear,surface_vessel,coarse,/mnt/data/subsim/dataset/hydrophone/raw/hf_shipsear/class_1/1_2_49_f34d69f511aa.wav,5.0,5.0,16000,0.040364038199186325,0.2435155439442993,1413.3865723005156,3874.242424242424,1933.4640703523924,0.16169118881225586,160.0,306.9880676269531,0.48801082372665405,0.22089463472366333,0.29109442234039307,0.19867555797100067,0.10506000369787216,1.0,14.6,0.0656875,0.00015055056428536773,0.003729819190505889,0.8383088111877441,intermittent_machinery_archetype
hf_shipsear_7a2ca3160202,hf_shipsear,surface_vessel,coarse,/mnt/data/subsim/dataset/hydrophone/raw/hf_shipsear/class_1/1_0_118_7a2ca3160202.wav,5.0,5.0,16000,0.014253666624426842,0.34675433442918036,2419.1592775427007,4608.484848484848,2092.092701679567,0.2781471908092499,210.0,73.01640319824219,0.08256769180297852,0.23716966807842255,0.6802626848220825,0.22937771677970886,0.12342428416013718,0.5,14.8,0.063,9.381978088640608e-06,0.0006582150638983149,0.7218528091907501,intermittent_machinery_archetype
hf_shipsear_83445e59d9fb,hf_shipsear,surface_vessel,coarse,/mnt/data/subsim/dataset/hydrophone/raw/hf_shipsear/class_1/1_0_192_83445e59d9fb.wav,5.0,5.0,16000,0.11644741892814636,0.36364204552556906,2614.1874178026815,4702.424242424242,1978.3856393747467,0.22149741649627686,150.0,54.81193542480469,0.08575539290904999,0.25495007634162903,0.6592945456504822,0.18519669771194458,0.10029265284538269,0.5,15.0,0.06384375,0.0006036230479367077,0.005183653304535572,0.7785025835037231,intermittent_machinery_archetype
hf_shipsear_2bf1e959748a,hf_shipsear,surface_vessel,coarse,/mnt/data/subsim/dataset/hydrophone/raw/hf_shipsear/class_1/1_0_34_2bf1e959748a.wav,5.0,5.0,16000,0.011342324316501617,0.24587807347591845,1745.9056249455323,3696.4646464646466,1750.7359610022622,0.20726227760314941,310.0,38.32920837402344,0.022811394184827805,0.32961922883987427,0.647569477558136,0.014000932686030865,0.015213776379823685,6.5,13.4,0.06678125,8.51407639856916e-06,0.0007506465306614122,0.7927377223968506,intermittent_machinery_archetype
hf_shipsear_78b4e9188333,hf_shipsear,surface_vessel,coarse,/mnt/data/subsim/dataset/hydrophone/raw/hf_shipsear/class_1/1_0_56_78b4e9188333.wav,5.0,5.0,16000,0.00420038215816021,0.22417780222252778,1751.0700814578215,3063.5353535353534,1420.7957549953223,0.1960730254650116,40.0,181.896484375,0.273282915353775,0.12076294422149658,0.6059540510177612,0.025891048833727837,0.021120188757777214,0.5,14.4,0.0635625,1.675007752055535e-06,0.0003987750848819009,0.8039269745349884,intermittent_machinery_archetype
hf_shipsear_fe0cb43f7f3f,hf_shipsear,surface_vessel,coarse,/mnt/data/subsim/dataset/hydrophone/raw/hf_shipsear/class_1/1_0_51_fe0cb43f7f3f.wav,5.0,5.0,16000,0.00801400188356638,0.3743046788084851,2954.56253690055,4593.333333333333,1615.9641841173507,0.28360021114349365,250.0,7.669881820678711,0.015552454628050327,0.09651193767786026,0.8879355788230896,0.020950252190232277,0.016416875645518303,0.5,15.0,0.060781249999999995,2.667140279299929e-06,0.0003328100389440128,0.7163997888565063,intermittent_machinery_archetype
hf_shipsear_c7d5ce415882,hf_shipsear,surface_vessel,coarse,/mnt/data/subsim/dataset/hydrophone/raw/hf_shipsear/class_1/1_0_136_c7d5ce415882.wav,5.0,5.0,16000,0.037689097225666046,0.2925411567644596,1963.8192253833677,3818.181818181818,1759.0311177289998,0.17493151128292084,210.0,170.70098876953125,0.04692971706390381,0.3885643184185028,0.564505934715271,0.25228238105773926,0.13106155395507812,1.0,14.6,0.06675,6.670042057521641e-05,0.0017697537347226263,0.8250684887170792,intermittent_machinery_archetype
hf_shipsear_0fa3e92b5e99,hf_shipsear,surface_vessel,coarse,/mnt/data/subsim/dataset/hydrophone/raw/hf_shipsear/class_1/1_0_81_0fa3e92b5e99.wav,5.0,5.0,16000,0.051400382071733475,0.16045200565007062,841.5711943721905,1622.3232323232323,1154.3004556927488,0.09040537476539612,220.0,639.330078125,0.17096950113773346,0.6278442144393921,0.20118631422519684,0.2324114292860031,0.12409292906522751,15.0,15.2,0.06075,0.0001972729805856943,0.0038379672023944418,0.9095946252346039,intermittent_machinery_archetype
hf_shipsear_0972d6804124,hf_shipsear,surface_vessel,coarse,/mnt/data/subsim/dataset/hydrophone/raw/hf_shipsear/class_1/1_0_30_0972d6804124.wav,5.0,5.0,16000,0.010076019912958145,0.3046163077038463,2238.199820276312,4914.444444444444,2137.7604058389347,0.25635308027267456,190.0,34.84317398071289,0.12430756539106369,0.1822424679994583,0.6934499740600586,0.015517710708081722,0.016005463898181915,9.0,14.4,0.0660625,6.0345428209984675e-06,0.0005989014385172973,0.7436469197273254,intermittent_machinery_archetype
hf_shipsear_ce77db6db3a5,hf_shipsear,surface_vessel,coarse,/mnt/data/subsim/dataset/hydrophone/raw/hf_shipsear/class_1/1_2_22_ce77db6db3a5.wav,5.0,5.0,16000,0.0231182761490345,0.20849010612632657,1330.994432962413,3034.4444444444443,1678.270601085774,0.192839577794075,20.0,779.4277954101562,0.525420606136322,0.24668049812316895,0.2278989851474762,0.07247593998908997,0.05062631145119667,0.5,15.6,0.0596875,6.288690929068252e-05,0.002720224850787098,0.807160422205925,intermittent_machinery_archetype
hf_shipsear_b83c09dd184a,hf_shipsear,surface_vessel,coarse,/mnt/data/subsim/dataset/hydrophone/raw/hf_shipsear/class_1/1_1_26_b83c09dd184a.wav,5.0,5.0,16000,0.005804803222417831,0.27917848973112164,1658.1701840812236,4485.252525252526,2085.8929257913223,0.19094212353229523,150.0,133.48231506347656,0.2643769383430481,0.390446275472641,0.3451766073703766,0.19771800935268402,0.12092684954404831,0.5,14.4,0.0684375,2.44167654273042e-06,0.00042063037259905183,0.8090578764677048,intermittent_machinery_archetype
hf_shipsear_d78ecb0b3986,hf_shipsear,surface_vessel,coarse,/mnt/data/subsim/dataset/hydrophone/raw/hf_shipsear/class_1/1_0_151_d78ecb0b3986.wav,5.0,5.0,16000,0.11990921944379807,0.32534156676958464,2302.970727673175,4296.868686868687,1791.2979400810677,0.1491895467042923,210.0,405.9083557128906,0.02006285823881626,0.35467371344566345,0.6252634525299072,0.2574760913848877,0.140436589717865,0.5,14.2,0.06940625,0.0006120434845797718,0.0051042237403733145,0.8508104532957077,intermittent_machinery_archetype
hf_shipsear_3277c5c61b14,hf_shipsear,surface_vessel,coarse,/mnt/data/subsim/dataset/hydrophone/raw/hf_shipsear/class_1/1_2_41_3277c5c61b14.wav,5.0,5.0,16000,0.0690578892827034,0.21509018862735785,1517.8045893040824,2775.050505050505,1244.3685454938707,0.14139972627162933,20.0,48.62165451049805,0.048972468823194504,0.4064708948135376,0.5445566177368164,0.1547873467206955,0.09534062445163727,15.0,15.2,0.06325,0.00021403239225037396,0.0030993184771559807,0.8586002737283707,intermittent_machinery_archetype
hf_shipsear_25f8c7f8b596,hf_shipsear,surface_vessel,coarse,/mnt/data/subsim/dataset/hydrophone/raw/hf_shipsear/class_1/1_0_168_25f8c7f8b596.wav,5.0,5.0,16000,0.09457787126302719,0.31455393192414904,2191.3501549131606,4400.707070707071,1859.7751141782583,0.13841894268989563,20.0,547.6264038085938,0.3273797035217285,0.18913614749908447,0.48348408937454224,0.21147336065769196,0.12926089763641357,0.5,15.0,0.06293750000000001,0.000507401127833873,0.005364903238490034,0.8615810573101044,intermittent_machinery_archetype
hf_shipsear_dfdaa6a6bdf9,hf_shipsear,surface_vessel,coarse,/mnt/data/subsim/dataset/hydrophone/raw/hf_shipsear/class_1/1_0_62_dfdaa6a6bdf9.wav,5.0,5.0,16000,0.023535417392849922,0.1653145664320804,811.4988706850237,1589.1919191919192,1336.6565632471338,0.11149377375841141,170.0,252.70123291015625,0.48370254039764404,0.3073306679725647,0.20896680653095245,0.14347241818904877,0.07594311982393265,18.5,13.8,0.07343749999999999,5.233003685134463e-05,0.0022234590521865603,0.8885062262415886,intermittent_machinery_archetype
hf_shipsear_a1581ba4fab1,hf_shipsear,surface_vessel,coarse,/mnt/data/subsim/dataset/hydrophone/raw/hf_shipsear/class_1/1_1_18_a1581ba4fab1.wav,5.0,5.0,16000,0.0018433837685734034,0.15076438455480692,768.3905749667716,1164.040404040404,1371.8185844135978,0.09913083910942078,180.0,378.57452392578125,0.5017247796058655,0.3027041256427765,0.19557084143161774,0.038779545575380325,0.022896142676472664,8.0,14.4,0.0656875,3.307268343633041e-07,0.00017941290349965543,0.9008691608905792,intermittent_machinery_archetype
hf_shipsear_16604a3381f9,hf_shipsear,surface_vessel,coarse,/mnt/data/subsim/dataset/hydrophone/raw/hf_shipsear/class_1/1_0_43_16604a3381f9.wav,5.0,5.0,16000,0.00812074076384306,0.21671520894011176,1597.8037096054436,3060.909090909091,1667.0216263423008,0.17441564798355103,350.0,43.69295883178711,0.03956780582666397,0.464347779750824,0.49608439207077026,0.032084330916404724,0.023713693022727966,18.0,15.6,0.058125,4.443867055670125e-06,0.0005472243461962065,0.825584352016449,intermittent_machinery_archetype
hf_shipsear_c0f7bd779ed0,hf_shipsear,surface_vessel,coarse,/mnt/data/subsim/dataset/hydrophone/raw/hf_shipsear/class_1/1_2_63_c0f7bd779ed0.wav,5.0,5.0,16000,0.031206080690026283,0.17812722659033237,978.96389440841,2253.3333333333335,1566.7071219180684,0.14194010198116302,20.0,925.9861450195312,0.6123444437980652,0.21270450949668884,0.17495112121105194,0.08123510330915451,0.0475396029651165,1.0,14.6,0.06809375000000001,9.074543777387589e-05,0.002907940880892836,0.858059898018837,intermittent_machinery_archetype
hf_shipsear_b4afe0802606,hf_shipsear,surface_vessel,coarse,/mnt/data/subsim/dataset/hydrophone/raw/hf_shipsear/class_1/1_0_108_b4afe0802606.wav,5.0,5.0,16000,0.043063413351774216,0.21762772034650432,1178.144422393294,3231.5151515151515,1594.246706694441,0.11881105601787567,160.0,497.80548095703125,0.3632194995880127,0.3729420304298401,0.2638384699821472,0.2719077467918396,0.1420009434223175,0.5,14.6,0.06325,0.00013004137144889683,0.0030197646058291233,0.8811889439821243,intermittent_machinery_archetype
hf_shipsear_b8da4dd1f139,hf_shipsear,surface_vessel,coarse,/mnt/data/subsim/dataset/hydrophone/raw/hf_shipsear/class_1/1_0_47_b8da4dd1f139.wav,5.0,5.0,16000,0.00921421218663454,0.269215865198315,1828.0863518423257,3862.222222222222,1715.5907868500544,0.19726654887199402,420.0,58.047523498535156,0.02084849588572979,0.4716791808605194,0.5074722170829773,0.0505971796810627,0.028841134160757065,18.0,14.8,0.0635,5.58498004465946e-06,0.0006061267019826713,0.802733451128006,intermittent_machinery_archetype
hf_shipsear_e7194f6198f4,hf_shipsear,surface_vessel,coarse,/mnt/data/subsim/dataset/hydrophone/raw/hf_shipsear/class_1/1_0_83_e7194f6198f4.wav,5.0,5.0,16000,0.04274516925215721,0.17268965862073277,966.3152493016216,2068.5858585858587,1223.4088351960213,0.10465805977582932,150.0,342.1733703613281,0.31696873903274536,0.3994443416595459,0.2835869789123535,0.06938058882951736,0.03724589943885803,7.0,14.6,0.06796875,0.00014178369019646198,0.0033169523638273968,0.8953419402241707,intermittent_machinery_archetype
hf_shipsear_c7cf1c6617dd,hf_shipsear,surface_vessel,coarse,/mnt/data/subsim/dataset/hydrophone/raw/hf_shipsear/class_1/1_0_7_c7cf1c6617dd.wav,5.0,5.0,16000,0.004511516075581312,0.15977699721246516,746.3993544127147,1292.2222222222222,1453.5871264853595,0.08192770183086395,130.0,710.7433471679688,0.5441398024559021,0.32717615365982056,0.128683939576149,0.0891936868429184,0.04792964830994606,3.0,15.0,0.064875,2.3170216536527732e-06,0.0005135793853600851,0.918072298169136,intermittent_machinery_archetype
hf_shipsear_fb86d622c762,hf_shipsear,surface_vessel,coarse,/mnt/data/subsim/dataset/hydrophone/raw/hf_shipsear/class_1/1_0_141_fb86d622c762.wav,5.0,5.0,16000,0.10632739961147308,0.2805285066063326,1897.3111102409641,3795.151515151515,1764.6539688951636,0.14030645787715912,210.0,697.7545776367188,0.017817560583353043,0.4706001281738281,0.5115823149681091,0.2834335267543793,0.14890031516551971,0.5,15.8,0.0591875,0.0004846049705520272,0.004557667847781909,0.8596935421228409,intermittent_machinery_archetype
hf_shipsear_62c838c4867e,hf_shipsear,surface_vessel,coarse,/mnt/data/subsim/dataset/hydrophone/raw/hf_shipsear/class_1/1_0_140_62c838c4867e.wav,5.0,5.0,16000,0.09056612849235535,0.2855660695758697,1900.9280462872982,3533.030303030303,1644.7906308007698,0.13213586807250977,280.0,332.8039245605469,0.03366920351982117,0.403307169675827,0.5630236864089966,0.13600991666316986,0.07178027182817459,0.5,15.0,0.061968749999999996,0.000444247416453436,0.004905226974409417,0.8678641319274902,intermittent_machinery_archetype
hf_shipsear_c62c216e1a69,hf_shipsear,surface_vessel,coarse,/mnt/data/subsim/dataset/hydrophone/raw/hf_shipsear/class_1/1_0_178_c62c216e1a69.wav,5.0,5.0,16000,0.02657165750861168,0.29677870973387166,1945.8750710032984,4117.676767676768,1952.1802692428885,0.2332417517900467,2010.0,44.56705093383789,0.13446879386901855,0.3401794135570526,0.5253518223762512,0.09570864588022232,0.05264294520020485,1.0,15.4,0.06225,3.8576625229325145e-05,0.0014517959677664426,0.7667582482099533,intermittent_machinery_archetype
hf_shipsear_70222994e2bd,hf_shipsear,surface_vessel,coarse,/mnt/data/subsim/dataset/hydrophone/raw/hf_shipsear/class_1/1_0_11_70222994e2bd.wav,5.0,5.0,16000,0.009709367528557777,0.06976337204215052,348.063953338355,424.74747474747477,605.0473867094333,0.02382267825305462,130.0,8855.486328125,0.6097493767738342,0.3405381441116333,0.04971248656511307,0.21131809055805206,0.10414379835128784,0.5,14.4,0.065625,6.523350748466328e-06,0.0006718615531452068,0.9761773217469454,intermittent_machinery_archetype
hf_shipsear_4f9c9d6ac596,hf_shipsear,surface_vessel,coarse,/mnt/data/subsim/dataset/hydrophone/raw/hf_shipsear/class_1/1_2_58_4f9c9d6ac596.wav,5.0,5.0,16000,0.030714817345142365,0.29720371504643806,2014.5459789934437,4328.787878787879,2020.0042420575614,0.2682037055492401,30.0,619.234375,0.6428707242012024,0.10378964245319366,0.2533394396305084,0.10138477385044098,0.08201698958873749,0.5,16.0,0.058625,0.00013818853767588735,0.004499083817382466,0.7317962944507599,intermittent_machinery_archetype
hf_shipsear_f70c98d86285,hf_shipsear,surface_vessel,coarse,/mnt/data/subsim/dataset/hydrophone/raw/hf_shipsear/class_1/1_0_169_f70c98d86285.wav,5.0,5.0,16000,0.09629684686660767,0.306566332079151,2086.2012927110486,4236.161616161616,1813.9969665896967,0.12723255157470703,310.0,315.9571838378906,0.13792242109775543,0.35242995619773865,0.5096475481987,0.24421465396881104,0.13347363471984863,0.5,15.0,0.06171875,0.0005213868571445346,0.005414371021528418,0.872767448425293,intermittent_machinery_archetype
hf_shipsear_e6ec42ac7f85,hf_shipsear,surface_vessel,coarse,/mnt/data/subsim/dataset/hydrophone/raw/hf_shipsear/class_1/1_0_31_e6ec42ac7f85.wav,5.0,5.0,16000,0.008687872439622879,0.2804410055125689,1810.1325430566053,4198.585858585859,1957.7314357041023,0.23081356287002563,180.0,94.33488464355469,0.18854346871376038,0.37824881076812744,0.43320775032043457,0.06131630763411522,0.035430874675512314,4.0,14.4,0.065875,5.958363544777967e-06,0.0006858253945946265,0.7691864371299744,intermittent_machinery_archetype
hf_shipsear_9c96815c3b23,hf_shipsear,surface_vessel,coarse,/mnt/data/subsim/dataset/hydrophone/raw/hf_shipsear/class_1/1_0_170_9c96815c3b23.wav,5.0,5.0,16000,0.10810161381959915,0.2541906773834673,1576.0896069227742,3832.222222222222,1854.707154217602,0.08989489823579788,20.0,833.8838500976562,0.2858724594116211,0.4323509931564331,0.2817765176296234,0.23030810058116913,0.12553958594799042,1.0,14.6,0.06521874999999999,0.0008423771359957755,0.007792456617657427,0.9101051017642021,intermittent_machinery_archetype
hf_shipsear_84ad8afb3096,hf_shipsear,surface_vessel,coarse,/mnt/data/subsim/dataset/hydrophone/raw/hf_shipsear/class_1/1_2_61_84ad8afb3096.wav,5.0,5.0,16000,0.028245607390999794,0.20611507643845547,1203.1101789767451,2999.2929292929293,1720.8333157469924,0.17965808510780334,20.0,712.5640869140625,0.5595061779022217,0.23098421096801758,0.20950961112976074,0.08491645753383636,0.05324508249759674,1.0,14.8,0.065375,7.88163670222275e-05,0.002790393774451146,0.8203419148921967,intermittent_machinery_archetype
hf_shipsear_3f75d419a52c,hf_shipsear,surface_vessel,coarse,/mnt/data/subsim/dataset/hydrophone/raw/hf_shipsear/class_1/1_0_123_3f75d419a52c.wav,5.0,5.0,16000,0.03756469860672951,0.37316716458955734,2720.309905007996,4701.010101010101,2040.8339595979237,0.2765682637691498,210.0,81.03203582763672,0.020324168726801872,0.2593757212162018,0.7203001379966736,0.2134045958518982,0.116733618080616,0.5,15.0,0.05875,6.479272269643843e-05,0.00172483009575129,0.7234317362308502,intermittent_machinery_archetype
hf_shipsear_b4e66a56d6a1,hf_shipsear,surface_vessel,coarse,/mnt/data/subsim/dataset/hydrophone/raw/hf_shipsear/class_1/1_0_12_b4e66a56d6a1.wav,5.0,5.0,16000,0.007914173416793346,0.10483881048513106,487.8083697100441,544.4444444444445,845.0333025802439,0.044386111199855804,160.0,727.4762573242188,0.3148047924041748,0.6037574410438538,0.08143766224384308,0.21198442578315735,0.11193669587373734,20.0,15.0,0.06121875,5.845257419423433e-06,0.0007385809118462841,0.9556138888001442,intermittent_machinery_archetype
hf_shipsear_d57219db85c5,hf_shipsear,surface_vessel,coarse,/mnt/data/subsim/dataset/hydrophone/raw/hf_shipsear/class_1/1_0_111_d57219db85c5.wav,5.0,5.0,16000,0.044600654393434525,0.17138964237052964,882.7485716582585,1903.4343434343434,1353.008475006913,0.10218150168657303,160.0,744.6843872070312,0.3973813056945801,0.4152597188949585,0.18735896050930023,0.15847209095954895,0.0827382430434227,0.5,15.2,0.06225,0.00015253055607900023,0.003419917446279302,0.897818498313427,intermittent_machinery_archetype
hf_shipsear_d82130549597,hf_shipsear,surface_vessel,coarse,/mnt/data/subsim/dataset/hydrophone/raw/hf_shipsear/class_1/1_0_70_d82130549597.wav,5.0,5.0,16000,0.0334773063659668,0.14392679908498857,743.2725222027763,1602.2222222222222,1021.5465514485898,0.06997433304786682,190.0,437.7449951171875,0.3954683542251587,0.3778458535671234,0.2266857624053955,0.24766084551811218,0.1333698332309723,14.0,15.0,0.06434375,0.00011188862117705867,0.003342222936056259,0.9300256669521332,intermittent_machinery_archetype
hf_shipsear_bd694aab25e0,hf_shipsear,surface_vessel,coarse,/mnt/data/subsim/dataset/hydrophone/raw/hf_shipsear/class_1/1_0_41_bd694aab25e0.wav,5.0,5.0,16000,0.006807052064687014,0.1841773022162777,1296.9507303420594,2405.4545454545455,1479.0190888762472,0.15633973479270935,80.0,23.50902557373047,0.09131351858377457,0.24473746120929718,0.6639488935470581,0.008626465685665607,0.01167730800807476,0.5,12.6,0.07534375,2.2000226636009756e-06,0.0003231975666369366,0.8436602652072906,intermittent_machinery_archetype
hf_shipsear_e13dc56a3ac7,hf_shipsear,surface_vessel,coarse,/mnt/data/subsim/dataset/hydrophone/raw/hf_shipsear/class_1/1_0_157_e13dc56a3ac7.wav,5.0,5.0,16000,0.06075471639633179,0.2786784834810435,1825.0210243818312,3441.010101010101,1644.780779741042,0.10131464153528214,210.0,545.2291259765625,0.019169675186276436,0.4326384365558624,0.5481919050216675,0.2688354551792145,0.13594229519367218,2.0,14.8,0.063125,0.000195428729057312,0.0032166840806106506,0.8986853584647179,intermittent_machinery_archetype
hf_shipsear_ca35205e52cb,hf_shipsear,surface_vessel,coarse,/mnt/data/subsim/dataset/hydrophone/raw/hf_shipsear/class_2/2_0_592_ca35205e52cb.wav,5.0,5.0,16000,0.09964311122894287,0.2969037112963912,1850.6372489570397,4467.070707070707,1997.2080860698388,0.19710053503513336,20.0,73.59838104248047,0.1597909778356552,0.4144333302974701,0.4257757067680359,0.17297786474227905,0.09384996443986893,1.0,15.0,0.062281249999999996,0.0007773222168907523,0.007801063287726468,0.8028994649648666,intermittent_machinery_archetype
hf_shipsear_8ec5773c76f7,hf_shipsear,surface_vessel,coarse,/mnt/data/subsim/dataset/hydrophone/raw/hf_shipsear/class_2/2_0_376_8ec5773c76f7.wav,5.0,5.0,16000,0.005328234285116196,0.10750134376679708,684.0082111997568,1198.5858585858587,965.1474370841922,0.0632500872015953,140.0,275.61834716796875,0.4745749831199646,0.3093806207180023,0.2160443365573883,0.03403082117438316,0.021213121712207794,11.5,13.4,0.075875,2.9297304990905104e-06,0.000549850164570376,0.9367499127984047,intermittent_machinery_archetype
hf_shipsear_ee3c5ac14002,hf_shipsear,surface_vessel,coarse,/mnt/data/subsim/dataset/hydrophone/raw/hf_shipsear/class_2/2_0_115_ee3c5ac14002.wav,5.0,5.0,16000,0.017548106610774994,0.15147689346116827,968.0597022403028,1764.141414141414,861.7135700674392,0.046100515872240067,150.0,1200.561279296875,0.26396214962005615,0.285975843667984,0.450062096118927,0.1804094910621643,0.09784424304962158,1.5,14.4,0.071375,2.5711668058647774e-05,0.001465210385797117,0.9538994841277599,intermittent_machinery_archetype
hf_shipsear_e63338c27db1,hf_shipsear,surface_vessel,coarse,/mnt/data/subsim/dataset/hydrophone/raw/hf_shipsear/class_2/2_0_35_e63338c27db1.wav,5.0,5.0,16000,0.06399945169687271,0.20649008112601408,1454.468390754403,2164.040404040404,912.6192736601057,0.09201040118932724,920.0,77.5395278930664,0.02393660880625248,0.311407208442688,0.6646562218666077,0.1921166479587555,0.11144877970218658,14.5,14.8,0.064375,0.00020638143178075552,0.0032247374986122805,0.9079895988106728,intermittent_machinery_archetype
hf_shipsear_05f57fe9ef7f,hf_shipsear,surface_vessel,coarse,/mnt/data/subsim/dataset/hydrophone/raw/hf_shipsear/class_2/2_0_677_05f57fe9ef7f.wav,5.0,5.0,16000,0.16173161566257477,0.08115101438767984,420.83979416701294,457.27272727272725,637.8989093632457,0.027663247659802437,240.0,2494.0556640625,0.11906895786523819,0.8281720280647278,0.05275895446538925,0.24639353156089783,0.1372639536857605,1.0,14.4,0.0676875,0.003228194313123822,0.019960193310867153,0.9723367523401976,intermittent_machinery_archetype
hf_shipsear_fd3a97db51b0,hf_shipsear,surface_vessel,coarse,/mnt/data/subsim/dataset/hydrophone/raw/hf_shipsear/class_2/2_0_597_fd3a97db51b0.wav,5.0,5.0,16000,0.09962894022464752,0.2019525244065551,1049.491163550271,2784.747474747475,1577.906839484702,0.11077279597520828,20.0,386.3423156738281,0.3427295684814453,0.4574856758117676,0.1997848004102707,0.2111687809228897,0.12035373598337173,0.5,15.2,0.060875,0.0009724566480144858,0.009760784826296344,0.8892272040247917,intermittent_machinery_archetype
hf_shipsear_f0fbc1e0ef9c,hf_shipsear,surface_vessel,coarse,/mnt/data/subsim/dataset/hydrophone/raw/hf_shipsear/class_2/2_0_433_f0fbc1e0ef9c.wav,5.0,5.0,16000,0.04544682800769806,0.17152714408930111,1232.4546255172086,1419.79797979798,731.7051012283838,0.04460151866078377,1330.0,2746.329345703125,0.08700957149267197,0.14639408886432648,0.7665963768959045,0.20338423550128937,0.10856563597917557,8.0,14.6,0.06828125,0.0002858231891877949,0.006289177962719231,0.9553984813392162,intermittent_machinery_archetype
hf_shipsear_c7270ee09f76,hf_shipsear,surface_vessel,coarse,/mnt/data/subsim/dataset/hydrophone/raw/hf_shipsear/class_2/2_0_49_c7270ee09f76.wav,5.0,5.0,16000,0.06604081392288208,0.20086501081263516,1397.77227810434,2190.6060606060605,950.3779785679224,0.09798158705234528,620.0,66.26665496826172,0.0322851687669754,0.3608812689781189,0.6068334579467773,0.18770623207092285,0.11129721999168396,14.5,14.4,0.0695625,0.00021921421284787357,0.0033193747899675713,0.9020184129476547,intermittent_machinery_archetype
hf_shipsear_b41ad787366f,hf_shipsear,surface_vessel,coarse,/mnt/data/subsim/dataset/hydrophone/raw/hf_shipsear/class_2/2_0_471_b41ad787366f.wav,5.0,5.0,16000,0.04433403164148331,0.23452793159914498,1484.912601592888,2943.2323232323233,1540.7559390940648,0.19724853336811066,690.0,58.59893035888672,0.14294582605361938,0.3801491856575012,0.4769049286842346,0.19190704822540283,0.10127617418766022,0.5,14.8,0.063,9.941565076587722e-05,0.0022424229667985275,0.8027514666318893,intermittent_machinery_archetype
hf_shipsear_ab984b69a63c,hf_shipsear,surface_vessel,coarse,/mnt/data/subsim/dataset/hydrophone/raw/hf_shipsear/class_2/2_0_538_ab984b69a63c.wav,5.0,5.0,16000,0.036834072321653366,0.19800247503093787,1159.2661790616792,2681.4141414141413,1666.8397932537523,0.16840171813964844,20.0,1260.2685546875,0.7192593216896057,0.10635273903608322,0.17438793182373047,0.13134647905826569,0.08548134565353394,1.0,15.2,0.0625,0.00018002919387072325,0.004887572362179549,0.8315982818603516,intermittent_machinery_archetype
hf_shipsear_914c43cdf2a4,hf_shipsear,surface_vessel,coarse,/mnt/data/subsim/dataset/hydrophone/raw/hf_shipsear/class_2/2_0_477_914c43cdf2a4.wav,5.0,5.0,16000,0.05063490569591522,0.22619032737909223,1488.515523995895,2519.6969696969695,1406.8612195403425,0.17767708003520966,1890.0,87.19038391113281,0.1023799479007721,0.35710975527763367,0.5405102968215942,0.1849392056465149,0.0966818630695343,0.5,14.8,0.0650625,0.00013648232561536133,0.002695419765019452,0.8223229199647903,intermittent_machinery_archetype
hf_shipsear_6df78ca5e40b,hf_shipsear,surface_vessel,coarse,/mnt/data/subsim/dataset/hydrophone/raw/hf_shipsear/class_2/2_0_646_6df78ca5e40b.wav,5.0,5.0,16000,0.033303115516901016,0.29889123614045177,2055.5600117613017,4023.030303030303,1944.4612935646687,0.20528341829776764,20.0,1443.010009765625,0.7060205340385437,0.054425161331892014,0.23955436050891876,0.06507480144500732,0.04812482371926308,0.5,14.6,0.0643125,0.00013907690299674869,0.004176092862002427,0.7947165817022324,intermittent_machinery_archetype
hf_shipsear_0b4746d9ce5d,hf_shipsear,surface_vessel,coarse,/mnt/data/subsim/dataset/hydrophone/raw/hf_shipsear/class_2/2_0_144_0b4746d9ce5d.wav,5.0,5.0,16000,0.006507216487079859,0.06225077813472668,360.7783699510338,472.72727272727275,384.31320285548816,0.007465294562280178,140.0,4944.564453125,0.2606256306171417,0.7205947637557983,0.018779678270220757,0.25945645570755005,0.13958387076854706,1.0,15.2,0.0618125,4.667354460252682e-06,0.0007172582115260036,0.9925347054377198,intermittent_machinery_archetype
hf_shipsear_805b34f1b0d3,hf_shipsear,surface_vessel,coarse,/mnt/data/subsim/dataset/hydrophone/raw/hf_shipsear/class_2/2_0_86_805b34f1b0d3.wav,5.0,5.0,16000,0.0016479921760037541,0.09435117938974237,608.7573150734032,1176.5656565656566,527.7356012542582,0.01143460813909769,360.0,5612.8984375,0.19442038238048553,0.5815423130989075,0.22403684258460999,0.22497829794883728,0.11925483494997025,5.5,14.8,0.0660625,1.997703407141671e-07,0.00012122044236725284,0.9885653918609023,intermittent_machinery_archetype
hf_shipsear_2dafc46bb910,hf_shipsear,surface_vessel,coarse,/mnt/data/subsim/dataset/hydrophone/raw/hf_shipsear/class_2/2_0_143_2dafc46bb910.wav,5.0,5.0,16000,0.005709819961339235,0.06735084188552357,358.68958091869183,461.3131313131313,454.5044442061315,0.01092945784330368,210.0,5497.53857421875,0.30791547894477844,0.6660714745521545,0.0260129626840353,0.27448976039886475,0.1506379246711731,10.0,14.8,0.063,3.5948285130871227e-06,0.0006295870161927786,0.9890705421566963,intermittent_machinery_archetype
hf_shipsear_148f3c7089ce,hf_shipsear,surface_vessel,coarse,/mnt/data/subsim/dataset/hydrophone/raw/hf_shipsear/class_2/2_0_57_148f3c7089ce.wav,5.0,5.0,16000,0.0676468014717102,0.19912748909361366,1407.3190338695956,2096.161616161616,900.7499407606178,0.08978544920682907,1070.0,99.52308654785156,0.031837038695812225,0.29207444190979004,0.6760885715484619,0.18908429145812988,0.10892153531312943,14.5,15.0,0.0630625,0.0002528519253246486,0.0037378252898868113,0.9102145507931709,intermittent_machinery_archetype
hf_shipsear_ed5973588f76,hf_shipsear,surface_vessel,coarse,/mnt/data/subsim/dataset/hydrophone/raw/hf_shipsear/class_2/2_0_63_ed5973588f76.wav,5.0,5.0,16000,0.008407729677855968,0.11916398954986937,837.4139278828284,1241.4141414141413,480.90541379881944,0.00823278445750475,1220.0,9079.6279296875,0.06506908684968948,0.500697135925293,0.43423375487327576,0.23792849481105804,0.13379234075546265,5.0,14.6,0.0656875,6.104862677602796e-06,0.0007261012081484378,0.9917672155424953,intermittent_machinery_archetype
hf_shipsear_dc1c662a92b1,hf_shipsear,surface_vessel,coarse,/mnt/data/subsim/dataset/hydrophone/raw/hf_shipsear/class_2/2_0_747_dc1c662a92b1.wav,5.0,5.0,16000,0.06861183792352676,0.2873285916073951,1897.6016968489473,4064.5454545454545,1811.2363757611986,0.25143903493881226,20.0,59.87937545776367,0.20692238211631775,0.2742280960083008,0.5188494920730591,0.1317640244960785,0.07137447595596313,2.5,14.8,0.0653125,0.00026440699002705514,0.0038536642950434243,0.7485609650611877,intermittent_machinery_archetype
hf_shipsear_75e6caf4af55,hf_shipsear,surface_vessel,coarse,/mnt/data/subsim/dataset/hydrophone/raw/hf_shipsear/class_2/2_0_629_75e6caf4af55.wav,5.0,5.0,16000,0.1294623166322708,0.27640345504318803,1724.464614527306,4059.2929292929293,1956.9357835323137,0.2257230281829834,280.0,128.0702667236328,0.15948085486888885,0.4161470830440521,0.4243720769882202,0.18207331001758575,0.10180559009313583,1.5,15.6,0.06125,0.0014133871300145984,0.010917363189307928,0.7742769718170166,intermittent_machinery_archetype
hf_shipsear_3fc08738ec21,hf_shipsear,surface_vessel,coarse,/mnt/data/subsim/dataset/hydrophone/raw/hf_shipsear/class_2/2_0_170_3fc08738ec21.wav,5.0,5.0,16000,0.0028265456203371286,0.1686771084638558,821.5726087809196,1435.1515151515152,1386.0697454052215,0.09126128256320953,190.0,551.0679931640625,0.2432984709739685,0.6336390376091003,0.12306242436170578,0.174008309841156,0.11392342299222946,0.5,14.6,0.0646875,9.499756288278149e-07,0.00033609067607351,0.9087387174367905,intermittent_machinery_archetype
hf_shipsear_ba1b463bc7f1,hf_shipsear,surface_vessel,coarse,/mnt/data/subsim/dataset/hydrophone/raw/hf_shipsear/class_2/2_0_282_ba1b463bc7f1.wav,5.0,5.0,16000,0.011382291093468666,0.12583907298841235,1003.251070007737,1800.0,1077.8232381218875,0.09307986497879028,200.0,81.18092346191406,0.07660634815692902,0.5341894626617432,0.38920414447784424,0.015571692027151585,0.012741600163280964,18.0,13.2,0.07125,9.809164112084545e-06,0.000861791710532812,0.9069201350212097,intermittent_machinery_archetype
hf_shipsear_ac5e082c9336,hf_shipsear,surface_vessel,coarse,/mnt/data/subsim/dataset/hydrophone/raw/hf_shipsear/class_2/2_0_435_ac5e082c9336.wav,5.0,5.0,16000,0.032859399914741516,0.16586457330716634,1039.6865031083848,1539.4949494949494,987.135881962311,0.07000427693128586,1420.0,985.0426635742188,0.29759424924850464,0.1625651866197586,0.539840579032898,0.13712455332279205,0.07200377434492111,0.5,14.4,0.0675625,9.798990504350513e-05,0.002982096608421702,0.9299957230687141,intermittent_machinery_archetype
hf_shipsear_f9b00f77b5d5,hf_shipsear,surface_vessel,coarse,/mnt/data/subsim/dataset/hydrophone/raw/hf_shipsear/class_2/2_0_244_f9b00f77b5d5.wav,5.0,5.0,16000,0.004269459284842014,0.16657708221352768,1335.298748079806,2536.2626262626263,1339.1721190810295,0.15185874700546265,50.0,24.547809600830078,0.12439025193452835,0.35139238834381104,0.5242173075675964,0.023547392338514328,0.020456742495298386,5.0,11.4,0.07259375,9.771993063623086e-07,0.00022888128002597575,0.8481412529945374,intermittent_machinery_archetype
hf_shipsear_783504f93ed8,hf_shipsear,surface_vessel,coarse,/mnt/data/subsim/dataset/hydrophone/raw/hf_shipsear/class_2/2_0_699_783504f93ed8.wav,5.0,5.0,16000,0.04057583957910538,0.15428942861785772,825.6456034377684,1582.9292929292928,1246.0576137034504,0.11379469186067581,20.0,707.7037353515625,0.406940221786499,0.3938295841217041,0.1992301344871521,0.10258795320987701,0.059686336666345596,1.0,14.6,0.069125,0.00013656518422067165,0.003365677349720954,0.8862053081393242,intermittent_machinery_archetype
hf_shipsear_e2305c274ded,hf_shipsear,surface_vessel,coarse,/mnt/data/subsim/dataset/hydrophone/raw/hf_shipsear/class_2/2_0_254_e2305c274ded.wav,5.0,5.0,16000,0.029071586206555367,0.12183902298778734,881.4366951553243,1462.9292929292928,811.7405326003484,0.05942576378583908,550.0,632.0079956054688,0.07677293568849564,0.699010968208313,0.2242160439491272,0.04939332231879234,0.05322233587503433,0.5,8.8,0.0783125,7.352125248871744e-05,0.0025289728590595487,0.9405742362141609,intermittent_machinery_archetype
hf_shipsear_d0b0ca9d05c2,hf_shipsear,surface_vessel,coarse,/mnt/data/subsim/dataset/hydrophone/raw/hf_shipsear/class_2/2_0_644_d0b0ca9d05c2.wav,5.0,5.0,16000,0.02715517394244671,0.3037662970787135,2092.6773978991796,4269.49494949495,2054.5433966656296,0.23115229606628418,20.0,1553.4862060546875,0.7176002860069275,0.0565064400434494,0.22589336335659027,0.058806825429201126,0.04607096686959267,1.0,14.0,0.06725,9.93164285318926e-05,0.0036573666859482734,0.7688477039337158,intermittent_machinery_archetype
hf_shipsear_fff5efaee240,hf_shipsear,surface_vessel,coarse,/mnt/data/subsim/dataset/hydrophone/raw/hf_shipsear/class_2/2_0_777_fff5efaee240.wav,5.0,5.0,16000,0.0660042092204094,0.21337766722084026,1094.1238814908584,2773.4343434343436,1721.332742912165,0.1527089774608612,190.0,152.60525512695312,0.4562068581581116,0.2985665500164032,0.24522662162780762,0.25781482458114624,0.13815268874168396,12.0,14.8,0.0629375,0.0003877212293446064,0.005874189448191185,0.8472910225391388,intermittent_machinery_archetype
hf_shipsear_d1f458df7da4,hf_shipsear,surface_vessel,coarse,/mnt/data/subsim/dataset/hydrophone/raw/hf_shipsear/class_2/2_0_81_d1f458df7da4.wav,5.0,5.0,16000,0.007784137036651373,0.06478830985387317,326.9834969408581,507.8787878787879,473.71377859148595,0.012825998477637768,110.0,8948.6767578125,0.7086013555526733,0.22429658472537994,0.06710197776556015,0.2669822871685028,0.1430506557226181,11.0,14.4,0.0660625,9.072059583559167e-06,0.0011654547626381954,0.9871740015223622,intermittent_machinery_archetype
hf_shipsear_45d0cb7a53be,hf_shipsear,surface_vessel,coarse,/mnt/data/subsim/dataset/hydrophone/raw/hf_shipsear/class_2/2_0_647_45d0cb7a53be.wav,5.0,5.0,16000,0.03021770529448986,0.2701533769172115,1787.580594845573,3805.050505050505,1938.5999112588868,0.21463626623153687,20.0,1628.93212890625,0.7153570652008057,0.06999422609806061,0.21464873850345612,0.1681000143289566,0.12061142176389694,0.5,14.6,0.06490625,0.00011594435636652634,0.0038369676066644146,0.7853637337684631,intermittent_machinery_archetype
hf_shipsear_55aeedd3fdf6,hf_shipsear,surface_vessel,coarse,/mnt/data/subsim/dataset/hydrophone/raw/hf_shipsear/class_2/2_0_44_55aeedd3fdf6.wav,5.0,5.0,16000,0.06257733702659607,0.20690258628232852,1420.254712039662,2259.89898989899,1006.2429181052063,0.10769394785165787,660.0,56.43326950073242,0.030449025332927704,0.37432822585105896,0.5952227711677551,0.18469247221946716,0.10775335133075714,14.5,14.4,0.068875,0.0001898049667943269,0.0030331263011499597,0.8923060521483421,intermittent_machinery_archetype
hf_shipsear_149ae2e16f08,hf_shipsear,surface_vessel,coarse,/mnt/data/subsim/dataset/hydrophone/raw/hf_shipsear/class_2/2_0_577_149ae2e16f08.wav,5.0,5.0,16000,0.1239393875002861,0.15890198627482843,807.0763850525641,1259.1919191919192,1343.530024901233,0.09845338016748428,170.0,386.7738952636719,0.29801273345947266,0.5274316072463989,0.17455564439296722,0.23362411558628082,0.12516562640666962,7.5,15.6,0.060625,0.001606872770935297,0.012964988800825103,0.9015466198325157,intermittent_machinery_archetype
hf_shipsear_c6d570d22ef2,hf_shipsear,surface_vessel,coarse,/mnt/data/subsim/dataset/hydrophone/raw/hf_shipsear/class_2/2_0_459_c6d570d22ef2.wav,5.0,5.0,16000,0.024557003751397133,0.11441393017412718,639.4969191439498,1201.919191919192,816.8164316333143,0.05276581272482872,170.0,610.0126342773438,0.3369556665420532,0.46329939365386963,0.19974492490291595,0.17598329484462738,0.09388252347707748,2.5,15.2,0.0624375,4.602156695909798e-05,0.0018740709340244975,0.9472341872751713,intermittent_machinery_archetype
hf_shipsear_8fcd3a41cc18,hf_shipsear,surface_vessel,coarse,/mnt/data/subsim/dataset/hydrophone/raw/hf_shipsear/class_2/2_0_240_8fcd3a41cc18.wav,5.0,5.0,16000,0.008723116479814053,0.1296141201765022,812.2225365094445,1505.7575757575758,746.8788465730167,0.0292175505310297,160.0,1293.1705322265625,0.44920700788497925,0.2570827901363373,0.2937101721763611,0.11533864587545395,0.11060699075460434,0.5,9.4,0.06409375,8.9041241153609e-06,0.0010207503401960714,0.9707824494689703,intermittent_machinery_archetype
hf_shipsear_5eddcb65f165,hf_shipsear,surface_vessel,coarse,/mnt/data/subsim/dataset/hydrophone/raw/hf_shipsear/class_2/2_0_253_5eddcb65f165.wav,5.0,5.0,16000,0.007020891644060612,0.14398929986624834,884.8785070784339,1632.4242424242425,1077.4941524048418,0.09396594762802124,140.0,207.69496154785156,0.29856932163238525,0.4048113226890564,0.29661935567855835,0.052547045052051544,0.045945677906274796,0.5,9.0,0.08084374999999999,3.988873231719481e-06,0.0005681433973597586,0.9060340523719788,intermittent_machinery_archetype
hf_shipsear_b1a717b078d2,hf_shipsear,surface_vessel,coarse,/mnt/data/subsim/dataset/hydrophone/raw/hf_shipsear/class_2/2_0_712_b1a717b078d2.wav,5.0,5.0,16000,0.04240388795733452,0.3482293528669108,2417.5649929315323,4738.080808080808,2082.990684420165,0.26855725049972534,20.0,150.8517303466797,0.3073800802230835,0.1188051700592041,0.5738148093223572,0.17541447281837463,0.09768224507570267,1.0,15.2,0.0631875,0.00011557009565876797,0.002725459886421867,0.7314427495002747,intermittent_machinery_archetype
hf_shipsear_33e184a9dcdf,hf_shipsear,surface_vessel,coarse,/mnt/data/subsim/dataset/hydrophone/raw/hf_shipsear/class_2/2_0_715_33e184a9dcdf.wav,5.0,5.0,16000,0.050200916826725006,0.35879198489981123,2525.351162702343,5067.474747474747,2178.947798185355,0.2444131225347519,130.0,91.3165054321289,0.3063915967941284,0.11153563857078552,0.5820728540420532,0.09966769069433212,0.05491600185632706,14.0,14.8,0.0661875,0.0001635639782762155,0.0032581870733062435,0.7555868774652481,intermittent_machinery_archetype
hf_shipsear_dc703eca4b4c,hf_shipsear,surface_vessel,coarse,/mnt/data/subsim/dataset/hydrophone/raw/hf_shipsear/class_2/2_0_26_dc703eca4b4c.wav,5.0,5.0,16000,0.059333715587854385,0.20020250253128163,1421.156981535246,2135.959595959596,871.1684048076809,0.08179789781570435,1330.0,66.3912582397461,0.026333674788475037,0.2766307294368744,0.697035551071167,0.16207748651504517,0.09584356099367142,14.5,14.8,0.063,0.0001757125573931262,0.0029614285174841323,0.9182021021842957,intermittent_machinery_archetype
hf_shipsear_bd0d0f94cd5e,hf_shipsear,surface_vessel,coarse,/mnt/data/subsim/dataset/hydrophone/raw/hf_shipsear/class_2/2_0_659_bd0d0f94cd5e.wav,5.0,5.0,16000,0.1033247783780098,0.2619282741034263,1676.8456593259984,3585.151515151515,1641.811848091348,0.17047667503356934,20.0,218.04400634765625,0.33199775218963623,0.2450965791940689,0.42290571331977844,0.1315642148256302,0.07347936183214188,0.5,14.6,0.06418750000000001,0.0008131018839776516,0.007869379414442872,0.8295233249664307,intermittent_machinery_archetype
hf_shipsear_0ea6cc01630a,hf_shipsear,surface_vessel,coarse,/mnt/data/subsim/dataset/hydrophone/raw/hf_shipsear/class_2/2_0_686_0ea6cc01630a.wav,5.0,5.0,16000,0.09388703107833862,0.07132589157364468,389.0876569516154,422.52525252525254,598.9093679423786,0.025631055235862732,170.0,2665.237060546875,0.30829206109046936,0.6420753002166748,0.049632586538791656,0.2280956357717514,0.1201285719871521,3.0,15.0,0.06534375,0.0011084455763921142,0.011806162828340258,0.9743689447641373,intermittent_machinery_archetype
hf_shipsear_e82ed92bcb56,hf_shipsear,surface_vessel,coarse,/mnt/data/subsim/dataset/hydrophone/raw/hf_shipsear/class_2/2_0_770_e82ed92bcb56.wav,5.0,5.0,16000,0.04539401829242706,0.16170202127526595,878.73770613441,1402.9292929292928,1382.5416186528294,0.11928083747625351,20.0,277.715087890625,0.3398280143737793,0.500048041343689,0.16012391448020935,0.09409249573945999,0.05106547474861145,1.0,14.8,0.0653125,0.00016402783512603492,0.0036134239992978486,0.8807191625237465,intermittent_machinery_archetype
hf_shipsear_194fbe91dc2b,hf_shipsear,surface_vessel,coarse,/mnt/data/subsim/dataset/hydrophone/raw/hf_shipsear/class_2/2_0_25_194fbe91dc2b.wav,5.0,5.0,16000,0.05820151045918465,0.19166489581119764,1304.5238213602483,2082.3232323232323,913.0466442053521,0.08149707317352295,620.0,71.71849822998047,0.025164801627397537,0.39280956983566284,0.5820255875587463,0.16087916493415833,0.09370175749063492,14.5,14.6,0.0660625,0.00016923111979849637,0.002907675736599079,0.918502926826477,intermittent_machinery_archetype
hf_shipsear_5d985981755e,hf_shipsear,surface_vessel,coarse,/mnt/data/subsim/dataset/hydrophone/raw/hf_shipsear/class_2/2_0_382_5d985981755e.wav,5.0,5.0,16000,0.005702818278223276,0.1437767972099651,1142.3552255484494,1941.2121212121212,1204.9623646718996,0.11288424581289291,460.0,89.99063110351562,0.07278193533420563,0.5542389154434204,0.37297895550727844,0.02077288180589676,0.016574759036302567,8.5,13.8,0.068,2.8809245122829452e-06,0.0005051755765704193,0.8871157541871071,intermittent_machinery_archetype
hf_shipsear_5854e85406cf,hf_shipsear,surface_vessel,coarse,/mnt/data/subsim/dataset/hydrophone/raw/hf_shipsear/class_2/2_0_506_5854e85406cf.wav,5.0,5.0,16000,0.03256302699446678,0.1432017900223753,755.8622308018699,1404.141414141414,1147.8248071480273,0.08270569890737534,220.0,568.3212280273438,0.2085626870393753,0.6106084585189819,0.18082880973815918,0.2509923279285431,0.13360469043254852,0.5,14.8,0.0659375,0.00012027454795315862,0.0036935923668859924,0.9172943010926247,intermittent_machinery_archetype
hf_shipsear_991c9cfc69e6,hf_shipsear,surface_vessel,coarse,/mnt/data/subsim/dataset/hydrophone/raw/hf_shipsear/class_2/2_0_588_991c9cfc69e6.wav,5.0,5.0,16000,0.17844228446483612,0.22802785034812936,1276.473149706073,3150.40404040404,1743.807760585244,0.16227371990680695,230.0,163.34231567382812,0.2131521850824356,0.473661333322525,0.3131864070892334,0.2264443188905716,0.12150800973176956,8.5,15.8,0.05846875,0.0030885052401572466,0.0173081467175935,0.837726280093193,intermittent_machinery_archetype
hf_shipsear_9b0064de29ad,hf_shipsear,surface_vessel,coarse,/mnt/data/subsim/dataset/hydrophone/raw/hf_shipsear/class_2/2_0_695_9b0064de29ad.wav,5.0,5.0,16000,0.049415476620197296,0.09338866735834198,505.25130942883254,650.6060606060606,840.6704595741276,0.0519215352833271,20.0,893.9921264648438,0.26870566606521606,0.6527962684631348,0.07849804311990738,0.1141878142952919,0.06195950508117676,0.5,14.8,0.06525,0.00024884651065804064,0.005035801082434471,0.9480784647166729,intermittent_machinery_archetype
hf_shipsear_7a2c8bba35ca,hf_shipsear,surface_vessel,coarse,/mnt/data/subsim/dataset/hydrophone/raw/hf_shipsear/class_3/3_0_174_7a2c8bba35ca.wav,5.0,5.0,16000,0.08280476927757263,0.15798947486843584,945.0830507733058,1675.3535353535353,1107.3111755051593,0.09844920784235,20.0,595.616943359375,0.28243905305862427,0.41109535098075867,0.30646562576293945,0.2018272578716278,0.11237221956253052,0.5,13.6,0.0790625,0.0003888161154463887,0.00469557633979185,0.90155079215765,intermittent_machinery_archetype
hf_shipsear_c5094f3200b5,hf_shipsear,surface_vessel,coarse,/mnt/data/subsim/dataset/hydrophone/raw/hf_shipsear/class_3/3_1_53_c5094f3200b5.wav,5.0,5.0,16000,0.031731583178043365,0.10846385579819748,621.6691500702563,1029.6969696969697,765.134644884329,0.04058046638965607,230.0,432.6927795410156,0.25959616899490356,0.5577473640441895,0.18265634775161743,0.20763333141803741,0.11402836441993713,10.0,14.2,0.06725,8.255341526819393e-05,0.0026016166543721356,0.9594195336103439,intermittent_machinery_archetype
hf_shipsear_ed19f1c35880,hf_shipsear,surface_vessel,coarse,/mnt/data/subsim/dataset/hydrophone/raw/hf_shipsear/class_3/3_0_80_ed19f1c35880.wav,5.0,5.0,16000,0.031195087358355522,0.05980074750934387,302.27846521617835,372.22222222222223,449.6066916354123,0.013813155703246593,120.0,5491.8447265625,0.5134851336479187,0.447836309671402,0.03867847099900246,0.2543441355228424,0.13798414170742035,2.0,15.0,0.0650625,0.00011686902143992484,0.0037463918627198647,0.9861868442967534,intermittent_machinery_archetype
hf_shipsear_8cf1d322fb15,hf_shipsear,surface_vessel,coarse,/mnt/data/subsim/dataset/hydrophone/raw/hf_shipsear/class_3/3_0_40_8cf1d322fb15.wav,5.0,5.0,16000,0.0446525514125824,0.08537606720084001,414.8113125649924,452.72727272727275,633.7504486494412,0.023991171270608902,190.0,4088.028076171875,0.3733072876930237,0.5541484355926514,0.07254429906606674,0.21283330023288727,0.11667072772979736,1.5,14.6,0.06371874999999999,0.00025729218032211065,0.005762093591002453,0.9760088287293911,intermittent_machinery_archetype
hf_shipsear_ef6454b10cb2,hf_shipsear,surface_vessel,coarse,/mnt/data/subsim/dataset/hydrophone/raw/hf_shipsear/class_3/3_1_300_ef6454b10cb2.wav,5.0,5.0,16000,0.06766966730356216,0.11435142939286741,708.544282055736,1222.3232323232323,683.6439671435301,0.03530527278780937,590.0,495.58056640625,0.13420309126377106,0.6299374103546143,0.23585955798625946,0.22830644249916077,0.12112627178430557,5.0,15.2,0.0616875,0.00031379194115288556,0.004637113697346791,0.9646947272121906,intermittent_machinery_archetype
hf_shipsear_db439526f062,hf_shipsear,surface_vessel,coarse,/mnt/data/subsim/dataset/hydrophone/raw/hf_shipsear/class_3/3_1_75_db439526f062.wav,5.0,5.0,16000,0.04888702556490898,0.175027187839848,1090.0781730128401,1959.1919191919192,1110.337833165198,0.11496969312429428,230.0,99.56391906738281,0.04733097180724144,0.6023851037025452,0.3502839505672455,0.2014480084180832,0.10839727520942688,10.0,15.6,0.059125,0.00014114784426055849,0.002887225038272464,0.8850303068757057,intermittent_machinery_archetype
hf_shipsear_b6d1a119acc6,hf_shipsear,surface_vessel,coarse,/mnt/data/subsim/dataset/hydrophone/raw/hf_shipsear/class_3/3_1_122_b6d1a119acc6.wav,5.0,5.0,16000,0.010859445668756962,0.06140076750959387,325.08624209452546,378.989898989899,525.7713525076526,0.018202893435955048,240.0,5986.81591796875,0.35002264380455017,0.6169884204864502,0.03298887237906456,0.15874908864498138,0.08228444308042526,8.0,14.2,0.06759375000000001,1.1678986084007192e-05,0.0010754679786770895,0.981797106564045,intermittent_machinery_archetype
hf_shipsear_c221872142f4,hf_shipsear,surface_vessel,coarse,/mnt/data/subsim/dataset/hydrophone/raw/hf_shipsear/class_3/3_1_21_c221872142f4.wav,5.0,5.0,16000,0.05379248410463333,0.12050150626882836,554.8856311655754,742.929292929293,937.089181573817,0.05003141611814499,170.0,740.1464233398438,0.44247952103614807,0.45244598388671875,0.10507452487945557,0.25338050723075867,0.13630452752113342,2.5,14.8,0.0638125,0.000307081441860646,0.005708630991229636,0.949968583881855,intermittent_machinery_archetype
hf_shipsear_b7e5e44c55ea,hf_shipsear,surface_vessel,coarse,/mnt/data/subsim/dataset/hydrophone/raw/hf_shipsear/class_3/3_1_270_b7e5e44c55ea.wav,5.0,5.0,16000,0.10139568150043488,0.09600120001500019,503.91420791405113,728.0808080808081,707.0036745716408,0.037740208208560944,60.0,849.717529296875,0.3201579451560974,0.5792096257209778,0.1006324291229248,0.14011353254318237,0.07416310906410217,5.0,14.8,0.061625,0.0009209099807776511,0.009082339278567983,0.9622597917914391,intermittent_machinery_archetype
hf_shipsear_1961782e0d81,hf_shipsear,surface_vessel,coarse,/mnt/data/subsim/dataset/hydrophone/raw/hf_shipsear/class_3/3_1_180_1961782e0d81.wav,5.0,5.0,16000,0.07174894213676453,0.09902623782797285,445.355200725028,546.1616161616162,831.779007931581,0.047749947756528854,130.0,949.5078125,0.5567178726196289,0.3619166910648346,0.08136554807424545,0.23377534747123718,0.12450353801250458,7.5,14.4,0.067875,0.0006297315703704953,0.00877687602921522,0.9522500522434711,intermittent_machinery_archetype
hf_shipsear_17fc638cf684,hf_shipsear,surface_vessel,coarse,/mnt/data/subsim/dataset/hydrophone/raw/hf_shipsear/class_3/3_0_151_17fc638cf684.wav,5.0,5.0,16000,0.07680989056825638,0.052463155789447366,292.0822263754112,389.5959595959596,332.98857556255604,0.005847051739692688,160.0,16163.5478515625,0.48350903391838074,0.48756179213523865,0.028929146006703377,0.2025105506181717,0.11793246865272522,1.0,15.0,0.06337499999999999,0.0007043408113531768,0.009169923380089979,0.9941529482603073,intermittent_machinery_archetype
hf_shipsear_8bd534e5bed2,hf_shipsear,surface_vessel,coarse,/mnt/data/subsim/dataset/hydrophone/raw/hf_shipsear/class_3/3_0_122_8bd534e5bed2.wav,5.0,5.0,16000,0.1745331585407257,0.04698808735109189,255.15952578991258,300.0,323.47149532629146,0.005563024431467056,120.0,11069.6748046875,0.48073288798332214,0.4912091791629791,0.028057923540472984,0.2846311032772064,0.151250422000885,1.5,14.6,0.06590625,0.003914245404303074,0.0224269441807374,0.9944369755685329,intermittent_machinery_archetype
hf_shipsear_a30f5c592fdb,hf_shipsear,surface_vessel,coarse,/mnt/data/subsim/dataset/hydrophone/raw/hf_shipsear/class_3/3_1_277_a30f5c592fdb.wav,5.0,5.0,16000,0.13084684312343597,0.09800122501531269,587.8216728531503,905.8585858585859,612.8748614132328,0.028688622638583183,430.0,1301.878173828125,0.16950179636478424,0.7055919170379639,0.12490632385015488,0.27063193917274475,0.14076372981071472,18.0,14.6,0.0666875,0.0015359846875071526,0.011738798207354713,0.9713113773614168,intermittent_machinery_archetype
hf_shipsear_2af5d216806f,hf_shipsear,surface_vessel,coarse,/mnt/data/subsim/dataset/hydrophone/raw/hf_shipsear/class_3/3_1_174_2af5d216806f.wav,5.0,5.0,16000,0.06713791191577911,0.132339154239428,660.7159933264887,1149.1919191919192,1071.3515178644557,0.07897276431322098,230.0,417.1103820800781,0.3420165181159973,0.5052967071533203,0.15268680453300476,0.1715320497751236,0.093180350959301,0.5,14.0,0.06925,0.00045860878890380263,0.006830846772122906,0.921027235686779,intermittent_machinery_archetype
hf_shipsear_2b2c9f111111,hf_shipsear,surface_vessel,coarse,/mnt/data/subsim/dataset/hydrophone/raw/hf_shipsear/class_3/3_0_48_2b2c9f111111.wav,5.0,5.0,16000,0.07170215249061584,0.07997599969999625,339.0084920203026,363.5353535353535,660.7714277163268,0.023062748834490776,160.0,1763.4268798828125,0.6509286165237427,0.30272698402404785,0.04634442925453186,0.2610390782356262,0.13734500110149384,10.0,15.6,0.0615,0.0006609280244447291,0.009217687356345565,0.9769372511655092,intermittent_machinery_archetype
hf_shipsear_899bf43b0798,hf_shipsear,surface_vessel,coarse,/mnt/data/subsim/dataset/hydrophone/raw/hf_shipsear/class_3/3_1_23_899bf43b0798.wav,5.0,5.0,16000,0.07940270751714706,0.10078875985949824,446.70990724342846,549.5959595959596,794.5636839864374,0.03717489168047905,110.0,1056.9747314453125,0.5372684597969055,0.3799009919166565,0.08283063769340515,0.24061377346515656,0.12924443185329437,2.5,14.2,0.072125,0.0007458691252395511,0.00939349738255571,0.962825108319521,intermittent_machinery_archetype
hf_shipsear_3b0e8dc98f89,hf_shipsear,surface_vessel,coarse,/mnt/data/subsim/dataset/hydrophone/raw/hf_shipsear/class_3/3_1_204_3b0e8dc98f89.wav,5.0,5.0,16000,0.009381268173456192,0.06551331891648646,349.06940466080385,535.5555555555555,562.4378941314683,0.021817345172166824,240.0,2613.42919921875,0.429966002702713,0.5271720886230469,0.042861953377723694,0.08555996417999268,0.04494200274348259,9.0,15.2,0.060625,8.465476639685221e-06,0.000902380838310908,0.9781826548278332,intermittent_machinery_archetype
hf_shipsear_a58ddc0ad141,hf_shipsear,surface_vessel,coarse,/mnt/data/subsim/dataset/hydrophone/raw/hf_shipsear/class_3/3_0_30_a58ddc0ad141.wav,5.0,5.0,16000,0.0018260771175846457,0.04931311641395517,343.09658646008387,480.1010101010101,478.9107538014173,0.019302397966384888,140.0,861.4844360351562,0.4834724962711334,0.451063334941864,0.06546377390623093,0.040897857397794724,0.023266002535820007,8.5,13.8,0.06893750000000001,3.7285980170054245e-07,0.00020418622954409413,0.9806976020336151,intermittent_machinery_archetype
hf_shipsear_41fb22f32e70,hf_shipsear,surface_vessel,coarse,/mnt/data/subsim/dataset/hydrophone/raw/hf_shipsear/class_3/3_0_72_41fb22f32e70.wav,5.0,5.0,16000,0.021867990493774414,0.1938399229990375,1042.2834416989022,2350.2020202020203,1400.2453281438634,0.11506678909063339,310.0,319.4712829589844,0.20474833250045776,0.541920006275177,0.2533317804336548,0.24845610558986664,0.128368079662323,1.5,15.6,0.0613125,3.1473809940507635e-05,0.0014392639299906698,0.8849332109093666,intermittent_machinery_archetype
hf_shipsear_c450e0bfedce,hf_shipsear,surface_vessel,coarse,/mnt/data/subsim/dataset/hydrophone/raw/hf_shipsear/class_3/3_1_80_c450e0bfedce.wav,5.0,5.0,16000,0.04828177019953728,0.17032712908911363,1024.3402025377936,1863.1313131313132,1221.0771136030703,0.12792381644248962,230.0,140.13623046875,0.1119856908917427,0.6131521463394165,0.27486222982406616,0.20863203704357147,0.11111864447593689,0.5,14.8,0.06375,0.00014983002620283514,0.0031032421881078387,0.8720761835575104,intermittent_machinery_archetype
hf_shipsear_91392d86df11,hf_shipsear,surface_vessel,coarse,/mnt/data/subsim/dataset/hydrophone/raw/hf_shipsear/class_3/3_1_216_91392d86df11.wav,5.0,5.0,16000,0.028387537226080894,0.0904761309516369,496.83747957417535,758.6868686868687,643.9065417244584,0.028948914259672165,230.0,1194.7388916015625,0.25651365518569946,0.6340141892433167,0.10947201400995255,0.1848316341638565,0.10104112327098846,0.5,14.0,0.0669375,7.573595939902589e-05,0.002667929901533549,0.9710510857403278,intermittent_machinery_archetype
hf_shipsear_12b2d1cc7f2d,hf_shipsear,surface_vessel,coarse,/mnt/data/subsim/dataset/hydrophone/raw/hf_shipsear/class_3/3_1_220_12b2d1cc7f2d.wav,5.0,5.0,16000,0.01614070124924183,0.16518956486956088,837.1542537771046,1758.2828282828282,1469.2768939669766,0.10602812469005585,30.0,512.6808471679688,0.6752662062644958,0.1628258377313614,0.16190798580646515,0.04535909369587898,0.028551017865538597,1.0,14.2,0.06615625,3.537022348609753e-05,0.002191368450337162,0.8939718753099442,intermittent_machinery_archetype
hf_shipsear_e40c0509d519,hf_shipsear,surface_vessel,coarse,/mnt/data/subsim/dataset/hydrophone/raw/hf_shipsear/class_3/3_1_208_e40c0509d519.wav,5.0,5.0,16000,0.006334064994007349,0.10425130314128926,519.6805449579025,833.5353535353536,928.5973159469495,0.04703730344772339,100.0,390.3007507324219,0.4962043762207031,0.400439590215683,0.10335604101419449,0.06558581441640854,0.03650222718715668,1.0,13.8,0.07178124999999999,3.948095582018141e-06,0.0006233115045598865,0.9529626965522766,intermittent_machinery_archetype
hf_shipsear_819f25dc048c,hf_shipsear,surface_vessel,coarse,/mnt/data/subsim/dataset/hydrophone/raw/hf_shipsear/class_3/3_1_173_819f25dc048c.wav,5.0,5.0,16000,0.06978340446949005,0.12976412205152565,670.711171915728,1178.5858585858587,1098.5086011848507,0.08134331554174423,230.0,437.4892883300781,0.35392603278160095,0.49644169211387634,0.1496322900056839,0.18018026649951935,0.0966610386967659,3.0,15.2,0.0620625,0.0004767398932017386,0.00683170872529359,0.9186566844582558,intermittent_machinery_archetype
hf_shipsear_f16a34024a14,hf_shipsear,surface_vessel,coarse,/mnt/data/subsim/dataset/hydrophone/raw/hf_shipsear/class_3/3_0_103_f16a34024a14.wav,5.0,5.0,16000,0.10508135706186295,0.06136326704083801,318.5029088277576,467.17171717171715,468.08357168935476,0.015667462721467018,130.0,7178.97412109375,0.5879800319671631,0.37873411178588867,0.03328587859869003,0.22741486132144928,0.12682412564754486,2.0,14.6,0.0655625,0.0014218137366697192,0.013530599303348793,0.984332537278533,intermittent_machinery_archetype
hf_shipsear_193d8b75ec14,hf_shipsear,surface_vessel,coarse,/mnt/data/subsim/dataset/hydrophone/raw/hf_shipsear/class_3/3_1_73_193d8b75ec14.wav,5.0,5.0,16000,0.045500513166189194,0.16115201440018,984.6033543203757,1726.1616161616162,1049.8032648943765,0.09815080463886261,230.0,197.4643096923828,0.07744871079921722,0.6011931896209717,0.3213581442832947,0.09866475313901901,0.053936537355184555,4.0,14.8,0.06425,0.00013487067189998925,0.0029641571602591426,0.9018491953611374,intermittent_machinery_archetype
hf_shipsear_b02857f4a9d4,hf_shipsear,surface_vessel,coarse,/mnt/data/subsim/dataset/hydrophone/raw/hf_shipsear/class_3/3_1_106_b02857f4a9d4.wav,5.0,5.0,16000,0.05833057686686516,0.0454380679758497,275.55328571068287,357.07070707070704,273.7930920318457,0.0044786278158426285,240.0,20558.296875,0.3101310431957245,0.6737964749336243,0.016072383150458336,0.2664252817630768,0.14379818737506866,1.0,14.2,0.06478125,0.0004433046851772815,0.0075998680105888354,0.9955213721841574,intermittent_machinery_archetype
hf_shipsear_3711ce74e1aa,hf_shipsear,surface_vessel,coarse,/mnt/data/subsim/dataset/hydrophone/raw/hf_shipsear/class_3/3_1_55_3711ce74e1aa.wav,5.0,5.0,16000,0.023052429780364037,0.05333816672708409,313.03994557008286,500.7070707070707,361.83740584153645,0.007496173493564129,230.0,4633.4169921875,0.4363682270050049,0.5354674458503723,0.028164317831397057,0.18866659700870514,0.10086335986852646,13.0,14.6,0.06715625,5.539818084798753e-05,0.0024031384705820616,0.9925038265064359,intermittent_machinery_archetype
hf_shipsear_5cc8decb6de0,hf_shipsear,surface_vessel,coarse,/mnt/data/subsim/dataset/hydrophone/raw/hf_shipsear/class_3/3_0_135_5cc8decb6de0.wav,5.0,5.0,16000,0.05188276991248131,0.05591319891498644,294.02970561220394,380.4040404040404,398.9757054212751,0.010503233410418034,230.0,4579.50927734375,0.4025951027870178,0.563055694103241,0.034349337220191956,0.21898676455020905,0.12091626226902008,2.0,15.6,0.0603125,0.0003221870865672827,0.006209905274998917,0.989496766589582,intermittent_machinery_archetype
hf_shipsear_3dd18bf3c69a,hf_shipsear,surface_vessel,coarse,/mnt/data/subsim/dataset/hydrophone/raw/hf_shipsear/class_3/3_0_89_3dd18bf3c69a.wav,5.0,5.0,16000,0.07341057807207108,0.04332554156926961,229.19410140631865,283.6363636363636,303.24993215190557,0.005662449635565281,120.0,16139.060546875,0.7211930751800537,0.2563186287879944,0.022488288581371307,0.26752233505249023,0.1478925198316574,2.0,15.4,0.06303125,0.0007311267545446754,0.009959419660432721,0.9943375503644347,intermittent_machinery_archetype
hf_shipsear_6bca3b3e6de6,hf_shipsear,surface_vessel,coarse,/mnt/data/subsim/dataset/hydrophone/raw/hf_shipsear/class_3/3_1_142_6bca3b3e6de6.wav,5.0,5.0,16000,0.03146672248840332,0.09206365079563494,521.6361438238765,818.0808080808081,596.2468426834423,0.024262133985757828,230.0,780.75537109375,0.2532588839530945,0.6401267647743225,0.10661428421735764,0.26227959990501404,0.13928242027759552,10.0,15.0,0.061906249999999996,7.842341437935829e-05,0.002492265103420543,0.9757378660142422,intermittent_machinery_archetype
hf_shipsear_f4816343c7a4,hf_shipsear,surface_vessel,coarse,/mnt/data/subsim/dataset/hydrophone/raw/hf_shipsear/class_3/3_0_73_f4816343c7a4.wav,5.0,5.0,16000,0.022265030071139336,0.20592757409467619,1159.923878302697,2541.313131313131,1442.3106429777552,0.12893927097320557,310.0,235.2930450439453,0.2038346379995346,0.481496661901474,0.3146686851978302,0.25857263803482056,0.1349652111530304,2.5,14.8,0.065,3.243389801355079e-05,0.0014567192547445043,0.8710607290267944,intermittent_machinery_archetype
hf_shipsear_daf373898ae8,hf_shipsear,surface_vessel,coarse,/mnt/data/subsim/dataset/hydrophone/raw/hf_shipsear/class_3/3_1_191_daf373898ae8.wav,5.0,5.0,16000,0.03370494022965431,0.09806372579657245,517.4747623511835,815.2525252525253,775.0583732029297,0.025238769128918648,130.0,698.214111328125,0.441688597202301,0.4515547752380371,0.10675669461488724,0.18264949321746826,0.09816481918096542,0.5,15.2,0.0596875,0.00010375523561378941,0.0030783391070791765,0.9747612308710814,intermittent_machinery_archetype
hf_shipsear_6039beba7b38,hf_shipsear,surface_vessel,coarse,/mnt/data/subsim/dataset/hydrophone/raw/hf_shipsear/class_3/3_0_170_6039beba7b38.wav,5.0,5.0,16000,0.14365097880363464,0.12907661345766822,761.4217825968524,1264.2424242424242,1055.1213034899092,0.07966671884059906,20.0,809.055419921875,0.324752539396286,0.484152227640152,0.191095232963562,0.17452263832092285,0.0991714596748352,1.0,13.6,0.0789375,0.0013831794494763017,0.009628750607800772,0.9203332811594009,intermittent_machinery_archetype
hf_shipsear_902d73efa7ed,hf_shipsear,surface_vessel,coarse,/mnt/data/subsim/dataset/hydrophone/raw/hf_shipsear/class_3/3_0_109_902d73efa7ed.wav,5.0,5.0,16000,0.09236739575862885,0.0809510118876486,402.0817670895866,674.9494949494949,566.7059540614063,0.020198237150907516,110.0,3057.157470703125,0.47451430559158325,0.43831372261047363,0.0871719941496849,0.20815256237983704,0.11569886654615402,2.0,15.2,0.063875,0.000941285805311054,0.010190671692862247,0.9798017628490925,intermittent_machinery_archetype
hf_shipsear_213a0747fa30,hf_shipsear,surface_vessel,coarse,/mnt/data/subsim/dataset/hydrophone/raw/hf_shipsear/class_3/3_0_14_213a0747fa30.wav,5.0,5.0,16000,0.005650500301271677,0.17573969674620932,1105.2159498145302,1643.3333333333333,842.1246563472874,0.03500489145517349,1600.0,5222.5634765625,0.1822734773159027,0.22908915579319,0.5886372923851013,0.12680284678936005,0.060205958783626556,2.0,14.6,0.0648125,2.174896508222446e-06,0.000384903352247954,0.9649951085448265,intermittent_machinery_archetype
hf_shipsear_d37dcccb72f3,hf_shipsear,surface_vessel,coarse,/mnt/data/subsim/dataset/hydrophone/raw/hf_shipsear/class_3/3_1_238_d37dcccb72f3.wav,5.0,5.0,16000,0.18159432709217072,0.08123851548144352,349.31634221994875,302.52525252525254,734.5585275477117,0.028498971834778786,160.0,2844.655029296875,0.6862874627113342,0.25574102997779846,0.05797163397073746,0.2596128582954407,0.13427333533763885,8.0,14.6,0.06459375,0.004370724782347679,0.02406861961114671,0.9715010281652212,intermittent_machinery_archetype
hf_shipsear_e7afb45d8680,hf_shipsear,surface_vessel,coarse,/mnt/data/subsim/dataset/hydrophone/raw/hf_shipsear/class_3/3_0_121_e7afb45d8680.wav,5.0,5.0,16000,0.17853780090808868,0.05097563719546494,260.16909329947384,300.6060606060606,358.6488995375451,0.007083155680447817,210.0,5288.2802734375,0.5116993188858032,0.4577777683734894,0.030522886663675308,0.21138757467269897,0.1193411722779274,2.0,15.0,0.062875,0.004293195903301239,0.02404642535889266,0.9929168443195522,intermittent_machinery_archetype
hf_shipsear_6907676f5695,hf_shipsear,surface_vessel,coarse,/mnt/data/subsim/dataset/hydrophone/raw/hf_shipsear/class_3/3_0_180_6907676f5695.wav,5.0,5.0,16000,0.0757226049900055,0.1266265828322854,719.0590478951816,1276.060606060606,965.6831676898292,0.07678660750389099,20.0,3991.229736328125,0.5552356839179993,0.28565841913223267,0.15910594165325165,0.19076161086559296,0.12150158733129501,0.5,13.8,0.07515625000000001,0.0004421556950546801,0.005839150609084307,0.923213392496109,intermittent_machinery_archetype
hf_shipsear_804ea196b3f0,hf_shipsear,surface_vessel,coarse,/mnt/data/subsim/dataset/hydrophone/raw/hf_shipsear/class_3/3_0_155_804ea196b3f0.wav,5.0,5.0,16000,0.07540789246559143,0.04696308703858798,264.7639024634178,357.979797979798,308.18598991820437,0.0046326471492648125,160.0,22596.9765625,0.612751841545105,0.35813552141189575,0.02911262959241867,0.18513450026512146,0.10171829164028168,3.5,14.4,0.065875,0.00075966224540025,0.010074041596333025,0.9953673528507352,intermittent_machinery_archetype
hf_shipsear_37f1084ebece,hf_shipsear,surface_vessel,coarse,/mnt/data/subsim/dataset/hydrophone/raw/hf_shipsear/class_3/3_1_241_37f1084ebece.wav,5.0,5.0,16000,0.0813915804028511,0.11650145626820335,515.7246929493461,688.4848484848485,1018.4737792958543,0.0494421124458313,130.0,1018.3084716796875,0.6243506669998169,0.27826249599456787,0.09738686680793762,0.26636382937431335,0.13739299774169922,8.0,14.8,0.0639375,0.0008158762939274311,0.010024087133818908,0.9505578875541687,intermittent_machinery_archetype
hf_shipsear_ed050cb5215e,hf_shipsear,surface_vessel,coarse,/mnt/data/subsim/dataset/hydrophone/raw/hf_shipsear/class_3/3_1_225_ed050cb5215e.wav,5.0,5.0,16000,0.035774219781160355,0.04456305703821298,200.36208974972274,204.64646464646464,354.31620646060287,0.007798081263899803,130.0,13262.05859375,0.8457818627357483,0.13830971717834473,0.01590842381119728,0.26800206303596497,0.15086369216442108,8.0,14.4,0.0620625,0.00016184814739972353,0.004524155897326736,0.9922019187361002,intermittent_machinery_archetype
hf_shipsear_9e07ea31d7b9,hf_shipsear,surface_vessel,coarse,/mnt/data/subsim/dataset/hydrophone/raw/hf_shipsear/class_3/3_0_62_9e07ea31d7b9.wav,5.0,5.0,16000,0.013900694437325,0.24707808847610596,1474.2815547121393,3861.212121212121,1818.9801200964514,0.15181110799312592,310.0,443.3795166015625,0.16602371633052826,0.5120152831077576,0.321960985660553,0.06839925795793533,0.036269016563892365,2.5,15.8,0.060781249999999995,1.2253809472895227e-05,0.0008815249861985874,0.8481888920068741,intermittent_machinery_archetype
hf_shipsear_8d2404f1f25d,hf_shipsear,surface_vessel,coarse,/mnt/data/subsim/dataset/hydrophone/raw/hf_shipsear/class_3/3_1_126_8d2404f1f25d.wav,5.0,5.0,16000,0.007689430844038725,0.08058850735634196,412.3746422623098,649.89898989899,678.2106246723424,0.03224761784076691,70.0,945.7842407226562,0.475841760635376,0.46062520146369934,0.06353296339511871,0.0760907232761383,0.04121387377381325,1.0,14.6,0.06465625,5.733427769882837e-06,0.0007456244662870055,0.9677523821592331,intermittent_machinery_archetype
hf_shipsear_066477781e6c,hf_shipsear,surface_vessel,coarse,/mnt/data/subsim/dataset/hydrophone/raw/hf_shipsear/class_3/3_1_266_066477781e6c.wav,5.0,5.0,16000,0.07611525803804398,0.10603882548531857,558.4407944728497,855.5555555555555,790.8881925551726,0.04850710928440094,140.0,412.322998046875,0.3242006301879883,0.5532469749450684,0.1225523129105568,0.24008958041667938,0.12561459839344025,0.5,14.8,0.065875,0.0004885630332864821,0.0064187266242448976,0.9514928907155991,intermittent_machinery_archetype
hf_shipsear_b68d0595cbaf,hf_shipsear,ambient_soundscape,exact,/mnt/data/subsim/dataset/hydrophone/raw/hf_shipsear/class_4/4_0_127_b68d0595cbaf.wav,5.0,5.0,16000,0.0019317830447107553,0.13427667845848074,961.7216494509782,2128.3838383838383,1610.3839707217278,0.11287709325551987,20.0,713.2315063476562,0.6154133677482605,0.07063770294189453,0.3139486610889435,0.02996816486120224,0.021271739155054092,1.0,14.2,0.06621874999999999,5.580134825322602e-07,0.00028885929181915557,0.8871229067444801,
hf_shipsear_a3588c75d992,hf_shipsear,ambient_soundscape,exact,/mnt/data/subsim/dataset/hydrophone/raw/hf_shipsear/class_4/4_0_174_a3588c75d992.wav,5.0,5.0,16000,0.003406872972846031,0.1458143226790335,757.7093905700341,1586.1616161616162,1462.472571243285,0.11322066932916641,20.0,1936.310546875,0.7903114557266235,0.04727836325764656,0.16241003572940826,0.10733310878276825,0.0589870885014534,0.5,15.2,0.0618125,1.9136643913952867e-06,0.0005617069982022089,0.8867793306708336,
hf_shipsear_2ec878735d2d,hf_shipsear,ambient_soundscape,exact,/mnt/data/subsim/dataset/hydrophone/raw/hf_shipsear/class_4/4_0_80_2ec878735d2d.wav,5.0,5.0,16000,0.0032398514449596405,0.315103938799235,2404.954117991987,4911.010101010101,2190.5709418911097,0.313490092754364,130.0,91.20781707763672,0.30632516741752625,0.3158538341522217,0.3778209686279297,0.022279076278209686,0.02629893086850643,1.0,13.2,0.0708125,1.04839023151726e-06,0.00032359206865015006,0.686509907245636,
hf_shipsear_011ccb1ff0d6,hf_shipsear,ambient_soundscape,exact,/mnt/data/subsim/dataset/hydrophone/raw/hf_shipsear/class_4/4_0_140_011ccb1ff0d6.wav,5.0,5.0,16000,0.005950786639004946,0.38581732271653396,2761.126031831975,4859.49494949495,1851.6411059615762,0.3446275591850281,140.0,15.800041198730469,0.13211403787136078,0.17064547538757324,0.69724041223526,0.05810502916574478,0.03861498460173607,3.5,15.4,0.06284375,2.014679012063425e-06,0.0003385567545842562,0.6553724408149719,
hf_shipsear_4c9a9b1f04fe,hf_shipsear,ambient_soundscape,exact,/mnt/data/subsim/dataset/hydrophone/raw/hf_shipsear/class_4/4_0_34_4c9a9b1f04fe.wav,5.0,5.0,16000,0.010272270068526268,0.28602857535719195,2020.095764787664,3924.6464646464647,1755.929090882291,0.3065149784088135,130.0,37.206634521484375,0.07737226784229279,0.342349648475647,0.5802780389785767,0.13109564781188965,0.07750564068555832,1.0,14.4,0.0669375,6.91455807100283e-06,0.0006731285318827011,0.6934850215911865,
hf_shipsear_ee97c649af86,hf_shipsear,ambient_soundscape,exact,/mnt/data/subsim/dataset/hydrophone/raw/hf_shipsear/class_4/4_0_155_ee97c649af86.wav,5.0,5.0,16000,0.00016178766964003444,0.4601182514781435,3260.671233384378,5953.232323232323,2299.046714642987,0.4940453767776489,100.0,24.60645294189453,0.1389920562505722,0.17239896953105927,0.6885584592819214,0.027738699689507484,0.025585278868675232,9.5,14.6,0.0660625,1.4323019437156859e-09,8.852973394384616e-06,0.5059546232223511,
hf_shipsear_ff725ecc987d,hf_shipsear,ambient_soundscape,exact,/mnt/data/subsim/dataset/hydrophone/raw/hf_shipsear/class_4/4_0_97_ff725ecc987d.wav,5.0,5.0,16000,0.0002394206094322726,0.27737846723084036,2490.72541853489,4673.636363636364,2041.6479390575162,0.4129737615585327,310.0,126.3778076171875,0.17135979235172272,0.601263701915741,0.22734971344470978,0.03147386014461517,0.04366346821188927,1.5,13.8,0.072625,4.922970031628893e-09,2.0562014367687464e-05,0.5870262384414673,
hf_shipsear_9244691a276f,hf_shipsear,ambient_soundscape,exact,/mnt/data/subsim/dataset/hydrophone/raw/hf_shipsear/class_4/4_0_51_9244691a276f.wav,5.0,5.0,16000,0.009903780184686184,0.3051538144226803,2189.5726200389313,4302.323232323232,1885.6904733140343,0.336533784866333,320.0,13.696199417114258,0.06665432453155518,0.30788278579711914,0.6254628896713257,0.05371164530515671,0.0344083271920681,0.5,14.8,0.0639375,5.335269634088036e-06,0.0005387104251161629,0.663466215133667,
hf_shipsear_2cb7fbb439e4,hf_shipsear,ambient_soundscape,exact,/mnt/data/subsim/dataset/hydrophone/raw/hf_shipsear/class_4/4_0_165_2cb7fbb439e4.wav,5.0,5.0,16000,0.00015536442515440285,0.39860498256228205,2774.5958503527654,5325.656565656565,2116.7152412986716,0.4741643965244293,110.0,22.25287628173828,0.17926724255084991,0.206222802400589,0.6144542694091797,0.06643172353506088,0.05637228488922119,8.0,15.0,0.06346874999999999,1.5093335470339753e-09,9.714794978446246e-06,0.5258356034755707,
hf_shipsear_5f0608edd258,hf_shipsear,ambient_soundscape,exact,/mnt/data/subsim/dataset/hydrophone/raw/hf_shipsear/class_4/4_0_9_5f0608edd258.wav,5.0,5.0,16000,0.012573937885463238,0.2606282578532232,1837.901870283028,3649.59595959596,1690.5144579272903,0.2627914845943451,160.0,88.9055404663086,0.18375985324382782,0.3809915781021118,0.43524858355522156,0.07931998372077942,0.06842274963855743,0.5,14.4,0.0649375,1.4939592801965773e-05,0.0011881395420323601,0.7372085154056549,
hf_shipsear_7f788af49396,hf_shipsear,ambient_soundscape,exact,/mnt/data/subsim/dataset/hydrophone/raw/hf_shipsear/class_4/4_0_223_7f788af49396.wav,5.0,5.0,16000,0.0054605272598564625,0.1768397104963812,902.1950281375979,1931.6161616161617,1441.5640418624653,0.14914584159851074,10.0,1896.2027587890625,0.7582312822341919,0.07582928985357285,0.1659393012523651,0.27830177545547485,0.14532415568828583,0.5,15.2,0.06225,3.5424243378656683e-06,0.0006487330194758615,0.8508541584014893,
hf_shipsear_d8007d4068cb,hf_shipsear,ambient_soundscape,exact,/mnt/data/subsim/dataset/hydrophone/raw/hf_shipsear/class_4/4_0_21_d8007d4068cb.wav,5.0,5.0,16000,0.011099494062364101,0.22792784909811373,1570.7293021155128,3092.626262626263,1551.419608932714,0.2166806012392044,310.0,22.5313777923584,0.034297846257686615,0.48694002628326416,0.47876212000846863,0.032830119132995605,0.025073759257793427,0.5,14.8,0.068,8.15190560388146e-06,0.0007344393859165443,0.7833193987607956,
hf_shipsear_40c3e4a427d7,hf_shipsear,ambient_soundscape,exact,/mnt/data/subsim/dataset/hydrophone/raw/hf_shipsear/class_4/4_0_198_40c3e4a427d7.wav,5.0,5.0,16000,0.013817926868796349,0.10437630470380879,508.73958201095775,896.060606060606,1129.215368129951,0.07349082082509995,20.0,3308.99853515625,0.8611277341842651,0.0331798754632473,0.10569250583648682,0.07726872712373734,0.04144701734185219,3.0,15.0,0.06059375,3.4714044886641204e-05,0.0025122469682858314,0.9265091791749,
hf_shipsear_d2b4cad27ebf,hf_shipsear,ambient_soundscape,exact,/mnt/data/subsim/dataset/hydrophone/raw/hf_shipsear/class_4/4_0_120_d2b4cad27ebf.wav,5.0,5.0,16000,0.0018897777190431952,0.10751384392304904,651.318466668031,1252.9292929292928,1381.7212463537498,0.07968723773956299,20.0,1871.7237548828125,0.7409624457359314,0.12104123830795288,0.13799600303173065,0.07084252685308456,0.03969699144363403,8.5,14.4,0.0658125,5.743061137764016e-07,0.00030390141003634784,0.920312762260437,
hf_shipsear_cb118c0a99ac,hf_shipsear,ambient_soundscape,exact,/mnt/data/subsim/dataset/hydrophone/raw/hf_shipsear/class_4/4_0_175_cb118c0a99ac.wav,5.0,5.0,16000,0.0041312407702207565,0.1718521481518519,963.3356871444622,2154.1414141414143,1616.01257215737,0.1316038817167282,20.0,928.119384765625,0.6237546801567078,0.10571880638599396,0.2705264091491699,0.13587091863155365,0.07524818181991577,0.5,13.8,0.067125,2.4222995307354722e-06,0.0005863370509919946,0.8683961182832718,
hf_shipsear_aed71de2b76d,hf_shipsear,ambient_soundscape,exact,/mnt/data/subsim/dataset/hydrophone/raw/hf_shipsear/class_4/4_0_103_aed71de2b76d.wav,5.0,5.0,16000,0.00015888972848188132,0.4075800947511844,3084.0057739400636,5748.484848484848,2341.8346588022587,0.4849017262458801,110.0,22.511699676513672,0.14989350736141205,0.1418846696615219,0.7081764340400696,0.010110308416187763,0.013057018630206585,1.5,13.8,0.06659375000000001,2.120661646287658e-09,1.3346750939804978e-05,0.5150982737541199,
hf_shipsear_1efb41b5d5e5,hf_shipsear,ambient_soundscape,exact,/mnt/data/subsim/dataset/hydrophone/raw/hf_shipsear/class_4/4_0_48_1efb41b5d5e5.wav,5.0,5.0,16000,0.01692066714167595,0.28611607645095566,2028.5141321007907,3886.6666666666665,1752.5063405851574,0.29896408319473267,250.0,18.555498123168945,0.020734434947371483,0.37293410301208496,0.6063315272331238,0.11503121256828308,0.06725212186574936,0.5,14.8,0.0655,1.4259568160923664e-05,0.0008427308474710979,0.7010359168052673,
hf_shipsear_f8c6a616f8d8,hf_shipsear,ambient_soundscape,exact,/mnt/data/subsim/dataset/hydrophone/raw/hf_shipsear/class_4/4_0_156_f8c6a616f8d8.wav,5.0,5.0,16000,0.00016633537597954273,0.42918036475455945,2988.437122392126,5673.939393939394,2241.953697496557,0.4719960391521454,90.0,24.941640853881836,0.160319522023201,0.2513076663017273,0.5883281826972961,0.038390930742025375,0.03030487336218357,11.5,14.8,0.0620625,2.28783703093427e-09,1.375436225581553e-05,0.5280039608478546,
hf_shipsear_70527245b4aa,hf_shipsear,ambient_soundscape,exact,/mnt/data/subsim/dataset/hydrophone/raw/hf_shipsear/class_4/4_0_172_70527245b4aa.wav,5.0,5.0,16000,0.0035506661515682936,0.14432680408505105,749.360003938071,1618.7878787878788,1437.7983834079057,0.11074855178594589,20.0,1594.4134521484375,0.7545716762542725,0.08303532749414444,0.16239289939403534,0.1276971399784088,0.07672577351331711,1.5,14.2,0.06759375000000001,2.127424522768706e-06,0.0005991620815237395,0.8892514482140541,
hf_shipsear_8ea04fd464d0,hf_shipsear,ambient_soundscape,exact,/mnt/data/subsim/dataset/hydrophone/raw/hf_shipsear/class_4/4_0_69_8ea04fd464d0.wav,5.0,5.0,16000,0.017749549821019173,0.32395404942561784,2344.5453571570824,4421.919191919192,1880.9393000939517,0.3411567509174347,520.0,11.427399635314941,0.019423246383666992,0.2868105471134186,0.693766176700592,0.16907459497451782,0.10915043205022812,0.5,14.8,0.0646875,1.4500036741083022e-05,0.0008169241973165442,0.6588432490825653,
hf_shipsear_5be179585197,hf_shipsear,ambient_soundscape,exact,/mnt/data/subsim/dataset/hydrophone/raw/hf_shipsear/class_4/4_0_194_5be179585197.wav,5.0,5.0,16000,0.015112008899450302,0.1258515731446643,678.3515445606077,1358.888888888889,1332.6700526357242,0.10638228058815002,20.0,486.5283203125,0.5272294282913208,0.07232233136892319,0.4004482328891754,0.013623271137475967,0.012311209924519062,4.0,13.0,0.07621875,3.2034738978836685e-05,0.002119820017964794,0.89361771941185,
hf_shipsear_af6d40494172,hf_shipsear,ambient_soundscape,exact,/mnt/data/subsim/dataset/hydrophone/raw/hf_shipsear/class_4/4_0_105_af6d40494172.wav,5.0,5.0,16000,0.00017331287381239235,0.5005062563282041,3908.4509892487436,6603.131313131313,2314.280085401083,0.52506422996521,120.0,7.584317684173584,0.06951437890529633,0.0891442745923996,0.841292142868042,0.007229273207485676,0.010680761188268661,0.5,14.0,0.068125,1.326253440403491e-09,7.652365364310835e-06,0.47493577003479004,
hf_shipsear_323b3e2610fb,hf_shipsear,ambient_soundscape,exact,/mnt/data/subsim/dataset/hydrophone/raw/hf_shipsear/class_4/4_0_214_323b3e2610fb.wav,5.0,5.0,16000,0.005658181384205818,0.20774009675120939,1124.58117053523,2568.5858585858587,1625.1887902202964,0.18250367045402527,10.0,1024.1094970703125,0.6399051547050476,0.09992799162864685,0.26016658544540405,0.14681042730808258,0.08072111755609512,0.5,14.6,0.06275,3.525446800267673e-06,0.0006230706582658332,0.8174963295459747,
hf_shipsear_57338c7d9028,hf_shipsear,ambient_soundscape,exact,/mnt/data/subsim/dataset/hydrophone/raw/hf_shipsear/class_4/4_0_44_57338c7d9028.wav,5.0,5.0,16000,0.013999835588037968,0.29206615082688536,2076.300128408416,3989.2929292929293,1768.2043166302633,0.3064882159233093,520.0,10.500551223754883,0.02774127572774887,0.334504634141922,0.6377541422843933,0.14607134461402893,0.08855399489402771,0.5,15.2,0.0618125,9.284750376536977e-06,0.00066320424389891,0.6935117840766907,
hf_shipsear_e2785a24512c,hf_shipsear,ambient_soundscape,exact,/mnt/data/subsim/dataset/hydrophone/raw/hf_shipsear/class_4/4_0_210_e2785a24512c.wav,5.0,5.0,16000,0.012911472469568253,0.1716396454955687,1159.9437321746123,2282.7272727272725,1514.0661172877942,0.1729285717010498,180.0,112.34362030029297,0.1642504185438156,0.5009040832519531,0.33484554290771484,0.06497123092412949,0.040668949484825134,4.5,14.8,0.0615,1.156804046331672e-05,0.0008959505191747966,0.8270714282989502,
hf_shipsear_03baa67dfe13,hf_shipsear,ambient_soundscape,exact,/mnt/data/subsim/dataset/hydrophone/raw/hf_shipsear/class_4/4_0_46_03baa67dfe13.wav,5.0,5.0,16000,0.012909241020679474,0.2767659595744947,1907.769826387502,3725.959595959596,1724.2351290607005,0.2944023609161377,240.0,24.845680236816406,0.03878322243690491,0.408901572227478,0.5523152351379395,0.10206592082977295,0.061898667365312576,0.5,15.2,0.0608125,8.531218554708175e-06,0.0006608613581837266,0.7055976390838623,
hf_shipsear_c66c5f0af641,hf_shipsear,ambient_soundscape,exact,/mnt/data/subsim/dataset/hydrophone/raw/hf_shipsear/class_4/4_0_217_c66c5f0af641.wav,5.0,5.0,16000,0.0054765730164945126,0.1755021937774222,924.5379284421,1986.8686868686868,1419.4234079229739,0.14301824569702148,10.0,1289.4500732421875,0.7157999277114868,0.08326565474271774,0.20093443989753723,0.040767643600702286,0.021428948268294334,0.5,14.8,0.064125,3.6709848245664034e-06,0.0006703069260356267,0.8569817543029785,
hf_shipsear_fbb0cb644c8c,hf_shipsear,ambient_soundscape,exact,/mnt/data/subsim/dataset/hydrophone/raw/hf_shipsear/class_4/4_0_66_fbb0cb644c8c.wav,5.0,5.0,16000,0.015346874482929707,0.33320416505206313,2414.254521269365,4573.838383838384,1900.7396652863797,0.35793134570121765,130.0,32.90080642700195,0.11689702421426773,0.2130873054265976,0.6700156331062317,0.1388619989156723,0.09012541174888611,0.5,14.2,0.06818750000000001,1.557966970722191e-05,0.0010151689012336664,0.6420686542987823,
hf_shipsear_3f79bc953a1a,hf_shipsear,ambient_soundscape,exact,/mnt/data/subsim/dataset/hydrophone/raw/hf_shipsear/class_4/4_0_143_3f79bc953a1a.wav,5.0,5.0,16000,0.006609584204852581,0.4126426580332254,3081.6147205860952,4992.727272727273,1760.9171301258714,0.33274513483047485,120.0,14.595335006713867,0.09324762225151062,0.0956154316663742,0.8111369013786316,0.09765611588954926,0.05780267342925072,7.5,15.0,0.062125,2.024524746957468e-06,0.00030630137750039014,0.6672548651695251,
hf_shipsear_4bf31d5975f8,hf_shipsear,ambient_soundscape,exact,/mnt/data/subsim/dataset/hydrophone/raw/hf_shipsear/class_4/4_0_205_4bf31d5975f8.wav,5.0,5.0,16000,0.018426813185214996,0.1419642745534319,746.1980820272452,1562.828282828283,1388.022791498957,0.11345554143190384,20.0,1712.1900634765625,0.8655185699462891,0.0488295815885067,0.08565180003643036,0.031004648655653,0.04173046723008156,1.5,14.4,0.066625,8.359734783880413e-05,0.0045367230347428105,0.8865444585680962,
hf_shipsear_2f253f6a4d26,hf_shipsear,ambient_soundscape,exact,/mnt/data/subsim/dataset/hydrophone/raw/hf_shipsear/class_4/4_0_89_2f253f6a4d26.wav,5.0,5.0,16000,0.0037243550177663565,0.31324141551769397,2284.837406628417,4707.070707070707,2169.7371423978907,0.3046090006828308,160.0,44.75983428955078,0.25112247467041016,0.2726392149925232,0.4762381911277771,0.02173079177737236,0.030539555475115776,2.5,14.8,0.0648125,8.320921551785432e-07,0.00022341912921452982,0.6953909993171692,
hf_shipsear_c6ce907b58ec,hf_shipsear,ambient_soundscape,exact,/mnt/data/subsim/dataset/hydrophone/raw/hf_shipsear/class_4/4_0_152_c6ce907b58ec.wav,5.0,5.0,16000,0.0001599867537152022,0.41844273053413167,2814.968219616699,5640.0,2257.0311760293703,0.4587179124355316,170.0,24.28045654296875,0.19802872836589813,0.2078307867050171,0.5940910577774048,0.05003523454070091,0.03987918794155121,2.0,14.4,0.062875,1.7846958355605125e-09,1.1155272439506067e-05,0.5412820875644684,
hf_shipsear_e81eec064a2e,hf_shipsear,ambient_soundscape,exact,/mnt/data/subsim/dataset/hydrophone/raw/hf_shipsear/class_4/4_0_206_e81eec064a2e.wav,5.0,5.0,16000,0.011521914042532444,0.19927749096863712,1496.4534051369492,3122.3232323232323,1696.40912832648,0.22610896825790405,180.0,46.302490234375,0.10159051418304443,0.43610262870788574,0.4623069167137146,0.056464679539203644,0.039187461137771606,5.5,14.2,0.06659375000000001,7.4577806117304135e-06,0.0006472692456785566,0.773891031742096,
hf_shipsear_30f43ad9180e,hf_shipsear,ambient_soundscape,exact,/mnt/data/subsim/dataset/hydrophone/raw/hf_shipsear/class_4/4_0_121_30f43ad9180e.wav,5.0,5.0,16000,0.001771742943674326,0.11047638095476194,614.9463509602739,1235.3535353535353,1359.3890357959401,0.08084370195865631,20.0,1860.6314697265625,0.7961419224739075,0.06326696276664734,0.1405905932188034,0.04332444816827774,0.024705937132239342,1.0,14.4,0.0695,4.60140284985755e-07,0.00025971052198564613,0.9191562980413437,
hf_shipsear_e9d4b967c267,hf_shipsear,ambient_soundscape,exact,/mnt/data/subsim/dataset/hydrophone/raw/hf_shipsear/class_4/4_0_107_e9d4b967c267.wav,5.0,5.0,16000,0.00015248381532728672,0.5125064063300792,4085.66029529477,6814.747474747474,2322.2215146549693,0.5027322769165039,100.0,13.495649337768555,0.12209415435791016,0.10058668255805969,0.7772613763809204,0.022166799753904343,0.022632895037531853,0.5,14.4,0.067875,1.2506778945819974e-09,8.20203694205541e-06,0.4972677230834961,
hf_shipsear_30dc2ef89db8,hf_shipsear,ambient_soundscape,exact,/mnt/data/subsim/dataset/hydrophone/raw/hf_shipsear/class_4/4_0_173_30dc2ef89db8.wav,5.0,5.0,16000,0.0035930383019149303,0.1337016712708909,689.2970621626098,1438.989898989899,1371.1078097985946,0.10027714818716049,20.0,2155.171630859375,0.7839560508728027,0.07340516895055771,0.14263856410980225,0.06430838257074356,0.035056859254837036,5.0,15.2,0.062375,2.0655811567849014e-06,0.0005748842574567473,0.8997228518128395,
hf_shipsear_c26d995d1638,hf_shipsear,ambient_soundscape,exact,/mnt/data/subsim/dataset/hydrophone/raw/hf_shipsear/class_4/4_0_70_c26d995d1638.wav,5.0,5.0,16000,0.01499446202069521,0.31570394629932874,2272.475838068552,4293.838383838384,1842.9088861817788,0.3403876721858978,550.0,11.477198600769043,0.031226539984345436,0.2708130180835724,0.697960376739502,0.12667812407016754,0.07962996512651443,0.5,14.8,0.062625,1.01884970717947e-05,0.000679484002630648,0.6596123278141022,
hf_shipsear_058fdf1c068b,hf_shipsear,ambient_soundscape,exact,/mnt/data/subsim/dataset/hydrophone/raw/hf_shipsear/class_4/4_0_221_058fdf1c068b.wav,5.0,5.0,16000,0.004533406812697649,0.23989049863123288,1434.1639849445535,3163.030303030303,1740.8488937995883,0.2365538477897644,10.0,649.19140625,0.5447826981544495,0.13720764219760895,0.3180095851421356,0.14951196312904358,0.0843963548541069,1.0,15.0,0.06493750000000001,1.800720269784506e-06,0.00039721126821083984,0.7634461522102356,
hf_shipsear_e7577e1efece,hf_shipsear,ambient_soundscape,exact,/mnt/data/subsim/dataset/hydrophone/raw/hf_shipsear/class_4/4_0_108_e7577e1efece.wav,5.0,5.0,16000,0.00012271774176042527,0.5035687946099326,3976.3250333813003,6925.959595959596,2456.7004298824713,0.5230743288993835,20.0,10.255961418151855,0.09417162090539932,0.12240049242973328,0.7833465933799744,0.031018437817692757,0.023921463638544083,2.0,15.2,0.0641875,6.6856686853356e-10,5.448004937955584e-06,0.47692567110061646,
hf_shipsear_6c0176d8030a,hf_shipsear,ambient_soundscape,exact,/mnt/data/subsim/dataset/hydrophone/raw/hf_shipsear/class_4/4_0_19_6c0176d8030a.wav,5.0,5.0,16000,0.010451184585690498,0.22482781034762936,1459.9212512596066,2831.4141414141413,1468.0567476224328,0.20246411859989166,110.0,88.51106262207031,0.18535670638084412,0.4408259093761444,0.37381744384765625,0.10599598288536072,0.07430920004844666,0.5,14.8,0.0634375,1.026671270665247e-05,0.0009823491893662512,0.7975358814001083,
hf_shipsear_8757419eb845,hf_shipsear,ambient_soundscape,exact,/mnt/data/subsim/dataset/hydrophone/raw/hf_shipsear/class_4/4_0_123_8757419eb845.wav,5.0,5.0,16000,0.0016441744519397616,0.15745196814960186,1072.8878364032128,2338.787878787879,1713.7081427436394,0.13373646140098572,20.0,631.4539184570312,0.5863242149353027,0.1902971714735031,0.22337797284126282,0.04448825493454933,0.034506186842918396,2.0,14.0,0.067875,3.301565243418736e-07,0.00020080382817745293,0.8662635385990143,
hf_shipsear_18f15af6a22e,hf_shipsear,ambient_soundscape,exact,/mnt/data/subsim/dataset/hydrophone/raw/hf_shipsear/class_4/4_0_118_18f15af6a22e.wav,5.0,5.0,16000,0.0014123145956546068,0.1778772234652933,1251.3042824871745,2739.2929292929293,1778.9878848272922,0.1630631983280182,20.0,500.0076599121094,0.5831441283226013,0.14496774971485138,0.27188748121261597,0.05098823830485344,0.03863179683685303,1.5,14.0,0.06825,2.4871630444067705e-07,0.00017610545485391077,0.8369368016719818,
hf_shipsear_4531a8504194,hf_shipsear,ambient_soundscape,exact,/mnt/data/subsim/dataset/hydrophone/raw/hf_shipsear/class_4/4_0_11_4531a8504194.wav,5.0,5.0,16000,0.0104460958391428,0.246803085038563,1656.4964671732691,3284.343434343434,1608.0284392457922,0.24283748865127563,160.0,49.0406494140625,0.18129920959472656,0.3779345452785492,0.440766304731369,0.07758866250514984,0.05982426926493645,0.5,14.4,0.068125,8.78842365636956e-06,0.0008413117963743878,0.7571625113487244,
hf_shipsear_bc9139882ade,hf_shipsear,ambient_soundscape,exact,/mnt/data/subsim/dataset/hydrophone/raw/hf_shipsear/class_4/4_0_7_bc9139882ade.wav,5.0,5.0,16000,0.010191291570663452,0.25432817910223876,1814.764320974767,3459.89898989899,1646.261362906908,0.2567984461784363,140.0,17.632375717163086,0.07834160327911377,0.362901896238327,0.5587565302848816,0.08628559857606888,0.05855999514460564,0.5,14.6,0.06709375000000001,5.947689260210609e-06,0.0005836050532346617,0.7432015538215637,
hf_shipsear_5bf1bd1acd3c,hf_shipsear,ambient_soundscape,exact,/mnt/data/subsim/dataset/hydrophone/raw/hf_shipsear/class_4/4_0_191_5bf1bd1acd3c.wav,5.0,5.0,16000,0.013304132036864758,0.13505168814610183,754.4865227676655,1623.7373737373737,1391.1411104149581,0.10730279237031937,20.0,1468.5440673828125,0.7347966432571411,0.06638551503419876,0.1988179236650467,0.057013578712940216,0.032988760620355606,1.5,14.6,0.0676875,3.0381121177924797e-05,0.002283585362160973,0.8926972076296806,
mbari_pacific_sound_2khz_f05446e02727,mbari_pacific_sound_2khz,ambient_soundscape,inferred,/mnt/data/subsim/dataset/hydrophone/raw/mbari_pacific_sound_2khz/mars_20200101t000000z_2khz_clip1_f05446e02727.wav,20.0,120.0,2000,0.00010409096285002306,0.07165179129478237,171.44447481239962,361.453634085213,220.18896630576782,0.3438118100166321,20.0,38.155914306640625,0.7314183115959167,0.266607403755188,0.0009872220689430833,0.2894735038280487,0.16840605437755585,0.5,13.25,0.0715,1.8946785806939204e-10,1.8202142728006842e-06,0.6561881899833679,
mbari_pacific_sound_2khz_7a7ec116cf88,mbari_pacific_sound_2khz,ambient_soundscape,inferred,/mnt/data/subsim/dataset/hydrophone/raw/mbari_pacific_sound_2khz/mars_20200101t000000z_2khz_clip2_7a7ec116cf88.wav,20.0,120.0,2000,0.00012260714720468968,0.0737518437960949,184.86754964474258,393.2581453634085,224.6787782465246,0.3108442425727844,20.0,39.68764114379883,0.6460756063461304,0.3523385226726532,0.0007929296116344631,0.3957664370536804,0.163655623793602,0.5,10.65,0.0745,2.436249257886658e-10,1.98703688452112e-06,0.6891557574272156,
mbari_pacific_sound_2khz_3bbc91fe2e4b,mbari_pacific_sound_2khz,ambient_soundscape,inferred,/mnt/data/subsim/dataset/hydrophone/raw/mbari_pacific_sound_2khz/mars_20200101t000000z_2khz_clip3_3bbc91fe2e4b.wav,20.0,120.0,2000,0.00013771175872534513,0.0400760019000475,147.6878323984492,323.30827067669173,219.01045726642744,0.3130969703197479,20.0,55.60295104980469,0.8046140670776367,0.19339634478092194,0.0009947973303496838,0.15439018607139587,0.09463956207036972,0.5,13.95,0.069,2.0622213658949562e-10,1.4974911147805303e-06,0.6869030296802521,
mbari_pacific_sound_2khz_3b1db6fb169a,mbari_pacific_sound_2khz,ambient_soundscape,inferred,/mnt/data/subsim/dataset/hydrophone/raw/mbari_pacific_sound_2khz/mars_20200615t000000z_2khz_clip1_3b1db6fb169a.wav,20.0,120.0,2000,6.304969429038465e-05,0.272356808920223,339.32273924834794,715.4887218045113,285.24313730111083,0.5373296737670898,20.0,6.352333068847656,0.4377746284008026,0.5610631704330444,0.0005811288137920201,0.2782512605190277,0.14829164743423462,0.5,13.8,0.066,1.9159998587703342e-10,3.0388725115100317e-06,0.46267032623291016,
mbari_pacific_sound_2khz_9fc47f5c01e0,mbari_pacific_sound_2khz,ambient_soundscape,inferred,/mnt/data/subsim/dataset/hydrophone/raw/mbari_pacific_sound_2khz/mars_20200615t000000z_2khz_clip2_9fc47f5c01e0.wav,20.0,120.0,2000,5.9940510254818946e-05,0.2849571239280982,336.50939550560463,711.3533834586466,284.93350553028995,0.5326662659645081,20.0,7.598480224609375,0.4411948025226593,0.5576542019844055,0.0005755444290116429,0.27409297227859497,0.14598757028579712,0.5,13.55,0.07,2.0534297873187057e-10,3.4257795676602927e-06,0.46733373403549194,
mbari_pacific_sound_2khz_8ba72f89af3a,mbari_pacific_sound_2khz,ambient_soundscape,inferred,/mnt/data/subsim/dataset/hydrophone/raw/mbari_pacific_sound_2khz/mars_20200615t000000z_2khz_clip3_8ba72f89af3a.wav,20.0,120.0,2000,5.894243440707214e-05,0.29588239705992647,345.48155604189293,720.952380952381,286.20089599037,0.5412536263465881,20.0,7.02711296081543,0.42787787318229675,0.5709816813468933,0.0005702517228201032,0.2529670000076294,0.13118979334831238,0.5,14.15,0.0665,2.0018681157196738e-10,3.396310488180951e-06,0.45874637365341187,
mbari_pacific_sound_2khz_29099e28d732,mbari_pacific_sound_2khz,ambient_soundscape,inferred,/mnt/data/subsim/dataset/hydrophone/raw/mbari_pacific_sound_2khz/mars_20210921t000000z_2khz_clip1_29099e28d732.wav,20.0,120.0,2000,7.037912291707471e-05,0.10000250006250157,117.99339889477166,219.9248120300752,204.6819206118898,0.2261837124824524,20.0,127.29305267333984,0.8796038627624512,0.11930590122938156,0.0005451141623780131,0.2958340644836426,0.16239552199840546,0.5,14.0,0.0675,4.122633900927042e-10,5.857751093612076e-06,0.7738162875175476,
mbari_pacific_sound_2khz_063779ef3a5d,mbari_pacific_sound_2khz,ambient_soundscape,inferred,/mnt/data/subsim/dataset/hydrophone/raw/mbari_pacific_sound_2khz/mars_20210921t000000z_2khz_clip2_063779ef3a5d.wav,20.0,120.0,2000,7.181616092566401e-05,0.10237755943898598,118.35915540659978,229.84962406015038,206.78076499430185,0.22617311775684357,20.0,136.3302001953125,0.8758922815322876,0.12299584597349167,0.0005559280980378389,0.2775422930717468,0.1546759158372879,0.5,14.15,0.0675,4.132407194212817e-10,5.75414653666708e-06,0.7738268822431564,
mbari_pacific_sound_2khz_49c3a5252ff6,mbari_pacific_sound_2khz,ambient_soundscape,inferred,/mnt/data/subsim/dataset/hydrophone/raw/mbari_pacific_sound_2khz/mars_20210921t000000z_2khz_clip3_49c3a5252ff6.wav,20.0,120.0,2000,7.058931078063324e-05,0.09190229755743894,115.6471170715816,219.17293233082708,205.13118430320134,0.2171931266784668,20.0,147.8220672607422,0.8773966431617737,0.12153498828411102,0.0005342475487850606,0.30845940113067627,0.15355001389980316,0.5,14.05,0.06825,4.2922201903827784e-10,6.080552539910702e-06,0.7828068733215332,
